{"credit":"Pologony Creation Co.,Ltd.","textures":{"0":"darkwitherset:chest","1":"darkwitherset:animations/soul_animation_sword_2","particle":"darkwitherset:chest"},"elements":[{"from":[0.75,8,0.75],"to":[15.25,9,15.25],"rotation":{"angle":0,"axis":"y","origin":[1,8,1]},"faces":{"north":{"uv":[10.93333,7.2,14.8,7.46667],"texture":"#0"},"east":{"uv":[3.2,12,7.06667,12.26667],"texture":"#0"},"south":{"uv":[12,9.6,15.86667,9.86667],"texture":"#0"},"west":{"uv":[12,10.13333,15.86667,10.4],"texture":"#0"},"up":{"uv":[3.86667,3.86667,0,0],"texture":"#0"},"down":{"uv":[3.86667,4.26667,0,8.13333],"texture":"#0"}}},{"from":[0.25,7.5,0.25],"to":[2.75,10,2.75],"rotation":{"angle":0,"axis":"y","origin":[0,7.75,0]},"faces":{"north":{"uv":[6.4,12.53333,7.06667,13.2],"texture":"#0"},"east":{"uv":[7.46667,12.53333,8.13333,13.2],"texture":"#0"},"south":{"uv":[8.53333,12.53333,9.2,13.2],"texture":"#0"},"west":{"uv":[9.6,12.53333,10.26667,13.2],"texture":"#0"},"up":{"uv":[11.33333,13.2,10.66667,12.53333],"texture":"#0"},"down":{"uv":[12.4,12.53333,11.73333,13.2],"texture":"#0"}}},{"from":[0.25,9,0.5],"to":[2.25,12,2.5],"rotation":{"angle":22.5,"axis":"z","origin":[0.25,9,0.5]},"faces":{"north":{"uv":[12.8,12.53333,13.33333,13.33333],"texture":"#0"},"east":{"uv":[13.33333,7.73333,13.86667,8.53333],"texture":"#0"},"south":{"uv":[3.2,13.6,3.73333,14.4],"texture":"#0"},"west":{"uv":[4,13.6,4.53333,14.4],"texture":"#0"},"up":{"uv":[10.13333,14.13333,9.6,13.6],"texture":"#0"}}},{"from":[-0.72753,11.70917,0.75],"to":[0.77247,14.20917,2.25],"rotation":{"angle":0,"axis":"z","origin":[-0.45253,13.30917,1.5]},"faces":{"north":{"uv":[9.6,14.4,10,15.06667],"texture":"#0"},"east":{"uv":[10.4,14.4,10.8,15.06667],"texture":"#0"},"south":{"uv":[11.2,14.4,11.6,15.06667],"texture":"#0"},"west":{"uv":[14.4,11.2,14.8,11.86667],"texture":"#0"},"up":{"uv":[14.26667,14.8,13.86667,14.4],"texture":"#0"}}},{"from":[0.17247,14.03417,1],"to":[1.17247,16.03417,2],"rotation":{"angle":-22.5,"axis":"z","origin":[0.02247,15.95917,1.5]},"faces":{"north":{"uv":[3.73333,10.4,4,10.93333],"texture":"#0"},"east":{"uv":[3.73333,11.2,4,11.73333],"texture":"#0"},"south":{"uv":[2.66667,13.86667,2.93333,14.4],"texture":"#0"},"west":{"uv":[1.06667,14.66667,1.33333,15.2],"texture":"#0"},"up":{"uv":[4.53333,14.93333,4.26667,14.66667],"texture":"#0"}}},{"from":[2.25,8.25,1.25],"to":[4.75,14.25,14.75],"rotation":{"angle":-22.5,"axis":"z","origin":[3.5,11.25,8]},"faces":{"north":{"uv":[1.06667,12,1.73333,13.6],"texture":"#0"},"east":{"uv":[8.26667,7.73333,11.86667,9.33333],"texture":"#0"},"south":{"uv":[2.13333,12,2.8,13.6],"texture":"#0"},"west":{"uv":[0,8.53333,3.6,10.13333],"texture":"#0"},"up":{"uv":[0.66667,15.6,0,12],"texture":"#0"}}},{"from":[3.75,9,1.75],"to":[12.25,13,14.25],"rotation":{"angle":0,"axis":"z","origin":[9.5,12,8]},"faces":{"north":{"uv":[8.26667,11.2,10.53333,12.26667],"texture":"#0"},"south":{"uv":[10.93333,11.2,13.2,12.26667],"texture":"#0"},"up":{"uv":[10.53333,7.33333,8.26667,4],"texture":"#0"}}},{"from":[15.22753,11.70917,0.75],"to":[16.72753,14.20917,2.25],"rotation":{"angle":0,"axis":"z","origin":[16.45253,13.30917,1.5]},"faces":{"north":{"uv":[10,14.4,9.6,15.06667],"texture":"#0"},"east":{"uv":[14.8,11.2,14.4,11.86667],"texture":"#0"},"south":{"uv":[11.6,14.4,11.2,15.06667],"texture":"#0"},"west":{"uv":[10.8,14.4,10.4,15.06667],"texture":"#0"},"up":{"uv":[13.86667,14.8,14.26667,14.4],"texture":"#0"}}},{"from":[13.75,9,0.5],"to":[15.75,12,2.5],"rotation":{"angle":-22.5,"axis":"z","origin":[15.75,9,0.5]},"faces":{"north":{"uv":[13.33333,12.53333,12.8,13.33333],"texture":"#0"},"east":{"uv":[4.53333,13.6,4,14.4],"texture":"#0"},"south":{"uv":[3.73333,13.6,3.2,14.4],"texture":"#0"},"west":{"uv":[13.86667,7.73333,13.33333,8.53333],"texture":"#0"},"up":{"uv":[9.6,14.13333,10.13333,13.6],"texture":"#0"}}},{"from":[13.25,7.5,0.25],"to":[15.75,10,2.75],"rotation":{"angle":0,"axis":"y","origin":[16,7.75,0]},"faces":{"north":{"uv":[7.06667,12.53333,6.4,13.2],"texture":"#0"},"east":{"uv":[10.26667,12.53333,9.6,13.2],"texture":"#0"},"south":{"uv":[9.2,12.53333,8.53333,13.2],"texture":"#0"},"west":{"uv":[8.13333,12.53333,7.46667,13.2],"texture":"#0"},"up":{"uv":[10.66667,13.2,11.33333,12.53333],"texture":"#0"},"down":{"uv":[11.73333,12.53333,12.4,13.2],"texture":"#0"}}},{"from":[14.82753,14.03417,1],"to":[15.82753,16.03417,2],"rotation":{"angle":22.5,"axis":"z","origin":[15.97753,15.95917,1.5]},"faces":{"north":{"uv":[4,10.4,3.73333,10.93333],"texture":"#0"},"east":{"uv":[1.33333,14.66667,1.06667,15.2],"texture":"#0"},"south":{"uv":[2.93333,13.86667,2.66667,14.4],"texture":"#0"},"west":{"uv":[4,11.2,3.73333,11.73333],"texture":"#0"},"up":{"uv":[4.26667,14.93333,4.53333,14.66667],"texture":"#0"}}},{"from":[0.25,7.5,13.25],"to":[2.75,10,15.75],"rotation":{"angle":0,"axis":"y","origin":[0,7.75,16]},"faces":{"north":{"uv":[9.2,12.53333,8.53333,13.2],"texture":"#0"},"east":{"uv":[8.13333,12.53333,7.46667,13.2],"texture":"#0"},"south":{"uv":[7.06667,12.53333,6.4,13.2],"texture":"#0"},"west":{"uv":[10.26667,12.53333,9.6,13.2],"texture":"#0"},"up":{"uv":[11.33333,12.53333,10.66667,13.2],"texture":"#0"},"down":{"uv":[12.4,13.2,11.73333,12.53333],"texture":"#0"}}},{"from":[0.25,9,13.5],"to":[2.25,12,15.5],"rotation":{"angle":22.5,"axis":"z","origin":[0.25,9,15.5]},"faces":{"north":{"uv":[3.73333,13.6,3.2,14.4],"texture":"#0"},"east":{"uv":[13.86667,7.73333,13.33333,8.53333],"texture":"#0"},"south":{"uv":[13.33333,12.53333,12.8,13.33333],"texture":"#0"},"west":{"uv":[4.53333,13.6,4,14.4],"texture":"#0"},"up":{"uv":[10.13333,13.6,9.6,14.13333],"texture":"#0"}}},{"from":[-0.72753,11.70917,13.75],"to":[0.77247,14.20917,15.25],"rotation":{"angle":0,"axis":"z","origin":[-0.45253,13.30917,14.5]},"faces":{"north":{"uv":[11.6,14.4,11.2,15.06667],"texture":"#0"},"east":{"uv":[10.8,14.4,10.4,15.06667],"texture":"#0"},"south":{"uv":[10,14.4,9.6,15.06667],"texture":"#0"},"west":{"uv":[14.8,11.2,14.4,11.86667],"texture":"#0"},"up":{"uv":[14.26667,14.4,13.86667,14.8],"texture":"#0"}}},{"from":[0.17247,14.03417,14],"to":[1.17247,16.03417,15],"rotation":{"angle":-22.5,"axis":"z","origin":[0.02247,15.95917,14.5]},"faces":{"north":{"uv":[2.93333,13.86667,2.66667,14.4],"texture":"#0"},"east":{"uv":[4,11.2,3.73333,11.73333],"texture":"#0"},"south":{"uv":[4,10.4,3.73333,10.93333],"texture":"#0"},"west":{"uv":[1.33333,14.66667,1.06667,15.2],"texture":"#0"},"up":{"uv":[4.53333,14.66667,4.26667,14.93333],"texture":"#0"}}},{"from":[15.22753,11.70917,13.75],"to":[16.72753,14.20917,15.25],"rotation":{"angle":0,"axis":"z","origin":[16.45253,13.30917,14.5]},"faces":{"north":{"uv":[11.2,14.4,11.6,15.06667],"texture":"#0"},"east":{"uv":[14.4,11.2,14.8,11.86667],"texture":"#0"},"south":{"uv":[9.6,14.4,10,15.06667],"texture":"#0"},"west":{"uv":[10.4,14.4,10.8,15.06667],"texture":"#0"},"up":{"uv":[13.86667,14.4,14.26667,14.8],"texture":"#0"}}},{"from":[13.75,9,13.5],"to":[15.75,12,15.5],"rotation":{"angle":-22.5,"axis":"z","origin":[15.75,9,15.5]},"faces":{"north":{"uv":[3.2,13.6,3.73333,14.4],"texture":"#0"},"east":{"uv":[4,13.6,4.53333,14.4],"texture":"#0"},"south":{"uv":[12.8,12.53333,13.33333,13.33333],"texture":"#0"},"west":{"uv":[13.33333,7.73333,13.86667,8.53333],"texture":"#0"},"up":{"uv":[9.6,13.6,10.13333,14.13333],"texture":"#0"}}},{"from":[13.25,7.5,13.25],"to":[15.75,10,15.75],"rotation":{"angle":0,"axis":"y","origin":[16,7.75,16]},"faces":{"north":{"uv":[8.53333,12.53333,9.2,13.2],"texture":"#0"},"east":{"uv":[9.6,12.53333,10.26667,13.2],"texture":"#0"},"south":{"uv":[6.4,12.53333,7.06667,13.2],"texture":"#0"},"west":{"uv":[7.46667,12.53333,8.13333,13.2],"texture":"#0"},"up":{"uv":[10.66667,12.53333,11.33333,13.2],"texture":"#0"},"down":{"uv":[11.73333,13.2,12.4,12.53333],"texture":"#0"}}},{"from":[14.82753,14.03417,14],"to":[15.82753,16.03417,15],"rotation":{"angle":22.5,"axis":"z","origin":[15.97753,15.95917,14.5]},"faces":{"north":{"uv":[2.66667,13.86667,2.93333,14.4],"texture":"#0"},"east":{"uv":[1.06667,14.66667,1.33333,15.2],"texture":"#0"},"south":{"uv":[3.73333,10.4,4,10.93333],"texture":"#0"},"west":{"uv":[3.73333,11.2,4,11.73333],"texture":"#0"},"up":{"uv":[4.26667,14.66667,4.53333,14.93333],"texture":"#0"}}},{"from":[11.25,8.25,1.25],"to":[13.75,14.25,14.75],"rotation":{"angle":22.5,"axis":"z","origin":[12.5,11.25,8]},"faces":{"north":{"uv":[1.73333,12,1.06667,13.6],"texture":"#0"},"east":{"uv":[3.6,8.53333,0,10.13333],"texture":"#0"},"south":{"uv":[2.8,12,2.13333,13.6],"texture":"#0"},"west":{"uv":[11.86667,7.73333,8.26667,9.33333],"texture":"#0"},"up":{"uv":[0,15.6,0.66667,12],"texture":"#0"}}},{"from":[0,0,0],"to":[3,1,3],"faces":{"north":{"uv":[14.4,9.06667,15.2,9.33333],"texture":"#0"},"east":{"uv":[12.8,14.4,13.6,14.66667],"texture":"#0"},"south":{"uv":[14.4,13.06667,15.2,13.33333],"texture":"#0"},"west":{"uv":[14.4,13.6,15.2,13.86667],"texture":"#0"},"up":{"uv":[13.06667,8.53333,12.26667,7.73333],"texture":"#0"},"down":{"uv":[4,12.53333,3.2,13.33333],"texture":"#0"}}},{"from":[0.5,1,0.5],"to":[2.5,3,2.5],"rotation":{"angle":0,"axis":"y","origin":[0,1,0]},"faces":{"north":{"uv":[13.6,12.8,14.13333,13.33333],"texture":"#0"},"east":{"uv":[13.6,13.6,14.13333,14.13333],"texture":"#0"},"south":{"uv":[1.06667,13.86667,1.6,14.4],"texture":"#0"},"west":{"uv":[1.86667,13.86667,2.4,14.4],"texture":"#0"},"up":{"uv":[14.66667,8.26667,14.13333,7.73333],"texture":"#0"}}},{"from":[1,1,1],"to":[15,2,15],"rotation":{"angle":0,"axis":"y","origin":[1,1,1]},"faces":{"north":{"uv":[12,10.66667,15.73333,10.93333],"texture":"#0"},"east":{"uv":[12.26667,0,16,0.26667],"texture":"#0"},"south":{"uv":[12.26667,0.53333,16,0.8],"texture":"#0"},"west":{"uv":[12.26667,1.06667,16,1.33333],"texture":"#0"},"up":{"uv":[8,3.73333,4.26667,0],"texture":"#0"},"down":{"uv":[8,4,4.26667,7.73333],"texture":"#0"}}},{"from":[1.5,2,1.5],"to":[14.5,7,14.5],"rotation":{"angle":0,"axis":"y","origin":[1,2,1]},"faces":{"north":{"uv":[8.26667,9.6,11.73333,10.93333],"texture":"#0"},"east":{"uv":[0,10.4,3.46667,11.73333],"texture":"#0"},"south":{"uv":[10.93333,4,14.4,5.33333],"texture":"#0"},"west":{"uv":[10.93333,5.6,14.4,6.93333],"texture":"#0"}}},{"from":[1,7,1],"to":[15,8,15],"rotation":{"angle":0,"axis":"y","origin":[1,7,1]},"faces":{"north":{"uv":[12.26667,1.6,16,1.86667],"texture":"#0"},"east":{"uv":[12.26667,2.13333,16,2.4],"texture":"#0"},"south":{"uv":[12.26667,2.66667,16,2.93333],"texture":"#0"},"west":{"uv":[12.26667,3.2,16,3.46667],"texture":"#0"},"up":{"uv":[8,11.73333,4.26667,8],"texture":"#0"},"down":{"uv":[12,0,8.26667,3.73333],"texture":"#0"}}},{"from":[0.5,6.5,0.5],"to":[2.5,8.5,2.5],"rotation":{"angle":0,"axis":"y","origin":[0,6.5,0]},"faces":{"north":{"uv":[10.4,13.6,10.93333,14.13333],"texture":"#0"},"east":{"uv":[11.2,13.6,11.73333,14.13333],"texture":"#0"},"south":{"uv":[13.6,11.2,14.13333,11.73333],"texture":"#0"},"west":{"uv":[12,13.6,12.53333,14.13333],"texture":"#0"},"up":{"uv":[14.13333,12.53333,13.6,12],"texture":"#0"},"down":{"uv":[13.33333,13.6,12.8,14.13333],"texture":"#0"}}},{"from":[0.75,3,0.75],"to":[2,6.5,2],"rotation":{"angle":0,"axis":"y","origin":[1,4,1]},"faces":{"north":{"uv":[4.8,13.6,5.13333,14.53333],"texture":"#0"},"east":{"uv":[5.6,13.6,5.93333,14.53333],"texture":"#0"},"south":{"uv":[6.4,13.6,6.73333,14.53333],"texture":"#0"},"west":{"uv":[7.2,13.6,7.53333,14.53333],"texture":"#0"}}},{"from":[7.5,5,0],"to":[10.25,7.75,1.5],"rotation":{"angle":45,"axis":"z","origin":[8,5.5,0.5]},"faces":{"north":{"uv":[4.26667,12.53333,5,13.26667],"texture":"#0"},"east":{"uv":[8,13.6,8.4,14.33333],"texture":"#0"},"south":{"uv":[5.33333,12.53333,6.06667,13.26667],"texture":"#0"},"west":{"uv":[8.8,13.6,9.2,14.33333],"texture":"#0"},"up":{"uv":[13,9.2,12.26667,8.8],"texture":"#0"},"down":{"uv":[14.06667,8.8,13.33333,9.2],"texture":"#0"}}},{"from":[1,2.86244,7.125],"to":[1.5,4.61244,8.875],"rotation":{"angle":-45,"axis":"x","origin":[8,3.73744,8]},"faces":{"north":{"uv":[14.66667,4.26667,14.8,4.73333],"texture":"#0"},"east":{"uv":[12,14.4,12.46667,14.86667],"texture":"#0"},"south":{"uv":[14.66667,5.06667,14.8,5.53333],"texture":"#0"},"west":{"uv":[14.4,12.26667,14.86667,12.73333],"texture":"#0"},"up":{"uv":[14.8,6.33333,14.66667,5.86667],"texture":"#0"},"down":{"uv":[8.13333,14.66667,8,15.13333],"texture":"#0"}}},{"from":[2,4,1],"to":[6,5,1.5],"rotation":{"angle":0,"axis":"y","origin":[2,4,1]},"faces":{"north":{"uv":[14.4,8.53333,15.46667,8.8],"texture":"#0"},"up":{"uv":[2.66667,14.8,1.6,14.66667],"texture":"#0"},"down":{"uv":[4,14.66667,2.93333,14.8],"texture":"#0"}}},{"from":[6,4,0.9975],"to":[7.5,5.075,1.5025],"rotation":{"angle":45,"axis":"z","origin":[6,4,0.9975]},"faces":{"north":{"uv":[7.46667,12,7.86667,12.26667],"texture":"#0"},"east":{"uv":[14.66667,14.13333,14.8,14.4],"texture":"#0"},"south":{"uv":[14.66667,3.73333,15.06667,4],"texture":"#0"},"west":{"uv":[14.66667,14.66667,14.8,14.93333],"texture":"#0"},"up":{"uv":[15.06667,6.8,14.66667,6.66667],"texture":"#0"},"down":{"uv":[8.93333,14.66667,8.53333,14.8],"texture":"#0"}}},{"from":[10,4,1],"to":[14,5,1.5],"rotation":{"angle":0,"axis":"y","origin":[14,4,1]},"faces":{"north":{"uv":[15.46667,8.53333,14.4,8.8],"texture":"#0"},"up":{"uv":[1.6,14.8,2.66667,14.66667],"texture":"#0"},"down":{"uv":[2.93333,14.66667,4,14.8],"texture":"#0"}}},{"from":[8.5,4,0.9975],"to":[10,5.075,1.5025],"rotation":{"angle":-45,"axis":"z","origin":[10,4,0.9975]},"faces":{"north":{"uv":[7.86667,12,7.46667,12.26667],"texture":"#0"},"east":{"uv":[14.8,14.66667,14.66667,14.93333],"texture":"#0"},"south":{"uv":[15.06667,3.73333,14.66667,4],"texture":"#0"},"west":{"uv":[14.8,14.13333,14.66667,14.4],"texture":"#0"},"up":{"uv":[14.66667,6.8,15.06667,6.66667],"texture":"#0"},"down":{"uv":[8.53333,14.66667,8.93333,14.8],"texture":"#0"}}},{"from":[10,4,14.5],"to":[14,5,15],"rotation":{"angle":0,"axis":"y","origin":[14,4,15]},"faces":{"south":{"uv":[14.4,8.53333,15.46667,8.8],"texture":"#0"},"up":{"uv":[1.6,14.66667,2.66667,14.8],"texture":"#0"},"down":{"uv":[2.93333,14.8,4,14.66667],"texture":"#0"}}},{"from":[8.5,4,14.4975],"to":[10,5.075,15.0025],"rotation":{"angle":-45,"axis":"z","origin":[10,4,15.0025]},"faces":{"north":{"uv":[14.66667,3.73333,15.06667,4],"texture":"#0"},"east":{"uv":[14.66667,14.66667,14.8,14.93333],"texture":"#0"},"south":{"uv":[7.46667,12,7.86667,12.26667],"texture":"#0"},"west":{"uv":[14.66667,14.13333,14.8,14.4],"texture":"#0"},"up":{"uv":[14.66667,6.66667,15.06667,6.8],"texture":"#0"},"down":{"uv":[8.53333,14.8,8.93333,14.66667],"texture":"#0"}}},{"from":[6,4,14.4975],"to":[7.5,5.075,15.0025],"rotation":{"angle":45,"axis":"z","origin":[6,4,15.0025]},"faces":{"north":{"uv":[15.06667,3.73333,14.66667,4],"texture":"#0"},"east":{"uv":[14.8,14.13333,14.66667,14.4],"texture":"#0"},"south":{"uv":[7.86667,12,7.46667,12.26667],"texture":"#0"},"west":{"uv":[14.8,14.66667,14.66667,14.93333],"texture":"#0"},"up":{"uv":[15.06667,6.66667,14.66667,6.8],"texture":"#0"},"down":{"uv":[8.93333,14.8,8.53333,14.66667],"texture":"#0"}}},{"from":[2,4,14.5],"to":[6,5,15],"rotation":{"angle":0,"axis":"y","origin":[2,4,15]},"faces":{"south":{"uv":[15.46667,8.53333,14.4,8.8],"texture":"#0"},"up":{"uv":[2.66667,14.66667,1.6,14.8],"texture":"#0"},"down":{"uv":[4,14.8,2.93333,14.66667],"texture":"#0"}}},{"from":[0.9975,5.62076,8.41287],"to":[1.5025,6.69576,9.91287],"rotation":{"angle":45,"axis":"x","origin":[8,4.7052,8]},"faces":{"north":{"uv":[14.66667,14.13333,14.8,14.4],"texture":"#0"},"east":{"uv":[14.66667,3.73333,15.06667,4],"texture":"#0"},"south":{"uv":[14.66667,14.66667,14.8,14.93333],"texture":"#0"},"west":{"uv":[7.46667,12,7.86667,12.26667],"texture":"#0"},"up":{"uv":[14.66667,6.66667,15.06667,6.8],"rotation":90,"texture":"#0"},"down":{"uv":[8.53333,14.8,8.93333,14.66667],"rotation":270,"texture":"#0"}}},{"from":[1,4,10],"to":[1.5,5,14],"rotation":{"angle":0,"axis":"y","origin":[8,4.7052,8]},"faces":{"west":{"uv":[14.4,8.53333,15.46667,8.8],"texture":"#0"},"up":{"uv":[1.6,14.66667,2.66667,14.8],"rotation":90,"texture":"#0"},"down":{"uv":[2.93333,14.8,4,14.66667],"rotation":270,"texture":"#0"}}},{"from":[1,4,2],"to":[1.5,5,6],"rotation":{"angle":0,"axis":"y","origin":[8,4.7052,8]},"faces":{"west":{"uv":[15.46667,8.53333,14.4,8.8],"texture":"#0"},"up":{"uv":[2.66667,14.66667,1.6,14.8],"rotation":90,"texture":"#0"},"down":{"uv":[4,14.8,2.93333,14.66667],"rotation":270,"texture":"#0"}}},{"from":[0.9975,5.62076,6.08713],"to":[1.5025,6.69576,7.58713],"rotation":{"angle":-45,"axis":"x","origin":[8,4.7052,8]},"faces":{"north":{"uv":[14.8,14.66667,14.66667,14.93333],"texture":"#0"},"east":{"uv":[15.06667,3.73333,14.66667,4],"texture":"#0"},"south":{"uv":[14.8,14.13333,14.66667,14.4],"texture":"#0"},"west":{"uv":[7.86667,12,7.46667,12.26667],"texture":"#0"},"up":{"uv":[15.06667,6.66667,14.66667,6.8],"rotation":90,"texture":"#0"},"down":{"uv":[8.93333,14.8,8.53333,14.66667],"rotation":270,"texture":"#0"}}},{"from":[14.5,4,10],"to":[15,5,14],"rotation":{"angle":0,"axis":"y","origin":[8,4.7052,8]},"faces":{"east":{"uv":[15.46667,8.53333,14.4,8.8],"texture":"#0"},"up":{"uv":[1.6,14.8,2.66667,14.66667],"rotation":90,"texture":"#0"},"down":{"uv":[2.93333,14.66667,4,14.8],"rotation":270,"texture":"#0"}}},{"from":[14.4975,5.62076,8.41287],"to":[15.0025,6.69576,9.91287],"rotation":{"angle":45,"axis":"x","origin":[8,4.7052,8]},"faces":{"north":{"uv":[14.8,14.13333,14.66667,14.4],"texture":"#0"},"east":{"uv":[7.86667,12,7.46667,12.26667],"texture":"#0"},"south":{"uv":[14.8,14.66667,14.66667,14.93333],"texture":"#0"},"west":{"uv":[15.06667,3.73333,14.66667,4],"texture":"#0"},"up":{"uv":[14.66667,6.8,15.06667,6.66667],"rotation":90,"texture":"#0"},"down":{"uv":[8.53333,14.66667,8.93333,14.8],"rotation":270,"texture":"#0"}}},{"from":[14.4975,5.62076,6.08713],"to":[15.0025,6.69576,7.58713],"rotation":{"angle":-45,"axis":"x","origin":[8,4.7052,8]},"faces":{"north":{"uv":[14.66667,14.66667,14.8,14.93333],"texture":"#0"},"east":{"uv":[7.46667,12,7.86667,12.26667],"texture":"#0"},"south":{"uv":[14.66667,14.13333,14.8,14.4],"texture":"#0"},"west":{"uv":[14.66667,3.73333,15.06667,4],"texture":"#0"},"up":{"uv":[15.06667,6.8,14.66667,6.66667],"rotation":90,"texture":"#0"},"down":{"uv":[8.93333,14.66667,8.53333,14.8],"rotation":270,"texture":"#0"}}},{"from":[14.5,4,2],"to":[15,5,6],"rotation":{"angle":0,"axis":"y","origin":[8,4.7052,8]},"faces":{"east":{"uv":[14.4,8.53333,15.46667,8.8],"texture":"#0"},"up":{"uv":[2.66667,14.8,1.6,14.66667],"rotation":90,"texture":"#0"},"down":{"uv":[4,14.66667,2.93333,14.8],"rotation":270,"texture":"#0"}}},{"from":[14.5,2.86244,7.125],"to":[15,4.61244,8.875],"rotation":{"angle":-45,"axis":"x","origin":[8,3.73744,8]},"faces":{"north":{"uv":[14.8,4.26667,14.66667,4.73333],"texture":"#0"},"east":{"uv":[14.86667,12.26667,14.4,12.73333],"texture":"#0"},"south":{"uv":[14.8,5.06667,14.66667,5.53333],"texture":"#0"},"west":{"uv":[12.46667,14.4,12,14.86667],"texture":"#0"},"up":{"uv":[14.66667,6.33333,14.8,5.86667],"texture":"#0"},"down":{"uv":[8,14.66667,8.13333,15.13333],"texture":"#0"}}},{"from":[7.125,2.86244,14.5],"to":[8.875,4.61244,15],"rotation":{"angle":-45,"axis":"z","origin":[8,3.73744,8]},"faces":{"north":{"uv":[12.46667,14.4,12,14.86667],"texture":"#0"},"east":{"uv":[14.8,4.26667,14.66667,4.73333],"texture":"#0"},"south":{"uv":[14.86667,12.26667,14.4,12.73333],"texture":"#0"},"west":{"uv":[14.8,5.06667,14.66667,5.53333],"texture":"#0"},"up":{"uv":[14.66667,6.33333,14.8,5.86667],"rotation":90,"texture":"#0"},"down":{"uv":[8,14.66667,8.13333,15.13333],"rotation":270,"texture":"#0"}}},{"from":[13,0,0],"to":[16,1,3],"rotation":{"angle":0,"axis":"y","origin":[16,0,0]},"faces":{"north":{"uv":[15.2,9.06667,14.4,9.33333],"texture":"#0"},"east":{"uv":[15.2,13.6,14.4,13.86667],"texture":"#0"},"south":{"uv":[15.2,13.06667,14.4,13.33333],"texture":"#0"},"west":{"uv":[13.6,14.4,12.8,14.66667],"texture":"#0"},"up":{"uv":[12.26667,8.53333,13.06667,7.73333],"texture":"#0"},"down":{"uv":[3.2,12.53333,4,13.33333],"texture":"#0"}}},{"from":[13.5,1,0.5],"to":[15.5,3,2.5],"rotation":{"angle":0,"axis":"y","origin":[16,1,0]},"faces":{"north":{"uv":[14.13333,12.8,13.6,13.33333],"texture":"#0"},"east":{"uv":[2.4,13.86667,1.86667,14.4],"texture":"#0"},"south":{"uv":[1.6,13.86667,1.06667,14.4],"texture":"#0"},"west":{"uv":[14.13333,13.6,13.6,14.13333],"texture":"#0"},"up":{"uv":[14.13333,8.26667,14.66667,7.73333],"texture":"#0"}}},{"from":[14,3,0.75],"to":[15.25,6.5,2],"rotation":{"angle":0,"axis":"y","origin":[15,4,1]},"faces":{"north":{"uv":[5.13333,13.6,4.8,14.53333],"texture":"#0"},"east":{"uv":[7.53333,13.6,7.2,14.53333],"texture":"#0"},"south":{"uv":[6.73333,13.6,6.4,14.53333],"texture":"#0"},"west":{"uv":[5.93333,13.6,5.6,14.53333],"texture":"#0"}}},{"from":[13.5,6.5,0.5],"to":[15.5,8.5,2.5],"rotation":{"angle":0,"axis":"y","origin":[16,6.5,0]},"faces":{"north":{"uv":[10.93333,13.6,10.4,14.13333],"texture":"#0"},"east":{"uv":[12.53333,13.6,12,14.13333],"texture":"#0"},"south":{"uv":[14.13333,11.2,13.6,11.73333],"texture":"#0"},"west":{"uv":[11.73333,13.6,11.2,14.13333],"texture":"#0"},"up":{"uv":[13.6,12.53333,14.13333,12],"texture":"#0"},"down":{"uv":[12.8,13.6,13.33333,14.13333],"texture":"#0"}}},{"from":[0,0,13],"to":[3,1,16],"rotation":{"angle":0,"axis":"y","origin":[0,0,16]},"faces":{"north":{"uv":[15.2,13.06667,14.4,13.33333],"texture":"#0"},"east":{"uv":[13.6,14.4,12.8,14.66667],"texture":"#0"},"south":{"uv":[15.2,9.06667,14.4,9.33333],"texture":"#0"},"west":{"uv":[15.2,13.6,14.4,13.86667],"texture":"#0"},"up":{"uv":[13.06667,7.73333,12.26667,8.53333],"texture":"#0"},"down":{"uv":[4,13.33333,3.2,12.53333],"texture":"#0"}}},{"from":[0.5,1,13.5],"to":[2.5,3,15.5],"rotation":{"angle":0,"axis":"y","origin":[0,1,16]},"faces":{"north":{"uv":[1.6,13.86667,1.06667,14.4],"texture":"#0"},"east":{"uv":[14.13333,13.6,13.6,14.13333],"texture":"#0"},"south":{"uv":[14.13333,12.8,13.6,13.33333],"texture":"#0"},"west":{"uv":[2.4,13.86667,1.86667,14.4],"texture":"#0"},"up":{"uv":[14.66667,7.73333,14.13333,8.26667],"texture":"#0"}}},{"from":[0.75,3,14],"to":[2,6.5,15.25],"rotation":{"angle":0,"axis":"y","origin":[1,4,15]},"faces":{"north":{"uv":[6.73333,13.6,6.4,14.53333],"texture":"#0"},"east":{"uv":[5.93333,13.6,5.6,14.53333],"texture":"#0"},"south":{"uv":[5.13333,13.6,4.8,14.53333],"texture":"#0"},"west":{"uv":[7.53333,13.6,7.2,14.53333],"texture":"#0"}}},{"from":[0.5,6.5,13.5],"to":[2.5,8.5,15.5],"rotation":{"angle":0,"axis":"y","origin":[0,6.5,16]},"faces":{"north":{"uv":[14.13333,11.2,13.6,11.73333],"texture":"#0"},"east":{"uv":[11.73333,13.6,11.2,14.13333],"texture":"#0"},"south":{"uv":[10.93333,13.6,10.4,14.13333],"texture":"#0"},"west":{"uv":[12.53333,13.6,12,14.13333],"texture":"#0"},"up":{"uv":[14.13333,12,13.6,12.53333],"texture":"#0"},"down":{"uv":[13.33333,14.13333,12.8,13.6],"texture":"#0"}}},{"from":[13,0,13],"to":[16,1,16],"rotation":{"angle":0,"axis":"y","origin":[16,0,16]},"faces":{"north":{"uv":[14.4,13.06667,15.2,13.33333],"texture":"#0"},"east":{"uv":[14.4,13.6,15.2,13.86667],"texture":"#0"},"south":{"uv":[14.4,9.06667,15.2,9.33333],"texture":"#0"},"west":{"uv":[12.8,14.4,13.6,14.66667],"texture":"#0"},"up":{"uv":[12.26667,7.73333,13.06667,8.53333],"texture":"#0"},"down":{"uv":[3.2,13.33333,4,12.53333],"texture":"#0"}}},{"from":[13.5,1,13.5],"to":[15.5,3,15.5],"rotation":{"angle":0,"axis":"y","origin":[16,1,16]},"faces":{"north":{"uv":[1.06667,13.86667,1.6,14.4],"texture":"#0"},"east":{"uv":[1.86667,13.86667,2.4,14.4],"texture":"#0"},"south":{"uv":[13.6,12.8,14.13333,13.33333],"texture":"#0"},"west":{"uv":[13.6,13.6,14.13333,14.13333],"texture":"#0"},"up":{"uv":[14.13333,7.73333,14.66667,8.26667],"texture":"#0"}}},{"from":[14,3,14],"to":[15.25,6.5,15.25],"rotation":{"angle":0,"axis":"y","origin":[15,4,15]},"faces":{"north":{"uv":[6.4,13.6,6.73333,14.53333],"texture":"#0"},"east":{"uv":[7.2,13.6,7.53333,14.53333],"texture":"#0"},"south":{"uv":[4.8,13.6,5.13333,14.53333],"texture":"#0"},"west":{"uv":[5.6,13.6,5.93333,14.53333],"texture":"#0"}}},{"from":[13.5,6.5,13.5],"to":[15.5,8.5,15.5],"rotation":{"angle":0,"axis":"y","origin":[16,6.5,16]},"faces":{"north":{"uv":[13.6,11.2,14.13333,11.73333],"texture":"#0"},"east":{"uv":[12,13.6,12.53333,14.13333],"texture":"#0"},"south":{"uv":[10.4,13.6,10.93333,14.13333],"texture":"#0"},"west":{"uv":[11.2,13.6,11.73333,14.13333],"texture":"#0"},"up":{"uv":[13.6,12,14.13333,12.53333],"texture":"#0"},"down":{"uv":[12.8,14.13333,13.33333,13.6],"texture":"#0"}}},{"from":[10.28739,0.75,-2.291],"to":[12.78739,18.75,-2.261],"rotation":{"angle":0,"axis":"y","origin":[14.99426,9.75,0.85881]},"faces":{"north":{"uv":[2,0,0,14.4],"texture":"#1"},"south":{"uv":[0,0,2,14.4],"texture":"#1"}}},{"from":[11.75,0.75,-1.20671],"to":[14.75,18.75,-1.17671],"rotation":{"angle":-22.5,"axis":"y","origin":[14.99426,9.75,0.85881]},"faces":{"north":{"uv":[4.4,0,2,14.4],"texture":"#1"},"south":{"uv":[2,0,4.4,14.4],"texture":"#1"}}},{"from":[13.97815,0.75,-0.95601],"to":[16.47815,18.75,-0.92601],"rotation":{"angle":-45,"axis":"y","origin":[14.99426,9.75,0.85881]},"faces":{"north":{"uv":[6.4,0,4.4,14.4],"texture":"#1"},"south":{"uv":[4.4,0,6.4,14.4],"texture":"#1"}}},{"from":[17.20879,0.75,1.53525],"to":[17.23879,18.75,4.03525],"rotation":{"angle":22.5,"axis":"y","origin":[14.99426,9.75,0.85881]},"faces":{"east":{"uv":[8.4,0,6.4,14.4],"texture":"#1"},"west":{"uv":[6.4,0,8.4,14.4],"texture":"#1"}}},{"from":[18.25351,0.75,2.93451],"to":[18.28351,18.75,5.93451],"rotation":{"angle":0,"axis":"y","origin":[14.99426,9.75,0.85881]},"faces":{"east":{"uv":[10.8,0,8.4,14.4],"texture":"#1"},"west":{"uv":[8.4,0,10.8,14.4],"texture":"#1"}}},{"from":[10.28739,0.75,18.261],"to":[12.78739,18.75,18.291],"rotation":{"angle":0,"axis":"y","origin":[14.99426,9.75,15.14119]},"faces":{"north":{"uv":[2,0,0,14.4],"texture":"#1"},"south":{"uv":[0,0,2,14.4],"texture":"#1"}}},{"from":[11.75,0.75,17.17671],"to":[14.75,18.75,17.20671],"rotation":{"angle":22.5,"axis":"y","origin":[14.99426,9.75,15.14119]},"faces":{"north":{"uv":[4.4,0,2,14.4],"texture":"#1"},"south":{"uv":[2,0,4.4,14.4],"texture":"#1"}}},{"from":[13.97815,0.75,16.92601],"to":[16.47815,18.75,16.95601],"rotation":{"angle":45,"axis":"y","origin":[14.99426,9.75,15.14119]},"faces":{"north":{"uv":[6.4,0,4.4,14.4],"texture":"#1"},"south":{"uv":[4.4,0,6.4,14.4],"texture":"#1"}}},{"from":[17.20879,0.75,11.96475],"to":[17.23879,18.75,14.46475],"rotation":{"angle":-22.5,"axis":"y","origin":[14.99426,9.75,15.14119]},"faces":{"east":{"uv":[6.4,0,8.4,14.4],"texture":"#1"},"west":{"uv":[8.4,0,6.4,14.4],"texture":"#1"}}},{"from":[18.25351,0.75,10.06549],"to":[18.28351,18.75,13.06549],"rotation":{"angle":0,"axis":"y","origin":[14.99426,9.75,15.14119]},"faces":{"east":{"uv":[8.4,0,10.8,14.4],"texture":"#1"},"west":{"uv":[10.8,0,8.4,14.4],"texture":"#1"}}},{"from":[3.21261,0.75,18.261],"to":[5.71261,18.75,18.291],"rotation":{"angle":0,"axis":"y","origin":[1.00574,9.75,15.14119]},"faces":{"north":{"uv":[0,0,2,14.4],"texture":"#1"},"south":{"uv":[2,0,0,14.4],"texture":"#1"}}},{"from":[1.25,0.75,17.17671],"to":[4.25,18.75,17.20671],"rotation":{"angle":-22.5,"axis":"y","origin":[1.00574,9.75,15.14119]},"faces":{"north":{"uv":[2,0,4.4,14.4],"texture":"#1"},"south":{"uv":[4.4,0,2,14.4],"texture":"#1"}}},{"from":[-0.47815,0.75,16.92601],"to":[2.02185,18.75,16.95601],"rotation":{"angle":-45,"axis":"y","origin":[1.00574,9.75,15.14119]},"faces":{"north":{"uv":[4.4,0,6.4,14.4],"texture":"#1"},"south":{"uv":[6.4,0,4.4,14.4],"texture":"#1"}}},{"from":[-1.23879,0.75,11.96475],"to":[-1.20879,18.75,14.46475],"rotation":{"angle":22.5,"axis":"y","origin":[1.00574,9.75,15.14119]},"faces":{"east":{"uv":[6.4,0,8.4,14.4],"texture":"#1"},"west":{"uv":[8.4,0,6.4,14.4],"texture":"#1"}}},{"from":[-2.28351,0.75,10.06549],"to":[-2.25351,18.75,13.06549],"rotation":{"angle":0,"axis":"y","origin":[1.00574,9.75,15.14119]},"faces":{"east":{"uv":[8.4,0,10.8,14.4],"texture":"#1"},"west":{"uv":[10.8,0,8.4,14.4],"texture":"#1"}}},{"from":[-2.28351,0.75,2.93451],"to":[-2.25351,18.75,5.93451],"rotation":{"angle":0,"axis":"y","origin":[1.00574,9.75,0.85881]},"faces":{"east":{"uv":[10.8,0,8.4,14.4],"texture":"#1"},"west":{"uv":[8.4,0,10.8,14.4],"texture":"#1"}}},{"from":[-1.23879,0.75,1.53525],"to":[-1.20879,18.75,4.03525],"rotation":{"angle":-22.5,"axis":"y","origin":[1.00574,9.75,0.85881]},"faces":{"east":{"uv":[8.4,0,6.4,14.4],"texture":"#1"},"west":{"uv":[6.4,0,8.4,14.4],"texture":"#1"}}},{"from":[-0.47815,0.75,-0.95601],"to":[2.02185,18.75,-0.92601],"rotation":{"angle":45,"axis":"y","origin":[1.00574,9.75,0.85881]},"faces":{"north":{"uv":[4.4,0,6.4,14.4],"texture":"#1"},"south":{"uv":[6.4,0,4.4,14.4],"texture":"#1"}}},{"from":[1.25,0.75,-1.20671],"to":[4.25,18.75,-1.17671],"rotation":{"angle":22.5,"axis":"y","origin":[1.00574,9.75,0.85881]},"faces":{"north":{"uv":[2,0,4.4,14.4],"texture":"#1"},"south":{"uv":[4.4,0,2,14.4],"texture":"#1"}}},{"from":[3.21261,0.75,-2.291],"to":[5.71261,18.75,-2.261],"rotation":{"angle":0,"axis":"y","origin":[1.00574,9.75,0.85881]},"faces":{"north":{"uv":[0,0,2,14.4],"texture":"#1"},"south":{"uv":[2,0,0,14.4],"texture":"#1"}}}],"gui_light":"front","display":{"thirdperson_righthand":{"rotation":[-120,180,-180],"translation":[0,4.25,2.75],"scale":[0.5,0.5,0.5]},"thirdperson_lefthand":{"rotation":[-120,180,-180],"translation":[0,4.25,2.75],"scale":[0.5,0.5,0.5]},"firstperson_righthand":{"rotation":[151.25,0,180],"translation":[2.25,2.75,-1.5],"scale":[0.5,0.5,0.5]},"firstperson_lefthand":{"rotation":[151.25,0,180],"translation":[2.25,2.75,-1.5],"scale":[0.5,0.5,0.5]},"ground":{"translation":[0,3,0],"scale":[0.7,0.7,0.7]},"gui":{"rotation":[0,135,0],"scale":[0.7,0.7,0.7]},"head":{"rotation":[0,180,0],"translation":[0,-30.25,0],"scale":[1.6,1.6,1.6]},"fixed":{"rotation":[-90,0,0],"translation":[0,0,-16],"scale":[2,2,2]}}}