{"credit":"Pologony Creation Co.,Ltd.","textures":{"2":"darkwitherset:animations/animation_1","3":"darkwitherset:animations/animation_2","4":"darkwitherset:animations/soul_animation_3","6":"darkwitherset:hoe","particle":"darkwitherset:animations/soul_animation_3"},"elements":[{"from":[7.25,-1.25,7.75],"to":[8.75,0.25,9.25],"rotation":{"angle":-45,"axis":"x","origin":[7.5,-1,8]},"faces":{"north":{"uv":[7.55556,11.55556,8.22222,12.22222],"texture":"#6"},"east":{"uv":[11.55556,9.77778,12.22222,10.44444],"texture":"#6"},"south":{"uv":[10.66667,11.55556,11.33333,12.22222],"texture":"#6"},"west":{"uv":[12,6.66667,12.66667,7.33333],"texture":"#6"},"up":{"uv":[12.66667,8.66667,12,8],"texture":"#6"},"down":{"uv":[9.55556,12,8.88889,12.66667],"texture":"#6"}}},{"from":[7.475,-3.21287,7.825],"to":[8.525,-2.16287,8.875],"rotation":{"angle":-45,"axis":"x","origin":[7.65,-3.03787,8]},"faces":{"north":{"uv":[7.11111,1.77778,7.55556,2.22222],"texture":"#6"},"east":{"uv":[13.77778,5.77778,14.22222,6.22222],"texture":"#6"},"south":{"uv":[12.88889,13.77778,13.33333,14.22222],"texture":"#6"},"west":{"uv":[13.77778,13.77778,14.22222,14.22222],"texture":"#6"},"up":{"uv":[6.22222,14.66667,5.77778,14.22222],"texture":"#6"},"down":{"uv":[14.66667,8,14.22222,8.44444],"texture":"#6"}}},{"from":[7.5,0.01777,8],"to":[8.5,1.01777,9],"rotation":{"angle":-45,"axis":"x","origin":[7.5,0.01777,8]},"faces":{"north":{"uv":[10.22222,14.22222,10.66667,14.66667],"texture":"#6"},"east":{"uv":[14.22222,10.66667,14.66667,11.11111],"texture":"#6"},"south":{"uv":[11.11111,14.22222,11.55556,14.66667],"texture":"#6"},"west":{"uv":[14.22222,11.55556,14.66667,12],"texture":"#6"},"up":{"uv":[14.66667,12.88889,14.22222,12.44444],"texture":"#6"},"down":{"uv":[15.11111,0,14.66667,0.44444],"texture":"#6"}}},{"from":[7.25,1.18198,7.25],"to":[8.75,1.68198,8.75],"rotation":{"angle":0,"axis":"y","origin":[7.5,1.18198,7.5]},"faces":{"north":{"uv":[6.66667,14.66667,7.33333,14.88889],"texture":"#6"},"east":{"uv":[14.66667,7.11111,15.33333,7.33333],"texture":"#6"},"south":{"uv":[8,14.66667,8.66667,14.88889],"texture":"#6"},"west":{"uv":[14.66667,8.88889,15.33333,9.11111],"texture":"#6"},"up":{"uv":[12.66667,11.77778,12,11.11111],"texture":"#6"},"down":{"uv":[0.66667,12.44444,0,13.11111],"texture":"#6"}}},{"from":[7.25,7.18198,7.25],"to":[8.75,7.68198,8.75],"rotation":{"angle":0,"axis":"y","origin":[7.5,2.18198,7.5]},"faces":{"north":{"uv":[14.66667,9.77778,15.33333,10],"texture":"#6"},"east":{"uv":[12.88889,14.66667,13.55556,14.88889],"texture":"#6"},"south":{"uv":[14.66667,13.33333,15.33333,13.55556],"texture":"#6"},"west":{"uv":[14.22222,14.66667,14.88889,14.88889],"texture":"#6"},"up":{"uv":[13.11111,0.66667,12.44444,0],"texture":"#6"},"down":{"uv":[2,12.44444,1.33333,13.11111],"texture":"#6"}}},{"from":[7.5,1.68198,7.5],"to":[8.5,3.18198,8.5],"rotation":{"angle":0,"axis":"y","origin":[7.5,1.68198,7.5]},"faces":{"north":{"uv":[13.33333,8,13.77778,8.66667],"texture":"#6"},"east":{"uv":[8.44444,13.33333,8.88889,14],"texture":"#6"},"south":{"uv":[9.33333,13.33333,9.77778,14],"texture":"#6"},"west":{"uv":[13.33333,11.11111,13.77778,11.77778],"texture":"#6"},"up":{"uv":[15.11111,1.33333,14.66667,0.88889],"texture":"#6"}}},{"from":[7.5,5.68198,7.5],"to":[8.5,7.18198,8.5],"rotation":{"angle":0,"axis":"y","origin":[7.5,5.68198,7.5]},"faces":{"north":{"uv":[13.33333,12.44444,13.77778,13.11111],"texture":"#6"},"east":{"uv":[0,13.77778,0.44444,14.44444],"texture":"#6"},"south":{"uv":[13.77778,0,14.22222,0.66667],"texture":"#6"},"west":{"uv":[0.88889,13.77778,1.33333,14.44444],"texture":"#6"},"down":{"uv":[15.11111,1.77778,14.66667,2.22222],"texture":"#6"}}},{"from":[7.625,3.18198,7.625],"to":[8.375,5.68198,8.375],"rotation":{"angle":0,"axis":"y","origin":[7.625,4.18198,7.375]},"faces":{"north":{"uv":[5.77778,12.44444,6.11111,13.55556],"texture":"#6"},"east":{"uv":[6.66667,12.88889,7,14],"texture":"#6"},"south":{"uv":[7.55556,12.88889,7.88889,14],"texture":"#6"},"west":{"uv":[12.88889,9.33333,13.22222,10.44444],"texture":"#6"}}},{"from":[7,12.68198,7],"to":[9,14.68198,9],"rotation":{"angle":0,"axis":"y","origin":[7,12.68198,7]},"faces":{"east":{"uv":[0,8.44444,0.88889,9.33333],"texture":"#6"},"west":{"uv":[8.88889,7.55556,9.77778,8.44444],"texture":"#6"},"down":{"uv":[9.77778,8.88889,8.88889,9.77778],"texture":"#6"}}},{"from":[6.875,10,6.85],"to":[9.125,13,8.35],"rotation":{"angle":-22.5,"axis":"x","origin":[-0.125,10,0.6]},"faces":{"north":{"uv":[1.33333,6.22222,2.33333,7.55556],"texture":"#6"},"east":{"uv":[4.88889,7.11111,5.55556,8.44444],"texture":"#6"},"south":{"uv":[6.22222,2.66667,7.22222,4],"texture":"#6"},"west":{"uv":[8,5.77778,8.66667,7.11111],"texture":"#6"},"up":{"uv":[10.77778,4.66667,9.77778,4],"texture":"#6"},"down":{"uv":[7.22222,9.77778,6.22222,10.44444],"texture":"#6"}}},{"from":[6.75,13,8.5],"to":[9.25,15,10.5],"rotation":{"angle":-45,"axis":"x","origin":[7,12.5,8]},"faces":{"north":{"uv":[1.33333,8,2.44444,8.88889],"texture":"#6"},"east":{"uv":[1.33333,9.33333,2.22222,10.22222],"texture":"#6"},"south":{"uv":[8,1.77778,9.11111,2.66667],"texture":"#6"},"west":{"uv":[9.33333,5.77778,10.22222,6.66667],"texture":"#6"},"up":{"uv":[9.11111,4,8,3.11111],"texture":"#6"},"down":{"uv":[9.11111,4.44444,8,5.33333],"texture":"#6"}}},{"from":[7.375,-4,7.85],"to":[8.625,-2.25,8.85],"rotation":{"angle":-22.5,"axis":"x","origin":[-0.625,-4,1.1]},"faces":{"north":{"uv":[12.44444,4,13,4.77778],"texture":"#6"},"east":{"uv":[10.22222,12.88889,10.66667,13.66667],"texture":"#6"},"south":{"uv":[4.44444,12.44444,5,13.22222],"texture":"#6"},"west":{"uv":[11.11111,12.88889,11.55556,13.66667],"texture":"#6"},"up":{"uv":[14.33333,3.11111,13.77778,2.66667],"texture":"#6"},"down":{"uv":[14.33333,3.55556,13.77778,4],"texture":"#6"}}},{"from":[7.5,-1.72164,5.97332],"to":[8.5,-0.47164,7.22332],"rotation":{"angle":-45,"axis":"x","origin":[8,-0.57273,6.34526]},"faces":{"north":{"uv":[4,13.77778,4.44444,14.33333],"texture":"#6"},"east":{"uv":[2.66667,13.33333,3.22222,13.88889],"texture":"#6"},"west":{"uv":[13.33333,6.66667,13.88889,7.22222],"texture":"#6"},"up":{"uv":[14.22222,5,13.77778,4.44444],"texture":"#6"},"down":{"uv":[5.33333,13.77778,4.88889,14.33333],"texture":"#6"}}},{"from":[7.625,-1.24603,5.49816],"to":[8.375,0.00397,7.24816],"rotation":{"angle":22.5,"axis":"x","origin":[8,-0.55853,6.06066]},"faces":{"north":{"uv":[2.66667,14.66667,3,15.22222],"texture":"#6"},"east":{"uv":[12.44444,5.33333,13.22222,5.88889],"texture":"#6"},"west":{"uv":[12,12.44444,12.77778,13],"texture":"#6"},"up":{"uv":[14.11111,2.11111,13.77778,1.33333],"texture":"#6"},"down":{"uv":[2.11111,13.77778,1.77778,14.55556],"texture":"#6"}}},{"from":[7.995,-3.49603,4.99816],"to":[8.005,1.00397,6.99816],"rotation":{"angle":0,"axis":"y","origin":[8,-0.80853,6.06066]},"faces":{"east":{"uv":[5.33333,0,4.44444,2],"texture":"#6"},"west":{"uv":[4.44444,0,5.33333,2],"texture":"#6"}}},{"from":[7.375,-4,7.15],"to":[8.625,-2.25,8.15],"rotation":{"angle":22.5,"axis":"x","origin":[-0.625,-4,14.9]},"faces":{"north":{"uv":[5,12.44444,4.44444,13.22222],"texture":"#6"},"east":{"uv":[10.66667,12.88889,10.22222,13.66667],"texture":"#6"},"south":{"uv":[13,4,12.44444,4.77778],"texture":"#6"},"west":{"uv":[11.55556,12.88889,11.11111,13.66667],"texture":"#6"},"up":{"uv":[14.33333,2.66667,13.77778,3.11111],"texture":"#6"},"down":{"uv":[14.33333,4,13.77778,3.55556],"texture":"#6"}}},{"from":[7.5,-1.72164,8.77668],"to":[8.5,-0.47164,10.02668],"rotation":{"angle":45,"axis":"x","origin":[8,-0.57273,9.65474]},"faces":{"east":{"uv":[3.22222,13.33333,2.66667,13.88889],"texture":"#6"},"south":{"uv":[4.44444,13.77778,4,14.33333],"texture":"#6"},"west":{"uv":[13.88889,6.66667,13.33333,7.22222],"texture":"#6"},"up":{"uv":[14.22222,4.44444,13.77778,5],"texture":"#6"},"down":{"uv":[5.33333,14.33333,4.88889,13.77778],"texture":"#6"}}},{"from":[7.625,-1.24603,8.75184],"to":[8.375,0.00397,10.50184],"rotation":{"angle":-22.5,"axis":"x","origin":[8,-0.55853,9.93934]},"faces":{"east":{"uv":[13.22222,5.33333,12.44444,5.88889],"texture":"#6"},"south":{"uv":[3,14.66667,2.66667,15.22222],"texture":"#6"},"west":{"uv":[12.77778,12.44444,12,13],"texture":"#6"},"up":{"uv":[14.11111,1.33333,13.77778,2.11111],"texture":"#6"},"down":{"uv":[2.11111,14.55556,1.77778,13.77778],"texture":"#6"}}},{"from":[7.995,-3.49603,9.00184],"to":[8.005,1.00397,11.00184],"rotation":{"angle":0,"axis":"y","origin":[8,-0.80853,9.93934]},"faces":{"east":{"uv":[4.44444,0,5.33333,2],"texture":"#6"},"west":{"uv":[5.33333,0,4.44444,2],"texture":"#6"}}},{"from":[7.25,7.68198,7.25],"to":[8.75,12.68198,8.75],"rotation":{"angle":45,"axis":"y","origin":[8,8.43198,8]},"faces":{"north":{"uv":[3.55556,4.44444,4.22222,6.66667],"texture":"#6"},"east":{"uv":[4.88889,4.44444,5.55556,6.66667],"texture":"#6"},"south":{"uv":[0,5.77778,0.66667,8],"texture":"#6"},"west":{"uv":[5.77778,0,6.44444,2.22222],"texture":"#6"},"up":{"uv":[13.11111,2,12.44444,1.33333],"texture":"#6"},"down":{"uv":[13.11111,2.66667,12.44444,3.33333],"texture":"#6"}}},{"from":[7.5,10.5,5],"to":[8.5,13.5,8],"rotation":{"angle":-45,"axis":"x","origin":[7.5,10.5,4]},"faces":{"north":{"uv":[4.44444,10.22222,4.88889,11.55556],"texture":"#6"},"east":{"uv":[1.77778,4.44444,3.11111,5.77778],"texture":"#6"},"south":{"uv":[9.77778,10.22222,10.22222,11.55556],"texture":"#6"},"west":{"uv":[4.44444,2.66667,5.77778,4],"texture":"#6"},"up":{"uv":[1.33333,12,0.88889,10.66667],"texture":"#6"},"down":{"uv":[2.22222,10.66667,1.77778,12],"texture":"#6"}}},{"from":[6.875,10,7.65],"to":[9.125,13,9.15],"rotation":{"angle":22.5,"axis":"x","origin":[-0.125,10,15.4]},"faces":{"north":{"uv":[6.22222,4.44444,7.22222,5.77778],"texture":"#6"},"east":{"uv":[6.22222,8,6.88889,9.33333],"texture":"#6"},"south":{"uv":[6.22222,6.22222,7.22222,7.55556],"texture":"#6"},"west":{"uv":[7.55556,8,8.22222,9.33333],"texture":"#6"},"up":{"uv":[3.66667,10.88889,2.66667,10.22222],"texture":"#6"},"down":{"uv":[11.22222,7.11111,10.22222,7.77778],"texture":"#6"}}},{"from":[7.5,10.5,8],"to":[8.5,13,10.5],"rotation":{"angle":45,"axis":"x","origin":[7.5,10.5,12]},"faces":{"north":{"uv":[6.66667,11.11111,7.11111,12.22222],"texture":"#6"},"east":{"uv":[7.11111,0,8.22222,1.11111],"texture":"#6"},"south":{"uv":[11.55556,1.33333,12,2.44444],"texture":"#6"},"west":{"uv":[3.11111,7.11111,4.22222,8.22222],"texture":"#6"},"up":{"uv":[3.11111,12.66667,2.66667,11.55556],"texture":"#6"},"down":{"uv":[12,3.11111,11.55556,4.22222],"texture":"#6"}}},{"from":[7.475,10.5,5],"to":[7.475,13.5,8],"rotation":{"angle":-45,"axis":"x","origin":[7.475,10.5,4]},"faces":{"west":{"uv":[0,0,6,6],"texture":"#2"}}},{"from":[7.475,10.5,8],"to":[7.475,13,10.5],"rotation":{"angle":45,"axis":"x","origin":[7.475,10.5,12]},"faces":{"west":{"uv":[5,8.5,0,13.5],"texture":"#2"}}},{"from":[8.525,10.5,5],"to":[8.525,13.5,8],"rotation":{"angle":-45,"axis":"x","origin":[8.525,10.5,4]},"faces":{"east":{"uv":[6,0,0,6],"texture":"#2"}}},{"from":[8.525,10.5,8],"to":[8.525,13,10.5],"rotation":{"angle":45,"axis":"x","origin":[8.525,10.5,12]},"faces":{"east":{"uv":[0,8.5,5,13.5],"texture":"#2"}}},{"from":[7.5035,12.07282,2.403],"to":[8.4965,13.32282,5.903],"rotation":{"angle":-22.5,"axis":"x","origin":[7.0035,12.57282,1.028]},"faces":{"east":{"uv":[8.88889,0,10.44444,0.55556],"texture":"#6"},"west":{"uv":[3.11111,8.88889,4.66667,9.44444],"texture":"#6"},"up":{"uv":[5.77778,10.44444,5.33333,8.88889],"texture":"#6"},"down":{"uv":[0.44444,9.77778,0,11.33333],"texture":"#6"}}},{"from":[7.5085,11.9825,-0.25967],"to":[8.4915,13.2325,2.24033],"rotation":{"angle":-45,"axis":"x","origin":[7.0085,12.6825,1.36533]},"faces":{"north":{"uv":[13.77778,9.33333,14.22222,9.88889],"texture":"#6"},"east":{"uv":[8,10.22222,9.11111,10.77778],"texture":"#6"},"west":{"uv":[10.22222,8.44444,11.33333,9],"texture":"#6"},"up":{"uv":[4,12.66667,3.55556,11.55556],"texture":"#6"},"down":{"uv":[12,4.88889,11.55556,6],"texture":"#6"}}},{"from":[7.2535,11.82282,1.903],"to":[8.7465,13.57282,2.403],"rotation":{"angle":-22.5,"axis":"x","origin":[7.0035,12.57282,1.028]},"faces":{"north":{"uv":[11.11111,0,11.77778,0.77778],"texture":"#6"},"east":{"uv":[14.66667,4.44444,14.88889,5.22222],"texture":"#6"},"south":{"uv":[5.33333,11.11111,6,11.88889],"texture":"#6"},"west":{"uv":[14.66667,5.77778,14.88889,6.55556],"texture":"#6"},"up":{"uv":[0.66667,15.33333,0,15.11111],"texture":"#6"},"down":{"uv":[2,15.11111,1.33333,15.33333],"texture":"#6"}}},{"from":[7.5035,12.78777,10.51932],"to":[8.4965,14.03777,13.49432],"rotation":{"angle":-22.5,"axis":"x","origin":[8,13.23,13.81389]},"faces":{"east":{"uv":[9.77778,1.33333,11.11111,1.88889],"texture":"#6"},"south":{"uv":[12,13.77778,12.44444,14.33333],"texture":"#6"},"west":{"uv":[9.77778,2.66667,11.11111,3.22222],"texture":"#6"},"up":{"uv":[11.11111,6.66667,10.66667,5.33333],"texture":"#6"},"down":{"uv":[11.11111,9.77778,10.66667,11.11111],"texture":"#6"}}},{"from":[7.985,8.54821,3.00192],"to":[8.015,12.29821,7.00192],"rotation":{"angle":-22.5,"axis":"x","origin":[7.985,9.29821,-0.99808]},"faces":{"east":{"uv":[4,0,2.22222,1.66667],"texture":"#6"},"west":{"uv":[2.22222,0,4,1.66667],"texture":"#6"}}},{"from":[7.99,8.88648,1.54585],"to":[8.01,12.35648,4.54585],"rotation":{"angle":-45,"axis":"x","origin":[7.99,9.36148,1.54585]},"faces":{"east":{"uv":[1.33333,3.55556,0,5.22222],"texture":"#6"},"west":{"uv":[0,3.55556,1.33333,5.22222],"texture":"#6"}}},{"from":[7.985,8.76453,10.95124],"to":[8.015,15.51453,14.95124],"rotation":{"angle":0,"axis":"x","origin":[8,13.42388,14.28539]},"faces":{"east":{"uv":[1.77778,0,0,3],"texture":"#6"},"west":{"uv":[0,0,1.77778,3],"texture":"#6"}}},{"from":[7.995,7.00509,-0.41761],"to":[8.005,10.25509,2.79239],"rotation":{"angle":22.5,"axis":"x","origin":[7.995,11.25509,2.58239]},"faces":{"east":{"uv":[3.88889,2.22222,2.22222,3.66667],"texture":"#6"},"west":{"uv":[2.22222,2.22222,3.88889,3.66667],"texture":"#6"}}},{"from":[7.225,7.68198,7.225],"to":[8.775,12.68198,8.775],"rotation":{"angle":45,"axis":"y","origin":[8,10.18198,8]},"faces":{"north":{"uv":[0,0,2,6.66667],"texture":"#3"},"east":{"uv":[2.66667,0,4.66667,6.66667],"texture":"#3"},"south":{"uv":[5.33333,0,7.33333,6.66667],"texture":"#3"},"west":{"uv":[8,0,10,6.66667],"texture":"#3"}}},{"from":[6.4995,6.84311,2.24723],"to":[9.4995,12.84311,2.27723],"rotation":{"angle":22.5,"axis":"x","origin":[8,10.59311,0.52723]},"faces":{"north":{"uv":[12,0,9,6],"rotation":180,"texture":"#4"},"south":{"uv":[9,0,12,6],"rotation":180,"texture":"#4"}}},{"from":[9.4705,6.84311,-0.72277],"to":[9.5005,12.84311,2.27723],"rotation":{"angle":22.5,"axis":"x","origin":[8,10.59311,0.52723]},"faces":{"east":{"uv":[6,0,9,6],"rotation":180,"texture":"#4"},"west":{"uv":[9,0,6,6],"rotation":180,"texture":"#4"}}},{"from":[6.4995,6.84311,-0.72277],"to":[6.5295,12.84311,2.27723],"rotation":{"angle":22.5,"axis":"x","origin":[8,10.59311,0.52723]},"faces":{"east":{"uv":[3,0,0,6],"rotation":180,"texture":"#4"},"west":{"uv":[0,0,3,6],"rotation":180,"texture":"#4"}}},{"from":[6.5005,6.84311,-0.72277],"to":[9.5005,12.84311,-0.69277],"rotation":{"angle":22.5,"axis":"x","origin":[8,10.59311,0.52723]},"faces":{"north":{"uv":[3,0,6,6],"rotation":180,"texture":"#4"},"south":{"uv":[6,0,3,6],"rotation":180,"texture":"#4"}}},{"from":[6.25,8.34311,14.99773],"to":[9.25,14.34311,15.02773],"rotation":{"angle":-45,"axis":"y","origin":[8,10.59311,13.52723]},"faces":{"north":{"uv":[3,0,0,6],"texture":"#4"},"south":{"uv":[0,0,3,6],"texture":"#4"}}},{"from":[6.25,8.34311,12.02773],"to":[6.28,14.34311,15.02773],"rotation":{"angle":-45,"axis":"y","origin":[8,10.59311,13.52723]},"faces":{"east":{"uv":[12,0,9,6],"texture":"#4"},"west":{"uv":[9,0,12,6],"texture":"#4"}}},{"from":[9.22,8.34311,12.02673],"to":[9.25,14.34311,15.02673],"rotation":{"angle":-45,"axis":"y","origin":[8,10.59311,13.52723]},"faces":{"east":{"uv":[3,0,6,6],"texture":"#4"},"west":{"uv":[6,0,3,6],"texture":"#4"}}},{"from":[6.25,8.34311,12.02673],"to":[9.25,14.34311,12.05673],"rotation":{"angle":-45,"axis":"y","origin":[8,10.59311,13.52723]},"faces":{"north":{"uv":[6,0,9,6],"texture":"#4"},"south":{"uv":[9,0,6,6],"texture":"#4"}}}],"gui_light":"front","display":{"thirdperson_righthand":{"translation":[0,1.5,1]},"thirdperson_lefthand":{"translation":[0,1,1]},"firstperson_righthand":{"rotation":[6.75,0,0],"translation":[2,1.75,0],"scale":[0.7,0.7,0.7]},"firstperson_lefthand":{"rotation":[6.75,0,0],"translation":[2,1.75,0],"scale":[0.7,0.7,0.7]},"ground":{"rotation":[-45,0,0],"translation":[0,3,0],"scale":[0.7,0.7,0.7]},"gui":{"rotation":[-90,45,90],"scale":[0.7,0.7,0.7]},"head":{"rotation":[0,-90,0]},"fixed":{"rotation":[0,-90,0],"translation":[0,0,-1.75],"scale":[2,2,2]}}}