{"credit":"Pologony Creation Co.,Ltd.","texture_size":[40,40],"textures":{"2":"darkwitherset:animations/soul_animation_3","3":"darkwitherset:animations/animation_2","4":"darkwitherset:trident","particle":"darkwitherset:animations/soul_animation_3"},"elements":[{"from":[7.25,-6.25,7.75],"to":[8.75,-4.75,9.25],"rotation":{"angle":-45,"axis":"x","origin":[7.5,-6,8]},"faces":{"north":{"uv":[10,6,10.6,6.6],"texture":"#4"},"east":{"uv":[9.2,10,9.8,10.6],"texture":"#4"},"south":{"uv":[10.4,1.2,11,1.8],"texture":"#4"},"west":{"uv":[2.4,10.4,3,11],"texture":"#4"},"up":{"uv":[11,10.6,10.4,10],"texture":"#4"},"down":{"uv":[11.4,2.4,10.8,3],"texture":"#4"}}},{"from":[7.475,-8.21287,7.825],"to":[8.525,-7.16287,8.875],"rotation":{"angle":-45,"axis":"x","origin":[7.65,-8.03787,8]},"faces":{"north":{"uv":[3.6,5.6,4,6],"texture":"#4"},"east":{"uv":[13.2,5.6,13.6,6],"texture":"#4"},"south":{"uv":[13.2,6.4,13.6,6.8],"texture":"#4"},"west":{"uv":[13.2,7.2,13.6,7.6],"texture":"#4"},"up":{"uv":[13.6,8.4,13.2,8],"texture":"#4"},"down":{"uv":[13.6,8.8,13.2,9.2],"texture":"#4"}}},{"from":[7.5,-4.98223,8],"to":[8.5,-3.98223,9],"rotation":{"angle":-45,"axis":"x","origin":[7.5,-4.98223,8]},"faces":{"north":{"uv":[13.2,9.6,13.6,10],"texture":"#4"},"east":{"uv":[13.2,10.4,13.6,10.8],"texture":"#4"},"south":{"uv":[13.2,11.2,13.6,11.6],"texture":"#4"},"west":{"uv":[12,13.2,12.4,13.6],"texture":"#4"},"up":{"uv":[13.6,12.4,13.2,12],"texture":"#4"},"down":{"uv":[13.2,13.2,12.8,13.6],"texture":"#4"}}},{"from":[7.25,5.75,7.25],"to":[8.75,6.25,8.75],"rotation":{"angle":0,"axis":"y","origin":[7.5,5.75,7.5]},"faces":{"north":{"uv":[13.6,4,14.2,4.2],"texture":"#4"},"east":{"uv":[7.2,13.6,7.8,13.8],"texture":"#4"},"south":{"uv":[8.4,13.6,9,13.8],"texture":"#4"},"west":{"uv":[9.6,13.6,10.2,13.8],"texture":"#4"},"up":{"uv":[4.2,11.4,3.6,10.8],"texture":"#4"},"down":{"uv":[11.4,3.6,10.8,4.2],"texture":"#4"}}},{"from":[7.5,5.25,7.5],"to":[8.5,5.75,8.5],"rotation":{"angle":0,"axis":"y","origin":[7.5,5.25,7.5]},"faces":{"north":{"uv":[0,14.4,0.4,14.6],"texture":"#4"},"east":{"uv":[14.4,0,14.8,0.2],"texture":"#4"},"south":{"uv":[0.8,14.4,1.2,14.6],"texture":"#4"},"west":{"uv":[14.4,0.8,14.8,1],"texture":"#4"},"up":{"uv":[14,2,13.6,1.6],"texture":"#4"},"down":{"uv":[14,2.4,13.6,2.8],"texture":"#4"}}},{"from":[7.25,11.75,7.25],"to":[8.75,12.25,8.75],"rotation":{"angle":0,"axis":"y","origin":[7.5,6.75,7.5]},"faces":{"north":{"uv":[13.6,12.8,14.2,13],"texture":"#4"},"east":{"uv":[13.6,13.6,14.2,13.8],"texture":"#4"},"south":{"uv":[14,4.8,14.6,5],"texture":"#4"},"west":{"uv":[14,5.6,14.6,5.8],"texture":"#4"},"up":{"uv":[11.4,5.4,10.8,4.8],"texture":"#4"},"down":{"uv":[6.2,10.8,5.6,11.4],"texture":"#4"}}},{"from":[7.5,6.25,7.5],"to":[8.5,7.75,8.5],"rotation":{"angle":0,"axis":"y","origin":[7.5,6.25,7.5]},"faces":{"north":{"uv":[0,12.4,0.4,13],"texture":"#4"},"east":{"uv":[12.4,0,12.8,0.6],"texture":"#4"},"south":{"uv":[0.8,12.4,1.2,13],"texture":"#4"},"west":{"uv":[1.6,12.4,2,13],"texture":"#4"},"up":{"uv":[0.4,14,0,13.6],"texture":"#4"}}},{"from":[7.5,10.25,7.5],"to":[8.5,11.75,8.5],"rotation":{"angle":0,"axis":"y","origin":[7.5,10.25,7.5]},"faces":{"north":{"uv":[12.4,5.6,12.8,6.2],"texture":"#4"},"east":{"uv":[6.4,12.4,6.8,13],"texture":"#4"},"south":{"uv":[7.2,12.4,7.6,13],"texture":"#4"},"west":{"uv":[8,12.4,8.4,13],"texture":"#4"},"down":{"uv":[1.2,13.6,0.8,14],"texture":"#4"}}},{"from":[7.625,7.75,7.625],"to":[8.375,10.25,8.375],"rotation":{"angle":0,"axis":"y","origin":[7.625,8.75,7.375]},"faces":{"north":{"uv":[2.4,11.6,2.7,12.6],"texture":"#4"},"east":{"uv":[4.8,11.6,5.1,12.6],"texture":"#4"},"south":{"uv":[11.6,9.6,11.9,10.6],"texture":"#4"},"west":{"uv":[11.6,11.2,11.9,12.2],"texture":"#4"}}},{"from":[7.25,-1.25,7.25],"to":[8.75,-0.75,8.75],"rotation":{"angle":0,"axis":"y","origin":[7.5,-1.25,7.5]},"faces":{"north":{"uv":[14,9.6,14.6,9.8],"texture":"#4"},"east":{"uv":[14,10.4,14.6,10.6],"texture":"#4"},"south":{"uv":[10.8,14,11.4,14.2],"texture":"#4"},"west":{"uv":[14,11.2,14.6,11.4],"texture":"#4"},"up":{"uv":[1.8,11.8,1.2,11.2],"texture":"#4"},"down":{"uv":[11.8,6,11.2,6.6],"texture":"#4"}}},{"from":[7.25,4.75,7.25],"to":[8.75,5.25,8.75],"rotation":{"angle":0,"axis":"y","origin":[7.5,-0.25,7.5]},"faces":{"north":{"uv":[14,6.4,14.6,6.6],"texture":"#4"},"east":{"uv":[14,7.2,14.6,7.4],"texture":"#4"},"south":{"uv":[14,8,14.6,8.2],"texture":"#4"},"west":{"uv":[14,8.8,14.6,9],"texture":"#4"},"up":{"uv":[0.6,11.8,0,11.2],"texture":"#4"},"down":{"uv":[11.8,0,11.2,0.6],"texture":"#4"}}},{"from":[7.5,-0.75,7.5],"to":[8.5,0.75,8.5],"rotation":{"angle":0,"axis":"y","origin":[7.5,-0.75,7.5]},"faces":{"north":{"uv":[12.4,10.8,12.8,11.4],"texture":"#4"},"east":{"uv":[12.4,12,12.8,12.6],"texture":"#4"},"south":{"uv":[12.8,1.2,13.2,1.8],"texture":"#4"},"west":{"uv":[12.8,2.4,13.2,3],"texture":"#4"},"up":{"uv":[2,14,1.6,13.6],"texture":"#4"}}},{"from":[7.5,3.25,7.5],"to":[8.5,4.75,8.5],"rotation":{"angle":0,"axis":"y","origin":[7.5,3.25,7.5]},"faces":{"north":{"uv":[8.8,12.4,9.2,13],"texture":"#4"},"east":{"uv":[9.6,12.4,10,13],"texture":"#4"},"south":{"uv":[12.4,9.6,12.8,10.2],"texture":"#4"},"west":{"uv":[10.4,12.4,10.8,13],"texture":"#4"},"down":{"uv":[14,0.8,13.6,1.2],"texture":"#4"}}},{"from":[7.625,0.75,7.625],"to":[8.375,3.25,8.375],"rotation":{"angle":0,"axis":"y","origin":[7.625,1.75,7.375]},"faces":{"north":{"uv":[12,1.2,12.3,2.2],"texture":"#4"},"east":{"uv":[12,2.8,12.3,3.8],"texture":"#4"},"south":{"uv":[3.2,12,3.5,13],"texture":"#4"},"west":{"uv":[4,12,4.3,13],"texture":"#4"}}},{"from":[7,20.68198,7],"to":[9,22.68198,9],"rotation":{"angle":0,"axis":"y","origin":[7,20.68198,7]},"faces":{"east":{"uv":[8.8,2.8,9.6,3.6],"texture":"#4"},"west":{"uv":[8.8,4,9.6,4.8],"texture":"#4"},"down":{"uv":[5.6,8.8,4.8,9.6],"texture":"#4"}}},{"from":[6.875,18,6.85],"to":[9.125,21,8.35],"rotation":{"angle":-22.5,"axis":"x","origin":[-0.125,18,0.6]},"faces":{"north":{"uv":[5.2,2.4,6.1,3.6],"texture":"#4"},"east":{"uv":[0,6.4,0.6,7.6],"texture":"#4"},"south":{"uv":[5.6,4,6.5,5.2],"texture":"#4"},"west":{"uv":[6.8,8,7.4,9.2],"texture":"#4"},"up":{"uv":[3.3,9.8,2.4,9.2],"texture":"#4"},"down":{"uv":[10.1,7.6,9.2,8.2],"texture":"#4"}}},{"from":[6.75,21,8.5],"to":[9.25,23,10.5],"rotation":{"angle":-45,"axis":"x","origin":[7,20.5,8]},"faces":{"north":{"uv":[0,8,1,8.8],"texture":"#4"},"east":{"uv":[8.8,5.2,9.6,6],"texture":"#4"},"south":{"uv":[8,0,9,0.8],"texture":"#4"},"west":{"uv":[8.8,6.4,9.6,7.2],"texture":"#4"},"up":{"uv":[2.6,8.8,1.6,8],"texture":"#4"},"down":{"uv":[4.2,8,3.2,8.8],"texture":"#4"}}},{"from":[7.375,-9,7.85],"to":[8.625,-7.25,8.85],"rotation":{"angle":-22.5,"axis":"x","origin":[-0.625,-9,1.1]},"faces":{"north":{"uv":[6.8,11.2,7.3,11.9],"texture":"#4"},"east":{"uv":[12,4.4,12.4,5.1],"texture":"#4"},"south":{"uv":[8,11.2,8.5,11.9],"texture":"#4"},"west":{"uv":[5.6,12,6,12.7],"texture":"#4"},"up":{"uv":[13.3,5.2,12.8,4.8],"texture":"#4"},"down":{"uv":[13.7,0,13.2,0.4],"texture":"#4"}}},{"from":[7.5,-6.72164,5.97332],"to":[8.5,-5.47164,7.22332],"rotation":{"angle":-45,"axis":"x","origin":[8,-5.57273,6.34526]},"faces":{"north":{"uv":[2.4,13.2,2.8,13.7],"texture":"#4"},"east":{"uv":[12,7.2,12.5,7.7],"texture":"#4"},"west":{"uv":[12,8.4,12.5,8.9],"texture":"#4"},"up":{"uv":[5.2,13.7,4.8,13.2],"texture":"#4"},"down":{"uv":[6,13.2,5.6,13.7],"texture":"#4"}}},{"from":[7.625,-6.24603,5.49816],"to":[8.375,-4.99603,7.24816],"rotation":{"angle":22.5,"axis":"x","origin":[8,-5.55853,6.06066]},"faces":{"north":{"uv":[6.4,13.6,6.7,14.1],"texture":"#4"},"east":{"uv":[9.2,11.2,9.9,11.7],"texture":"#4"},"west":{"uv":[10.4,11.2,11.1,11.7],"texture":"#4"},"up":{"uv":[13.1,4.3,12.8,3.6],"texture":"#4"},"down":{"uv":[11.5,12.8,11.2,13.5],"texture":"#4"}}},{"from":[7.995,-8.49603,4.99816],"to":[8.005,-3.99603,6.99816],"rotation":{"angle":0,"axis":"y","origin":[8,-5.80853,6.06066]},"faces":{"east":{"uv":[0.8,4,0,5.8],"texture":"#4"},"west":{"uv":[0,4,0.8,5.8],"texture":"#4"}}},{"from":[7.375,-9,7.15],"to":[8.625,-7.25,8.15],"rotation":{"angle":22.5,"axis":"x","origin":[-0.625,-9,14.9]},"faces":{"north":{"uv":[8.5,11.2,8,11.9],"texture":"#4"},"east":{"uv":[12.4,4.4,12,5.1],"texture":"#4"},"south":{"uv":[7.3,11.2,6.8,11.9],"texture":"#4"},"west":{"uv":[6,12,5.6,12.7],"texture":"#4"},"up":{"uv":[13.3,4.8,12.8,5.2],"texture":"#4"},"down":{"uv":[13.7,0.4,13.2,0],"texture":"#4"}}},{"from":[7.5,-6.72164,8.77668],"to":[8.5,-5.47164,10.02668],"rotation":{"angle":45,"axis":"x","origin":[8,-5.57273,9.65474]},"faces":{"east":{"uv":[12.5,7.2,12,7.7],"texture":"#4"},"south":{"uv":[2.8,13.2,2.4,13.7],"texture":"#4"},"west":{"uv":[12.5,8.4,12,8.9],"texture":"#4"},"up":{"uv":[5.2,13.2,4.8,13.7],"texture":"#4"},"down":{"uv":[6,13.7,5.6,13.2],"texture":"#4"}}},{"from":[7.625,-6.24603,8.75184],"to":[8.375,-4.99603,10.50184],"rotation":{"angle":-22.5,"axis":"x","origin":[8,-5.55853,9.93934]},"faces":{"east":{"uv":[9.9,11.2,9.2,11.7],"texture":"#4"},"south":{"uv":[6.7,13.6,6.4,14.1],"texture":"#4"},"west":{"uv":[11.1,11.2,10.4,11.7],"texture":"#4"},"up":{"uv":[13.1,3.6,12.8,4.3],"texture":"#4"},"down":{"uv":[11.5,13.5,11.2,12.8],"texture":"#4"}}},{"from":[7.995,-8.49603,9.00184],"to":[8.005,-3.99603,11.00184],"rotation":{"angle":0,"axis":"y","origin":[8,-5.80853,9.93934]},"faces":{"east":{"uv":[0,4,0.8,5.8],"texture":"#4"},"west":{"uv":[0.8,4,0,5.8],"texture":"#4"}}},{"from":[7.25,15.68198,7.25],"to":[8.75,20.68198,8.75],"rotation":{"angle":45,"axis":"y","origin":[8,16.43198,8]},"faces":{"north":{"uv":[4.4,4,5,6],"texture":"#4"},"east":{"uv":[5.2,0,5.8,2],"texture":"#4"},"south":{"uv":[1.2,5.6,1.8,7.6],"texture":"#4"},"west":{"uv":[2.4,5.6,3,7.6],"texture":"#4"},"up":{"uv":[11.4,7.8,10.8,7.2],"texture":"#4"},"down":{"uv":[11.4,8.4,10.8,9],"texture":"#4"}}},{"from":[7.225,15.68198,7.225],"to":[8.775,20.68198,8.775],"rotation":{"angle":45,"axis":"y","origin":[8,18.18198,8]},"faces":{"north":{"uv":[0,0,2,6.66667],"texture":"#3"},"east":{"uv":[2.66667,0,4.66667,6.66667],"texture":"#3"},"south":{"uv":[5.33333,0,7.33333,6.66667],"texture":"#3"},"west":{"uv":[8,0,10,6.66667],"texture":"#3"}}},{"from":[6.875,18,7.65],"to":[9.125,21,9.15],"rotation":{"angle":22.5,"axis":"x","origin":[-0.125,18,15.4]},"faces":{"north":{"uv":[5.6,5.6,6.5,6.8],"texture":"#4"},"east":{"uv":[8,8,8.6,9.2],"texture":"#4"},"south":{"uv":[6.4,0,7.3,1.2],"texture":"#4"},"west":{"uv":[8.4,1.2,9,2.4],"texture":"#4"},"up":{"uv":[10.1,9.4,9.2,8.8],"texture":"#4"},"down":{"uv":[10.5,0,9.6,0.6],"texture":"#4"}}},{"from":[7.20146,25.019,7.20173],"to":[7.23626,31.979,10.68173],"rotation":{"angle":22.5,"axis":"y","origin":[8.94146,28.499,8.94115]},"faces":{"east":{"uv":[12,0,9,6],"texture":"#2"},"west":{"uv":[9,0,12,6],"texture":"#2"}}},{"from":[8.76374,25.019,5.31827],"to":[8.79854,31.979,8.79827],"rotation":{"angle":22.5,"axis":"y","origin":[7.05854,28.499,7.05885]},"faces":{"east":{"uv":[3,0,6,6],"texture":"#2"},"west":{"uv":[6,0,3,6],"texture":"#2"}}},{"from":[8.76356,25.019,7.20146],"to":[8.79836,31.979,10.68146],"rotation":{"angle":-22.5,"axis":"y","origin":[7.05778,28.499,8.94146]},"faces":{"east":{"uv":[0,0,3,6],"texture":"#2"},"west":{"uv":[3,0,0,6],"texture":"#2"}}},{"from":[7.20164,25.019,5.31854],"to":[7.23644,31.979,8.79854],"rotation":{"angle":-22.5,"axis":"y","origin":[8.94222,28.499,7.05854]},"faces":{"east":{"uv":[9,0,6,6],"texture":"#2"},"west":{"uv":[6,0,9,6],"texture":"#2"}}},{"from":[7.4915,20.42475,11.6801],"to":[8.5085,20.83155,11.8835],"rotation":{"angle":-22.5,"axis":"x","origin":[8,21.1875,11.375]},"faces":{"north":{"uv":[12,14,12.5,14.2],"texture":"#4"},"east":{"uv":[14.4,1.6,14.5,1.8],"texture":"#4"},"south":{"uv":[14,12,14.5,12.2],"texture":"#4"},"west":{"uv":[14.4,2.4,14.5,2.6],"texture":"#4"},"down":{"uv":[2.1,14.4,1.6,14.5],"texture":"#4"}}},{"from":[7.0847,20.83155,10.05289],"to":[8.9153,22.66216,11.8835],"rotation":{"angle":-22.5,"axis":"x","origin":[8,21.1875,11.375]},"faces":{"north":{"uv":[3.6,6.4,4.5,7.3],"texture":"#4"},"east":{"uv":[6.8,1.6,7.7,2.5],"texture":"#4"},"south":{"uv":[7.2,3.2,8.1,4.1],"texture":"#4"},"west":{"uv":[7.2,4.8,8.1,5.7],"texture":"#4"},"up":{"uv":[6.1,8.1,5.2,7.2],"texture":"#4"},"down":{"uv":[8.1,6.4,7.2,7.3],"texture":"#4"}}},{"from":[7.0847,20.83155,4.1165],"to":[8.9153,22.66216,5.94711],"rotation":{"angle":22.5,"axis":"x","origin":[8,21.1875,4.625]},"faces":{"north":{"uv":[8.1,3.2,7.2,4.1],"texture":"#4"},"east":{"uv":[7.7,1.6,6.8,2.5],"texture":"#4"},"south":{"uv":[4.5,6.4,3.6,7.3],"texture":"#4"},"west":{"uv":[8.1,4.8,7.2,5.7],"texture":"#4"},"up":{"uv":[6.1,7.2,5.2,8.1],"texture":"#4"},"down":{"uv":[8.1,7.3,7.2,6.4],"texture":"#4"}}},{"from":[7.4915,20.42475,4.1165],"to":[8.5085,20.83155,4.3199],"rotation":{"angle":22.5,"axis":"x","origin":[8,21.1875,4.625]},"faces":{"north":{"uv":[14.5,12,14,12.2],"texture":"#4"},"east":{"uv":[14.5,1.6,14.4,1.8],"texture":"#4"},"south":{"uv":[12.5,14,12,14.2],"texture":"#4"},"west":{"uv":[14.5,2.4,14.4,2.6],"texture":"#4"},"down":{"uv":[2.1,14.5,1.6,14.4],"texture":"#4"}}},{"from":[7.29289,-4,8],"to":[8.29289,-1,9],"rotation":{"angle":45,"axis":"y","origin":[7.29289,-2,8]},"faces":{"north":{"uv":[4,9.2,4.4,10.4],"texture":"#4"},"east":{"uv":[9.6,1.2,10,2.4],"texture":"#4"},"south":{"uv":[6.8,9.6,7.2,10.8],"texture":"#4"},"west":{"uv":[7.6,9.6,8,10.8],"texture":"#4"},"up":{"uv":[3.6,14,3.2,13.6],"texture":"#4"},"down":{"uv":[14,3.2,13.6,3.6],"texture":"#4"}}},{"from":[7.29289,12.25,8],"to":[8.29289,15.75,9],"rotation":{"angle":45,"axis":"y","origin":[7.29289,14.25,8]},"faces":{"north":{"uv":[6,8.8,6.4,10.2],"texture":"#4"},"east":{"uv":[0,9.2,0.4,10.6],"texture":"#4"},"south":{"uv":[0.8,9.2,1.2,10.6],"texture":"#4"},"west":{"uv":[1.6,9.2,2,10.6],"texture":"#4"},"down":{"uv":[4.4,13.6,4,14],"texture":"#4"}}},{"from":[7.5,21.75,8],"to":[8.5,24.75,11],"rotation":{"angle":-45,"axis":"x","origin":[7.5,21.75,8]},"faces":{"north":{"uv":[8.4,9.6,8.8,10.8],"texture":"#4"},"east":{"uv":[1.2,4,2.4,5.2],"texture":"#4"},"south":{"uv":[10,2.8,10.4,4],"texture":"#4"},"west":{"uv":[2.8,4,4,5.2],"texture":"#4"},"up":{"uv":[10.4,5.6,10,4.4],"texture":"#4"},"down":{"uv":[5.2,10,4.8,11.2],"texture":"#4"}}},{"from":[7.985,23.75,2.125],"to":[8.015,32,13.875],"rotation":{"angle":0,"axis":"y","origin":[7.985,24.5,6.375]},"faces":{"east":{"uv":[4.7,0,0,3.3],"texture":"#4"},"west":{"uv":[0,0,4.7,3.3],"texture":"#4"}}}],"gui_light":"front","display":{"thirdperson_righthand":{"translation":[0,-3.25,1]},"thirdperson_lefthand":{"translation":[0,-3.25,1]},"firstperson_righthand":{"rotation":[6.75,0,0],"translation":[2,-2.75,0],"scale":[0.7,0.7,0.7]},"firstperson_lefthand":{"rotation":[6.75,0,0],"translation":[2,-2.75,0],"scale":[0.7,0.7,0.7]},"ground":{"rotation":[-45,0,0],"translation":[0,3,0],"scale":[0.7,0.7,0.7]},"gui":{"rotation":[-90,45,90],"translation":[1.25,-1.25,0],"scale":[0.6,0.6,0.6]},"head":{"rotation":[0,-90,0]},"fixed":{"rotation":[0,-90,0],"translation":[0,0,-1.75],"scale":[2,2,2]}}}