{"credit":"165594 / 37212O","texture_size":[20,20],"textures":{"2":"discordnitroset:animations/nitro_gems","3":"discordnitroset:animations/animations_1","5":"discordnitroset:hoe","particle":"discordnitroset:animations/nitro_gems"},"elements":[{"from":[7.5,0,7.5],"to":[8.5,1,8.5],"rotation":{"angle":0,"axis":"y","origin":[7.5,0,7.5]},"faces":{"north":{"uv":[12,10.4,12.8,11.2],"texture":"#5"},"east":{"uv":[9.6,12.8,10.4,13.6],"texture":"#5"},"south":{"uv":[10.4,12.8,11.2,13.6],"texture":"#5"},"west":{"uv":[11.2,12.8,12,13.6],"texture":"#5"},"up":{"uv":[13.6,12,12.8,11.2],"texture":"#5"},"down":{"uv":[12.8,12.8,12,13.6],"texture":"#5"}}},{"from":[7.5,1.75,7.5],"to":[8.5,2.75,8.5],"rotation":{"angle":0,"axis":"y","origin":[7.5,0,7.5]},"faces":{"north":{"uv":[12.8,12,13.6,12.8],"texture":"#5"},"east":{"uv":[12.8,12.8,13.6,13.6],"texture":"#5"},"south":{"uv":[13.6,0,14.4,0.8],"texture":"#5"},"west":{"uv":[13.6,0.8,14.4,1.6],"texture":"#5"},"up":{"uv":[14.4,2.4,13.6,1.6],"texture":"#5"},"down":{"uv":[14.4,2.4,13.6,3.2],"texture":"#5"}}},{"from":[7.5,10.5,7.5],"to":[8.5,11.5,8.5],"rotation":{"angle":0,"axis":"y","origin":[7.5,8.75,7.5]},"faces":{"north":{"uv":[3.2,13.6,4,14.4],"texture":"#5"},"east":{"uv":[13.6,3.2,14.4,4],"texture":"#5"},"south":{"uv":[4,13.6,4.8,14.4],"texture":"#5"},"west":{"uv":[13.6,4,14.4,4.8],"texture":"#5"},"up":{"uv":[5.6,14.4,4.8,13.6],"texture":"#5"},"down":{"uv":[14.4,4.8,13.6,5.6],"texture":"#5"}}},{"from":[7.5,3.5,7.5],"to":[8.5,4.5,8.5],"rotation":{"angle":0,"axis":"y","origin":[7.5,1.75,7.5]},"faces":{"north":{"uv":[5.6,13.6,6.4,14.4],"texture":"#5"},"east":{"uv":[13.6,5.6,14.4,6.4],"texture":"#5"},"south":{"uv":[6.4,13.6,7.2,14.4],"texture":"#5"},"west":{"uv":[13.6,6.4,14.4,7.2],"texture":"#5"},"up":{"uv":[8,14.4,7.2,13.6],"texture":"#5"},"down":{"uv":[14.4,7.2,13.6,8],"texture":"#5"}}},{"from":[7.6,1,7.6],"to":[8.4,1.75,8.4],"rotation":{"angle":0,"axis":"y","origin":[7.5,0,7.5]},"faces":{"north":{"uv":[6.4,14.4,7,15],"texture":"#5"},"east":{"uv":[7.2,14.4,7.8,15],"texture":"#5"},"south":{"uv":[14.4,7.2,15,7.8],"texture":"#5"},"west":{"uv":[14.4,8,15,8.6],"texture":"#5"}}},{"from":[7.6,2.75,7.6],"to":[8.4,3.5,8.4],"rotation":{"angle":0,"axis":"y","origin":[7.5,0,7.5]},"faces":{"north":{"uv":[14.4,8.8,15,9.4],"texture":"#5"},"east":{"uv":[9.6,14.4,10.2,15],"texture":"#5"},"south":{"uv":[14.4,9.6,15,10.2],"texture":"#5"},"west":{"uv":[10.4,14.4,11,15],"texture":"#5"}}},{"from":[7.375,-0.625,7.375],"to":[8.625,0.625,8.625],"rotation":{"angle":-45,"axis":"x","origin":[8,0,8]},"faces":{"north":{"uv":[11.2,11.2,12.2,12.2],"texture":"#5"},"east":{"uv":[12,1.6,13,2.6],"texture":"#5"},"south":{"uv":[3.2,12,4.2,13],"texture":"#5"},"west":{"uv":[12,3.2,13,4.2],"texture":"#5"},"up":{"uv":[5.8,13,4.8,12],"texture":"#5"},"down":{"uv":[13,4.8,12,5.8],"texture":"#5"}}},{"from":[7.6,-1.25,7.1],"to":[8.4,-0.25,8.1],"rotation":{"angle":-22.5,"axis":"x","origin":[7.75,-1.25,6.1]},"faces":{"east":{"uv":[13.6,8,14.4,8.8],"texture":"#5"},"west":{"uv":[13.6,8.8,14.4,9.6],"texture":"#5"},"up":{"uv":[13.4,14.4,12.8,13.6],"texture":"#5"},"down":{"uv":[14.2,12.8,13.6,13.6],"texture":"#5"}}},{"from":[7.5,-1.20978,5.67926],"to":[8.5,0.79022,6.67926],"rotation":{"angle":-22.5,"axis":"x","origin":[8,-0.13478,6.17926]},"faces":{"north":{"uv":[9.6,6.4,10.4,8],"texture":"#5"},"east":{"uv":[9.6,8,10.4,9.6],"texture":"#5"},"south":{"uv":[9.6,9.6,10.4,11.2],"texture":"#5"},"west":{"uv":[10.4,0,11.2,1.6],"texture":"#5"},"up":{"uv":[10.4,14.4,9.6,13.6],"texture":"#5"},"down":{"uv":[14.4,9.6,13.6,10.4],"texture":"#5"}}},{"from":[7.6,-1.25,7.9],"to":[8.4,-0.25,8.9],"rotation":{"angle":22.5,"axis":"x","origin":[7.75,-1.25,9.9]},"faces":{"east":{"uv":[14.4,8,13.6,8.8],"texture":"#5"},"west":{"uv":[14.4,8.8,13.6,9.6],"texture":"#5"},"up":{"uv":[13.4,13.6,12.8,14.4],"texture":"#5"},"down":{"uv":[14.2,13.6,13.6,12.8],"texture":"#5"}}},{"from":[7.5,-1.20978,9.32074],"to":[8.5,0.79022,10.32074],"rotation":{"angle":22.5,"axis":"x","origin":[8,-0.13478,9.82074]},"faces":{"north":{"uv":[10.4,9.6,9.6,11.2],"texture":"#5"},"east":{"uv":[10.4,8,9.6,9.6],"texture":"#5"},"south":{"uv":[10.4,6.4,9.6,8],"texture":"#5"},"west":{"uv":[11.2,0,10.4,1.6],"texture":"#5"},"up":{"uv":[10.4,13.6,9.6,14.4],"texture":"#5"},"down":{"uv":[14.4,10.4,13.6,9.6],"texture":"#5"}}},{"from":[7.3,11.51351,4.35971],"to":[8.7,14.51351,5.35971],"rotation":{"angle":-45,"axis":"x","origin":[8,13.31351,4.75971]},"faces":{"north":{"uv":[8,4,9.2,6.4],"texture":"#5"},"east":{"uv":[9.6,0,10.4,2.4],"texture":"#5"},"south":{"uv":[8,6.4,9.2,8.8],"texture":"#5"},"west":{"uv":[9.6,2.4,10.4,4.8],"texture":"#5"},"up":{"uv":[9.2,12.8,8,12],"texture":"#5"},"down":{"uv":[13.2,8,12,8.8],"texture":"#5"}}},{"from":[7.55,11.92931,3.79784],"to":[8.45,15.42931,5.29784],"rotation":{"angle":-22.5,"axis":"x","origin":[8,12.72931,4.69784]},"faces":{"north":{"uv":[8,8.8,8.8,11.6],"texture":"#5"},"east":{"uv":[6.4,4,7.6,6.8],"texture":"#5"},"south":{"uv":[8.8,8.8,9.6,11.6],"texture":"#5"},"west":{"uv":[6.4,7.2,7.6,10],"texture":"#5"},"up":{"uv":[12.8,10,12,8.8],"texture":"#5"},"down":{"uv":[0.8,12.8,0,14],"texture":"#5"}}},{"from":[7.5,12.02545,5.06836],"to":[8.5,13.02545,6.81836],"rotation":{"angle":-22.5,"axis":"x","origin":[8,13.77545,4.56836]},"faces":{"east":{"uv":[3.2,11.2,4.6,12],"texture":"#5"},"west":{"uv":[4.8,11.2,6.2,12],"texture":"#5"},"up":{"uv":[10.4,12.6,9.6,11.2],"texture":"#5"},"down":{"uv":[11.2,11.2,10.4,12.6],"texture":"#5"}}},{"from":[7.65,13.35,5.7],"to":[8.35,13.85,7.7],"rotation":{"angle":-22.5,"axis":"x","origin":[7.5,12.35,5.7]},"faces":{"east":{"uv":[10.4,13.6,12,14],"texture":"#5"},"west":{"uv":[13.6,10.4,15.2,10.8],"texture":"#5"},"up":{"uv":[13.4,1.6,12.8,0],"texture":"#5"}}},{"from":[7.55,11.92931,10.70216],"to":[8.45,15.42931,12.20216],"rotation":{"angle":22.5,"axis":"x","origin":[8,12.72931,11.30216]},"faces":{"north":{"uv":[9.6,8.8,8.8,11.6],"texture":"#5"},"east":{"uv":[7.6,4,6.4,6.8],"texture":"#5"},"south":{"uv":[8.8,8.8,8,11.6],"texture":"#5"},"west":{"uv":[7.6,7.2,6.4,10],"texture":"#5"},"up":{"uv":[12.8,8.8,12,10],"texture":"#5"},"down":{"uv":[0.8,14,0,12.8],"texture":"#5"}}},{"from":[7.3,11.51351,10.64029],"to":[8.7,14.51351,11.64029],"rotation":{"angle":45,"axis":"x","origin":[8,13.31351,11.24029]},"faces":{"north":{"uv":[9.2,6.4,8,8.8],"texture":"#5"},"east":{"uv":[10.4,0,9.6,2.4],"texture":"#5"},"south":{"uv":[9.2,4,8,6.4],"texture":"#5"},"west":{"uv":[10.4,2.4,9.6,4.8],"texture":"#5"},"up":{"uv":[9.2,12,8,12.8],"texture":"#5"},"down":{"uv":[13.2,8.8,12,8],"texture":"#5"}}},{"from":[7.5,12.02545,9.18164],"to":[8.5,13.02545,10.93164],"rotation":{"angle":22.5,"axis":"x","origin":[8,13.77545,11.43164]},"faces":{"east":{"uv":[4.6,11.2,3.2,12],"texture":"#5"},"west":{"uv":[6.2,11.2,4.8,12],"texture":"#5"},"up":{"uv":[10.4,11.2,9.6,12.6],"texture":"#5"},"down":{"uv":[11.2,12.6,10.4,11.2],"texture":"#5"}}},{"from":[7.65,13.35,8.3],"to":[8.35,13.85,10.3],"rotation":{"angle":22.5,"axis":"x","origin":[7.5,12.35,10.3]},"faces":{"east":{"uv":[12,13.6,10.4,14],"texture":"#5"},"west":{"uv":[15.2,10.4,13.6,10.8],"texture":"#5"},"up":{"uv":[13.4,0,12.8,1.6],"texture":"#5"}}},{"from":[7.25,12.07855,6.7625],"to":[8.75,14.57855,7.2625],"rotation":{"angle":0,"axis":"y","origin":[7,10.57855,6.7625]},"faces":{"north":{"uv":[0,8.8,1.2,10.8],"texture":"#5"},"east":{"uv":[2.4,12.8,2.8,14.8],"texture":"#5"},"south":{"uv":[1.6,8.8,2.8,10.8],"texture":"#5"},"west":{"uv":[8,12.8,8.4,14.8],"texture":"#5"}}},{"from":[7.25,14.18211,7.21961],"to":[8.75,15.43211,7.71961],"rotation":{"angle":45,"axis":"x","origin":[8,14.93211,7.46961]},"faces":{"north":{"uv":[10.4,3.2,11.6,4.2],"texture":"#5"},"east":{"uv":[0,14.4,0.4,15.4],"texture":"#5"},"south":{"uv":[6.4,10.4,7.6,11.4],"texture":"#5"},"west":{"uv":[14.4,2.4,14.8,3.4],"texture":"#5"}}},{"from":[7.25,15.43211,7.21961],"to":[8.75,15.93211,7.71961],"rotation":{"angle":45,"axis":"x","origin":[8,14.93211,7.46961]},"faces":{"north":{"uv":[13.6,13.6,14.8,14],"texture":"#5"},"east":{"uv":[14.4,11.2,14.8,11.6],"texture":"#5"},"west":{"uv":[14.4,12,14.8,12.4],"texture":"#5"},"up":{"uv":[15.6,0.4,14.4,0],"texture":"#5"}}},{"from":[7.25,11.16434,7.21973],"to":[8.75,11.66434,7.71973],"rotation":{"angle":45,"axis":"x","origin":[8,10.66434,7.46973]},"faces":{"east":{"uv":[12.8,14.4,13.2,14.8],"texture":"#5"},"south":{"uv":[14.4,0.8,15.6,1.2],"texture":"#5"},"west":{"uv":[14.4,12.8,14.8,13.2],"texture":"#5"},"down":{"uv":[15.6,1.6,14.4,2],"texture":"#5"}}},{"from":[7.25,14.18211,8.28039],"to":[8.75,15.43211,8.78039],"rotation":{"angle":-45,"axis":"x","origin":[8,14.93211,8.53039]},"faces":{"north":{"uv":[10.4,6.4,11.6,7.4],"texture":"#5"},"east":{"uv":[3.2,14.4,3.6,15.4],"texture":"#5"},"south":{"uv":[10.4,8,11.6,9],"texture":"#5"},"west":{"uv":[4,14.4,4.4,15.4],"texture":"#5"}}},{"from":[7.25,11.225,8.28039],"to":[8.75,12.475,8.78039],"rotation":{"angle":45,"axis":"x","origin":[8,11.725,8.53039]},"faces":{"north":{"uv":[10.4,9.6,11.6,10.6],"texture":"#5"},"east":{"uv":[14.4,4,14.8,5],"texture":"#5"},"south":{"uv":[0,11.2,1.2,12.2],"texture":"#5"},"west":{"uv":[4.8,14.4,5.2,15.4],"texture":"#5"}}},{"from":[7.25,11.225,7.21961],"to":[8.75,12.475,7.71961],"rotation":{"angle":-45,"axis":"x","origin":[8,11.725,7.46961]},"faces":{"north":{"uv":[11.2,0,12.4,1],"texture":"#5"},"east":{"uv":[5.6,14.4,6,15.4],"texture":"#5"},"south":{"uv":[1.6,11.2,2.8,12.2],"texture":"#5"},"west":{"uv":[14.4,5.6,14.8,6.6],"texture":"#5"}}},{"from":[7.25,12.07855,8.7375],"to":[8.75,14.57855,9.2375],"rotation":{"angle":0,"axis":"y","origin":[7,10.57855,9.2375]},"faces":{"north":{"uv":[3.2,8.8,4.4,10.8],"texture":"#5"},"east":{"uv":[8.8,12.8,9.2,14.8],"texture":"#5"},"south":{"uv":[4.8,8.8,6,10.8],"texture":"#5"},"west":{"uv":[12.8,8.8,13.2,10.8],"texture":"#5"}}},{"from":[7.4,11.52322,7.25],"to":[7.4,15.14822,8.75],"rotation":{"angle":0,"axis":"y","origin":[7.5,20.64822,6.5]},"faces":{"west":{"uv":[0,0,6,15],"texture":"#2"}}},{"from":[7,10,4.5],"to":[7,17,11.5],"rotation":{"angle":0,"axis":"y","origin":[7,19,4.5]},"faces":{"west":{"uv":[0,0,14,14],"texture":"#3"}}},{"from":[8.6,11.52322,7.25],"to":[8.6,15.14822,8.75],"rotation":{"angle":0,"axis":"y","origin":[8.5,20.64822,6.5]},"faces":{"east":{"uv":[0,0,6,15],"texture":"#2"}}},{"from":[9,10,4.5],"to":[9,17,11.5],"rotation":{"angle":0,"axis":"y","origin":[9,19,4.5]},"faces":{"east":{"uv":[0,0,14,14],"texture":"#3"}}},{"from":[7.35,4.5,7.35],"to":[8.65,10.5,8.65],"rotation":{"angle":0,"axis":"y","origin":[7.5,4.5,6.5]},"faces":{"north":{"uv":[0,4,1,8.8],"texture":"#5"},"east":{"uv":[1.6,4,2.6,8.8],"texture":"#5"},"south":{"uv":[3.2,4,4.2,8.8],"texture":"#5"},"west":{"uv":[4.8,4,5.8,8.8],"texture":"#5"},"up":{"uv":[7.4,13,6.4,12],"texture":"#5"},"down":{"uv":[13,6.4,12,7.4],"texture":"#5"}}},{"from":[7.75,11.4,1.175],"to":[8.25,12.4,4.175],"rotation":{"angle":-22.5,"axis":"x","origin":[8,11.175,1.55873]},"faces":{"east":{"uv":[9.6,4.8,12,5.6],"texture":"#5"},"west":{"uv":[9.6,5.6,12,6.4],"texture":"#5"},"up":{"uv":[1.2,15.2,0.8,12.8],"texture":"#5"},"down":{"uv":[2,12.8,1.6,15.2],"texture":"#5"}}},{"from":[7.75,11.4536,-0.327],"to":[8.25,12.4536,1.673],"rotation":{"angle":-45,"axis":"x","origin":[8,11.175,1.55873]},"faces":{"north":{"uv":[11.2,14.4,11.6,15.2],"texture":"#5"},"east":{"uv":[10.4,1.6,12,2.4],"texture":"#5"},"west":{"uv":[10.4,2.4,12,3.2],"texture":"#5"},"up":{"uv":[14,12.8,13.6,11.2],"texture":"#5"},"down":{"uv":[12.4,13.6,12,15.2],"texture":"#5"}}},{"from":[7.975,7.45,-4.225],"to":[8.025,12.45,7.775],"rotation":{"angle":-22.5,"axis":"x","origin":[8,11.175,1.55873]},"faces":{"east":{"uv":[9.6,0,0,4],"texture":"#5"},"west":{"uv":[0,0,9.6,4],"texture":"#5"}}}],"gui_light":"front","display":{"thirdperson_righthand":{"translation":[0,3.5,1]},"thirdperson_lefthand":{"translation":[0,3.5,1]},"firstperson_righthand":{"rotation":[-10,0,0],"translation":[0,5,0]},"firstperson_lefthand":{"rotation":[-10,0,0],"translation":[0,5,0]},"ground":{"rotation":[-45,0,0],"translation":[0,12.25,0]},"gui":{"rotation":[-90,45,90],"translation":[0.5,0.25,0],"scale":[0.73828,0.73828,0.73828]},"head":{"rotation":[0,90,0],"translation":[0,-2,0],"scale":[1.5,1.5,1.5]},"fixed":{"rotation":[90,-90,90],"translation":[0,1,-1.25],"scale":[1.5,1.5,1.5]}}}