{"credit":"42783 / 68320G5FV07KPNEKU0","texture_size":[28,28],"textures":{"0":"infernoset:wings","particle":"infernoset:wings"},"elements":[{"from":[7.375,-9.625,7.01785],"to":[8.625,-8.375,7.81785],"rotation":{"angle":45,"axis":"z","origin":[8,-9,7.41785]},"faces":{"north":{"uv":[0.14286,11.57143,1.57143,13],"texture":"#0","tintindex":0},"east":{"uv":[12.14286,4.14286,13,5.57143],"texture":"#0","tintindex":0},"south":{"uv":[1.85714,11.57143,3.28571,13],"texture":"#0","tintindex":0},"west":{"uv":[12.14286,5.85714,13,7.28571],"texture":"#0","tintindex":0},"up":{"uv":[13.57143,8.42857,12.14286,7.57143],"texture":"#0","tintindex":0},"down":{"uv":[13.57143,8.71429,12.14286,9.57143],"texture":"#0","tintindex":0}}},{"from":[7.5,-9.5,6.84285],"to":[8.5,-8.5,7.99285],"rotation":{"angle":45,"axis":"z","origin":[8,-9,7.41785]},"faces":{"north":{"uv":[12.14286,1.85714,13.28571,3],"texture":"#0","tintindex":0},"east":{"uv":[8.14286,11.57143,9.42857,12.71429],"texture":"#0","tintindex":0},"south":{"uv":[12.14286,3,13.28571,4.14286],"texture":"#0","tintindex":0},"west":{"uv":[9.85714,11.57143,11.14286,12.71429],"texture":"#0","tintindex":0},"up":{"uv":[12.71429,12.85714,11.57143,11.57143],"texture":"#0","tintindex":0},"down":{"uv":[13.28571,0.14286,12.14286,1.42857],"texture":"#0","tintindex":0}}},{"from":[7.21139,-8.5,7.16785],"to":[7.71139,-7.75,7.66785],"rotation":{"angle":0,"axis":"z","origin":[7.21139,-9,7.41785]},"faces":{"north":{"uv":[8.71429,12.71429,9.28571,13.57143],"texture":"#0","tintindex":0},"east":{"uv":[9.28571,12.71429,9.85714,13.57143],"texture":"#0","tintindex":0},"south":{"uv":[9.85714,12.71429,10.42857,13.57143],"texture":"#0","tintindex":0},"west":{"uv":[12.71429,9.85714,13.28571,10.71429],"texture":"#0","tintindex":0},"up":{"uv":[13.85714,3,13.28571,2.42857],"texture":"#0","tintindex":0},"down":{"uv":[3.57143,13.28571,3,13.85714],"texture":"#0","tintindex":0}}},{"from":[6.71139,-9.75,7.16785],"to":[7.21139,-8.25,7.66785],"rotation":{"angle":0,"axis":"z","origin":[7.21139,-9,7.41785]},"faces":{"north":{"uv":[12.14286,9.85714,12.71429,11.57143],"texture":"#0","tintindex":0},"east":{"uv":[3.57143,12.71429,4.14286,14.42857],"texture":"#0","tintindex":0},"south":{"uv":[4.14286,12.71429,4.71429,14.42857],"texture":"#0","tintindex":0},"west":{"uv":[4.71429,12.71429,5.28571,14.42857],"texture":"#0","tintindex":0},"up":{"uv":[13.85714,3.57143,13.28571,3],"texture":"#0","tintindex":0},"down":{"uv":[13.85714,3.57143,13.28571,4.14286],"texture":"#0","tintindex":0}}},{"from":[7.38816,-9.88388,7.16885],"to":[8.09516,-9.38388,7.66685],"rotation":{"angle":-45,"axis":"z","origin":[7.21139,-9,7.41785]},"faces":{"north":{"uv":[13.28571,0.14286,14.14286,0.71429],"texture":"#0","tintindex":0},"east":{"uv":[13.28571,5.28571,13.85714,5.85714],"texture":"#0","tintindex":0},"south":{"uv":[0.71429,13.28571,1.57143,13.85714],"texture":"#0","tintindex":0},"down":{"uv":[14.14286,0.71429,13.28571,1.28571],"texture":"#0","tintindex":0}}},{"from":[6.3275,-8.82323,7.16885],"to":[6.8275,-8.11622,7.66685],"rotation":{"angle":-45,"axis":"z","origin":[7.21139,-9,7.41785]},"faces":{"north":{"uv":[13.28571,1.28571,13.85714,2.14286],"texture":"#0","tintindex":0},"south":{"uv":[1.85714,13.28571,2.42857,14.14286],"texture":"#0","tintindex":0},"west":{"uv":[2.42857,13.28571,3,14.14286],"texture":"#0","tintindex":0}}},{"from":[7.21139,-10.25,7.16785],"to":[7.71139,-9.5,7.66785],"rotation":{"angle":0,"axis":"z","origin":[7.21139,-9,7.41785]},"faces":{"north":{"uv":[10.42857,12.71429,11,13.57143],"texture":"#0","tintindex":0},"east":{"uv":[11,12.71429,11.57143,13.57143],"texture":"#0","tintindex":0},"south":{"uv":[12.71429,11,13.28571,11.85714],"texture":"#0","tintindex":0},"west":{"uv":[12.71429,12.14286,13.28571,13],"texture":"#0","tintindex":0},"up":{"uv":[13.85714,4.71429,13.28571,4.14286],"texture":"#0","tintindex":0},"down":{"uv":[13.85714,4.71429,13.28571,5.28571],"texture":"#0","tintindex":0}}},{"from":[7.21139,-9.5,7.21785],"to":[7.66138,-8.5,7.61785],"rotation":{"angle":0,"axis":"z","origin":[7.21139,-9,7.41785]},"faces":{"north":{"uv":[7.57143,12.71429,8.14286,13.85714],"texture":"#0","tintindex":0},"east":{"uv":[0.14286,13.28571,0.57143,14.42857],"texture":"#0","tintindex":0},"south":{"uv":[8.14286,12.71429,8.71429,13.85714],"texture":"#0","tintindex":0}}},{"from":[8.28862,-8.5,7.16785],"to":[8.78862,-7.75,7.66785],"rotation":{"angle":0,"axis":"z","origin":[8.78862,-9,7.41785]},"faces":{"north":{"uv":[9.28571,12.71429,8.71429,13.57143],"texture":"#0","tintindex":0},"east":{"uv":[13.28571,9.85714,12.71429,10.71429],"texture":"#0","tintindex":0},"south":{"uv":[10.42857,12.71429,9.85714,13.57143],"texture":"#0","tintindex":0},"west":{"uv":[9.85714,12.71429,9.28571,13.57143],"texture":"#0","tintindex":0},"up":{"uv":[13.28571,3,13.85714,2.42857],"texture":"#0","tintindex":0},"down":{"uv":[3,13.28571,3.57143,13.85714],"texture":"#0","tintindex":0}}},{"from":[9.1725,-8.82323,7.16885],"to":[9.6725,-8.11622,7.66685],"rotation":{"angle":45,"axis":"z","origin":[8.78862,-9,7.41785]},"faces":{"north":{"uv":[13.85714,1.28571,13.28571,2.14286],"texture":"#0","tintindex":0},"east":{"uv":[3,13.28571,2.42857,14.14286],"texture":"#0","tintindex":0},"south":{"uv":[2.42857,13.28571,1.85714,14.14286],"texture":"#0","tintindex":0}}},{"from":[8.78862,-9.75,7.16785],"to":[9.28862,-8.25,7.66785],"rotation":{"angle":0,"axis":"z","origin":[8.78862,-9,7.41785]},"faces":{"north":{"uv":[12.71429,9.85714,12.14286,11.57143],"texture":"#0","tintindex":0},"east":{"uv":[5.28571,12.71429,4.71429,14.42857],"texture":"#0","tintindex":0},"south":{"uv":[4.71429,12.71429,4.14286,14.42857],"texture":"#0","tintindex":0},"west":{"uv":[4.14286,12.71429,3.57143,14.42857],"texture":"#0","tintindex":0},"up":{"uv":[13.28571,3.57143,13.85714,3],"texture":"#0","tintindex":0},"down":{"uv":[13.28571,3.57143,13.85714,4.14286],"texture":"#0","tintindex":0}}},{"from":[7.90484,-9.88388,7.16885],"to":[8.61184,-9.38388,7.66685],"rotation":{"angle":45,"axis":"z","origin":[8.78862,-9,7.41785]},"faces":{"north":{"uv":[14.14286,0.14286,13.28571,0.71429],"texture":"#0","tintindex":0},"south":{"uv":[1.57143,13.28571,0.71429,13.85714],"texture":"#0","tintindex":0},"west":{"uv":[13.85714,5.28571,13.28571,5.85714],"texture":"#0","tintindex":0},"down":{"uv":[13.28571,0.71429,14.14286,1.28571],"texture":"#0","tintindex":0}}},{"from":[8.28862,-10.25,7.16785],"to":[8.78862,-9.5,7.66785],"rotation":{"angle":0,"axis":"z","origin":[8.78862,-9,7.41785]},"faces":{"north":{"uv":[11,12.71429,10.42857,13.57143],"texture":"#0","tintindex":0},"east":{"uv":[13.28571,12.14286,12.71429,13],"texture":"#0","tintindex":0},"south":{"uv":[13.28571,11,12.71429,11.85714],"texture":"#0","tintindex":0},"west":{"uv":[11.57143,12.71429,11,13.57143],"texture":"#0","tintindex":0},"up":{"uv":[13.28571,4.71429,13.85714,4.14286],"texture":"#0","tintindex":0},"down":{"uv":[13.28571,4.71429,13.85714,5.28571],"texture":"#0","tintindex":0}}},{"from":[8.33861,-9.5,7.21785],"to":[8.78862,-8.5,7.61785],"rotation":{"angle":0,"axis":"z","origin":[8.78862,-9,7.41785]},"faces":{"north":{"uv":[8.14286,12.71429,7.57143,13.85714],"texture":"#0","tintindex":0},"south":{"uv":[8.71429,12.71429,8.14286,13.85714],"texture":"#0","tintindex":0},"west":{"uv":[0.57143,13.28571,0.14286,14.42857],"texture":"#0","tintindex":0}}},{"from":[8.90455,-8.0859,7.06885],"to":[9.15455,-7.0859,7.76885],"rotation":{"angle":-22.5,"axis":"z","origin":[9.02955,-7.5859,7.41885]},"faces":{"north":{"uv":[13.28571,5.85714,13.57143,7],"texture":"#0","tintindex":0},"east":{"uv":[5.28571,12.71429,6.14286,13.85714],"texture":"#0","tintindex":0},"south":{"uv":[13.28571,9.85714,13.57143,11],"texture":"#0","tintindex":0},"west":{"uv":[6.42857,12.71429,7.28571,13.85714],"texture":"#0","tintindex":0},"up":{"uv":[13.57143,11.85714,13.28571,11],"texture":"#0","tintindex":0},"down":{"uv":[11.85714,13.28571,11.57143,14.14286],"texture":"#0","tintindex":0}}},{"from":[6.84544,-8.0859,7.06885],"to":[7.09544,-7.0859,7.76885],"rotation":{"angle":22.5,"axis":"z","origin":[6.97044,-7.5859,7.41885]},"faces":{"north":{"uv":[13.57143,5.85714,13.28571,7],"texture":"#0","tintindex":0},"east":{"uv":[7.28571,12.71429,6.42857,13.85714],"texture":"#0","tintindex":0},"south":{"uv":[13.57143,9.85714,13.28571,11],"texture":"#0","tintindex":0},"west":{"uv":[6.14286,12.71429,5.28571,13.85714],"texture":"#0","tintindex":0},"up":{"uv":[13.28571,11.85714,13.57143,11],"texture":"#0","tintindex":0},"down":{"uv":[11.57143,13.28571,11.85714,14.14286],"texture":"#0","tintindex":0}}},{"from":[7,-7.6875,7.41035],"to":[9,-7.0625,7.42535],"rotation":{"angle":-45,"axis":"x","origin":[8,-7.375,7.41785]},"faces":{"north":{"uv":[3.57143,11.57143,5.85714,12.28571],"texture":"#0","tintindex":0},"south":{"uv":[5.85714,11.57143,3.57143,12.28571],"texture":"#0","tintindex":0}}},{"from":[7,-7.3825,7.10535],"to":[9,-7.3675,7.73035],"rotation":{"angle":-45,"axis":"x","origin":[8,-7.375,7.41785]},"faces":{"up":{"uv":[8.14286,12.28571,5.85714,11.57143],"texture":"#0","tintindex":0},"down":{"uv":[8.14286,11.57143,5.85714,12.28571],"texture":"#0","tintindex":0}}},{"from":[6.84544,-10.9141,7.06885],"to":[7.09544,-9.9141,7.76885],"rotation":{"angle":-22.5,"axis":"z","origin":[6.97044,-10.4141,7.41885]},"faces":{"north":{"uv":[13.57143,7,13.28571,5.85714],"texture":"#0","tintindex":0},"east":{"uv":[7.28571,13.85714,6.42857,12.71429],"texture":"#0","tintindex":0},"south":{"uv":[13.57143,11,13.28571,9.85714],"texture":"#0","tintindex":0},"west":{"uv":[6.14286,13.85714,5.28571,12.71429],"texture":"#0","tintindex":0},"up":{"uv":[11.57143,14.14286,11.85714,13.28571],"texture":"#0","tintindex":0},"down":{"uv":[13.28571,11,13.57143,11.85714],"texture":"#0","tintindex":0}}},{"from":[7,-10.9375,7.41035],"to":[9,-10.3125,7.42535],"rotation":{"angle":45,"axis":"x","origin":[8,-10.625,7.41785]},"faces":{"north":{"uv":[3.57143,12.28571,5.85714,11.57143],"texture":"#0","tintindex":0},"south":{"uv":[5.85714,12.28571,3.57143,11.57143],"texture":"#0","tintindex":0}}},{"from":[7,-10.6325,7.10535],"to":[9,-10.6175,7.73035],"rotation":{"angle":45,"axis":"x","origin":[8,-10.625,7.41785]},"faces":{"up":{"uv":[8.14286,12.28571,5.85714,11.57143],"texture":"#0","tintindex":0},"down":{"uv":[8.14286,11.57143,5.85714,12.28571],"texture":"#0","tintindex":0}}},{"from":[8.90455,-10.9141,7.06885],"to":[9.15455,-9.9141,7.76885],"rotation":{"angle":22.5,"axis":"z","origin":[9.02955,-10.4141,7.41885]},"faces":{"north":{"uv":[13.28571,7,13.57143,5.85714],"texture":"#0","tintindex":0},"east":{"uv":[5.28571,13.85714,6.14286,12.71429],"texture":"#0","tintindex":0},"south":{"uv":[13.28571,11,13.57143,9.85714],"texture":"#0","tintindex":0},"west":{"uv":[6.42857,13.85714,7.28571,12.71429],"texture":"#0","tintindex":0},"up":{"uv":[11.85714,14.14286,11.57143,13.28571],"texture":"#0","tintindex":0},"down":{"uv":[13.57143,11,13.28571,11.85714],"texture":"#0","tintindex":0}}},{"from":[9.4,-15.25,9.19285],"to":[12.9,-5.25,9.20785],"rotation":{"angle":-22.5,"axis":"y","origin":[14.25785,-10.25,7.91303]},"faces":{"north":{"uv":[8,0,12,11.42857],"texture":"#0","tintindex":0},"south":{"uv":[12,0,8,11.42857],"texture":"#0","tintindex":0}}},{"from":[12.50785,-15.25,8.57466],"to":[16.00786,-5.25,8.58966],"rotation":{"angle":0,"axis":"y","origin":[14.25785,-10.25,7.91303]},"faces":{"north":{"uv":[4,0,8,11.42857],"texture":"#0","tintindex":0},"south":{"uv":[8,0,4,11.42857],"texture":"#0","tintindex":0}}},{"from":[15.61571,-15.25,9.19285],"to":[19.11571,-5.25,9.20785],"rotation":{"angle":22.5,"axis":"y","origin":[14.25785,-10.25,7.91303]},"faces":{"north":{"uv":[0,0,4,11.42857],"texture":"#0","tintindex":0},"south":{"uv":[4,0,0,11.42857],"texture":"#0","tintindex":0}}},{"from":[3.1,-15.25,9.19285],"to":[6.6,-5.25,9.20785],"rotation":{"angle":22.5,"axis":"y","origin":[1.74214,-10.25,7.91303]},"faces":{"north":{"uv":[12,0,8,11.42857],"texture":"#0","tintindex":0},"south":{"uv":[8,0,12,11.42857],"texture":"#0","tintindex":0}}},{"from":[-0.00786,-15.25,8.57466],"to":[3.49214,-5.25,8.58966],"rotation":{"angle":0,"axis":"y","origin":[1.74214,-10.25,7.91303]},"faces":{"north":{"uv":[8,0,4,11.42857],"texture":"#0","tintindex":0},"south":{"uv":[4,0,8,11.42857],"texture":"#0","tintindex":0}}},{"from":[-3.11571,-15.25,9.19285],"to":[0.38429,-5.25,9.20785],"rotation":{"angle":-22.5,"axis":"y","origin":[1.74214,-10.25,7.91303]},"faces":{"north":{"uv":[4,0,0,11.42857],"texture":"#0","tintindex":0},"south":{"uv":[0,0,4,11.42857],"texture":"#0","tintindex":0}}}],"gui_light":"front","display":{"thirdperson_righthand":{"rotation":[-139,0,-180],"scale":[0.70117,0.70117,0.70117]},"thirdperson_lefthand":{"rotation":[68,0,0],"translation":[-5.5,-7.25,10],"scale":[1.3,1.3,1.3]},"firstperson_righthand":{"rotation":[157.5,0,-180],"translation":[1.25,2,0.5],"scale":[0.76953,0.76953,0.76953]},"firstperson_lefthand":{"rotation":[157.5,0,-180],"translation":[1.25,2,0.5],"scale":[0,0,0]},"ground":{"rotation":[-45,0,0],"translation":[0,7.25,0]},"gui":{"rotation":[0,180,0],"translation":[0,6,0],"scale":[0.39453,0.39453,0.39453]},"head":{"translation":[0,-37,7.75],"scale":[4,4,4]},"fixed":{"rotation":[0,180,0],"translation":[0,0,-2.5],"scale":[2,2,2]}}}