{"credit":"www.pixelmine.com","texture_size":[32,32],"textures":{"0":"pixelmine_ocean_guardian_set:ocean_guardian_axe","particle":"pixelmine_ocean_guardian_set:ocean_guardian_axe"},"elements":[{"from":[7,1.5,7.5],"to":[9,17,8.5],"rotation":{"angle":0,"axis":"y","origin":[6.37226,14.5,8]},"faces":{"north":{"uv":[0,0,1,7.75],"texture":"#0"},"east":{"uv":[1,0,1.5,7.75],"texture":"#0"},"south":{"uv":[0,0,1,7.75],"texture":"#0"},"west":{"uv":[1.5,0,2,7.75],"texture":"#0"},"up":{"uv":[4,0.5,3,0],"texture":"#0"},"down":{"uv":[4,0.5,3,1],"texture":"#0"}}},{"from":[6.75,1.5,7.25],"to":[9.25,4.5,8.75],"rotation":{"angle":0,"axis":"y","origin":[6.37226,14.5,8]},"faces":{"north":{"uv":[3,1,4.25,2.5],"texture":"#0"},"east":{"uv":[4.25,1,5,2.5],"texture":"#0"},"south":{"uv":[3,1,4.25,2.5],"texture":"#0"},"west":{"uv":[4.25,1,5,2.5],"texture":"#0"},"up":{"uv":[5.25,0.75,4,0],"texture":"#0"},"down":{"uv":[5.25,0,4,0.75],"texture":"#0"}}},{"from":[6.5,0,7],"to":[9.5,1.5,9],"rotation":{"angle":0,"axis":"y","origin":[6.37226,14.5,8]},"faces":{"north":{"uv":[3.5,2.5,5,3.25],"texture":"#0"},"east":{"uv":[2,0,3,0.75],"texture":"#0"},"south":{"uv":[3.5,2.5,5,3.25],"texture":"#0"},"west":{"uv":[2,1,3,1.75],"texture":"#0"},"up":{"uv":[3.5,3.5,2,2.5],"texture":"#0"},"down":{"uv":[3.5,2.5,2,3.5],"texture":"#0"}}},{"from":[6.75,17,7],"to":[9.25,18,9],"rotation":{"angle":0,"axis":"y","origin":[7,0,7]},"faces":{"north":{"uv":[2,4.5,3.25,5],"texture":"#0"},"east":{"uv":[2,2,3,2.5],"texture":"#0"},"south":{"uv":[2,4.5,3.25,5],"texture":"#0"},"west":{"uv":[2,2,3,2.5],"texture":"#0"},"up":{"uv":[3.25,4.5,2,3.5],"texture":"#0"},"down":{"uv":[3.25,3.5,2,4.5],"texture":"#0"}}},{"from":[7,18,7.5],"to":[9,20.5,8.5],"rotation":{"angle":0,"axis":"y","origin":[7,0,7]},"faces":{"north":{"uv":[3.5,3.5,4.5,4.75],"texture":"#0"},"east":{"uv":[5,1,5.5,2.25],"texture":"#0"},"south":{"uv":[4.5,3.5,5.5,4.75],"texture":"#0"},"west":{"uv":[2,5,2.5,6.25],"texture":"#0"},"up":{"uv":[3.5,5.5,2.5,5],"texture":"#0"},"down":{"uv":[6,2.5,5,3],"texture":"#0"}}},{"from":[4.29374,21.83166,7.375],"to":[6.29374,22.83166,8.625],"rotation":{"angle":0,"axis":"y","origin":[7.93525,22.3375,8]},"faces":{"north":{"uv":[8,6,9,6.5],"texture":"#0"},"east":{"uv":[8.5,3.5,9.25,4],"texture":"#0"},"south":{"uv":[9,6,8,6.5],"texture":"#0"},"west":{"uv":[8.5,4,9.25,4.5],"texture":"#0"},"up":{"uv":[8.5,5.75,7.5,5],"texture":"#0"},"down":{"uv":[1,8,0,8.75],"texture":"#0"}}},{"from":[6.93525,18.75,7.375],"to":[7.93525,21,8.625],"rotation":{"angle":-22.5,"axis":"z","origin":[7.93525,22.4125,8]},"faces":{"north":{"uv":[1,8,1.5,9.25],"texture":"#0"},"east":{"uv":[7.5,0.5,8.25,1.75],"texture":"#0"},"south":{"uv":[1.5,8,1,9.25],"texture":"#0"},"west":{"uv":[2.5,7.5,3.25,8.75],"texture":"#0"},"up":{"uv":[9,5.25,8.5,4.5],"texture":"#0"},"down":{"uv":[9,6.5,8.5,7.25],"texture":"#0"}}},{"from":[8.06475,18.75,7.375],"to":[9.06475,21,8.625],"rotation":{"angle":22.5,"axis":"z","origin":[8.06475,22.4125,8]},"faces":{"north":{"uv":[2,8,2.5,9.25],"texture":"#0"},"east":{"uv":[3.5,7.5,4.25,8.75],"texture":"#0"},"south":{"uv":[2.5,8,2,9.25],"texture":"#0"},"west":{"uv":[7.5,3.5,8.25,4.75],"texture":"#0"},"up":{"uv":[9,8.25,8.5,7.5],"texture":"#0"},"down":{"uv":[9,8.5,8.5,9.25],"texture":"#0"}}},{"from":[8.06475,23.75,7.375],"to":[9.06475,26,8.625],"rotation":{"angle":-22.5,"axis":"z","origin":[8.06475,22.3375,8]},"faces":{"north":{"uv":[7.5,8,8,9.25],"texture":"#0"},"east":{"uv":[4.5,7.5,5.25,8.75],"texture":"#0"},"south":{"uv":[8,8,7.5,9.25],"texture":"#0"},"west":{"uv":[5.5,7.5,6.25,8.75],"texture":"#0"},"up":{"uv":[0.5,9.75,0,9],"texture":"#0"},"down":{"uv":[9.5,0,9,0.75],"texture":"#0"}}},{"from":[6.93525,23.75,7.375],"to":[7.93525,26,8.625],"rotation":{"angle":22.5,"axis":"z","origin":[7.93525,22.3375,8]},"faces":{"north":{"uv":[8.5,0,9,1.25],"texture":"#0"},"east":{"uv":[6.5,7.5,7.25,8.75],"texture":"#0"},"south":{"uv":[9,0,8.5,1.25],"texture":"#0"},"west":{"uv":[7.5,6.5,8.25,7.75],"texture":"#0"},"up":{"uv":[1,9.75,0.5,9],"texture":"#0"},"down":{"uv":[9.5,1,9,1.75],"texture":"#0"}}},{"from":[7.625,21.95,7.5],"to":[8.375,22.7,8.5],"rotation":{"angle":0,"axis":"y","origin":[9,15.325,7]},"faces":{"north":{"uv":[8,0,8.5,0.5],"texture":"#0"},"east":{"uv":[8.5,5.5,9.25,6],"texture":"#0"},"south":{"uv":[9,2.5,9.5,3],"texture":"#0"},"west":{"uv":[9,2,9.75,2.5],"texture":"#0"},"up":{"uv":[3,9.75,2.5,9],"texture":"#0"},"down":{"uv":[3.5,9,3,9.75],"texture":"#0"}}},{"from":[9,22.5,7.25],"to":[10,23.6,8.75],"rotation":{"angle":22.5,"axis":"z","origin":[8,22.25,8.5]},"faces":{"north":{"uv":[5,3,5.5,3.5],"texture":"#0"},"east":{"uv":[5.5,6.5,6.25,7],"texture":"#0"},"south":{"uv":[5.5,2,6,2.5],"texture":"#0"},"west":{"uv":[6.5,5.5,7.25,6],"texture":"#0"},"up":{"uv":[7,6.75,6.5,6],"texture":"#0"},"down":{"uv":[7.5,0,7,0.75],"texture":"#0"}}},{"from":[6,21.5,7.25],"to":[7,23.6,8.75],"rotation":{"angle":-22.5,"axis":"z","origin":[8,22.25,8.5]},"faces":{"north":{"uv":[4,6.5,4.5,7.5],"texture":"#0"},"east":{"uv":[5.5,4,6.25,5],"texture":"#0"},"south":{"uv":[4.5,6.5,5,7.5],"texture":"#0"},"west":{"uv":[6,2,6.75,3],"texture":"#0"},"up":{"uv":[7.5,1.75,7,1],"texture":"#0"},"down":{"uv":[2.5,7,2,7.75],"texture":"#0"}}},{"from":[9,21.075,7.275],"to":[10,22.175,8.725],"rotation":{"angle":-22.5,"axis":"z","origin":[8,22.425,8.5]},"faces":{"north":{"uv":[7,6.5,7.5,7],"texture":"#0"},"east":{"uv":[7,2,7.75,2.5],"texture":"#0"},"south":{"uv":[7.5,0,8,0.5],"texture":"#0"},"west":{"uv":[2.5,7,3.25,7.5],"texture":"#0"},"up":{"uv":[7.5,4.25,7,3.5],"texture":"#0"},"down":{"uv":[7.5,4.5,7,5.25],"texture":"#0"}}},{"from":[6.65,20.425,7.25],"to":[9.35,21.425,8.75],"rotation":{"angle":0,"axis":"y","origin":[8,22.425,8.5]},"faces":{"north":{"uv":[3.5,6,4.75,6.5],"texture":"#0"},"east":{"uv":[7,2.5,7.75,3],"texture":"#0"},"south":{"uv":[5,6,6.25,6.5],"texture":"#0"},"west":{"uv":[5.5,7,6.25,7.5],"texture":"#0"},"up":{"uv":[4.75,5.75,3.5,5],"texture":"#0"},"down":{"uv":[6.25,5,5,5.75],"texture":"#0"}}},{"from":[6.65,23.25,7.225],"to":[9.35,24.25,8.775],"rotation":{"angle":0,"axis":"y","origin":[8,1.575,8.5]},"faces":{"north":{"uv":[2,6.5,3.25,7],"texture":"#0"},"east":{"uv":[7,6,7.75,6.5],"texture":"#0"},"south":{"uv":[6.5,3,7.75,3.5],"texture":"#0"},"west":{"uv":[6.5,7,7.25,7.5],"texture":"#0"},"up":{"uv":[6.75,0.75,5.5,0],"texture":"#0"},"down":{"uv":[6.75,1,5.5,1.75],"texture":"#0"}}},{"from":[6,21.075,7.275],"to":[7,23.175,8.725],"rotation":{"angle":22.5,"axis":"z","origin":[8,22.425,8.5]},"faces":{"north":{"uv":[3.5,6.5,4,7.5],"texture":"#0"},"east":{"uv":[2.5,5.5,3.25,6.5],"texture":"#0"},"south":{"uv":[6.5,3.5,7,4.5],"texture":"#0"},"west":{"uv":[5.5,3,6.25,4],"texture":"#0"},"up":{"uv":[7,5.25,6.5,4.5],"texture":"#0"},"down":{"uv":[5.5,6.5,5,7.25],"texture":"#0"}}},{"from":[9.68068,22.49318,7.5],"to":[14.18068,26.99318,8.5],"rotation":{"angle":-45,"axis":"z","origin":[9.5,22.3125,8]},"faces":{"north":{"uv":[13.75,3.75,16,1.5],"texture":"#0"},"east":{"uv":[12.25,1.5,12.75,3.75],"texture":"#0"},"south":{"uv":[16,3.75,13.75,1.5],"texture":"#0"},"west":{"uv":[12.75,1.5,13.25,3.75],"texture":"#0"},"up":{"uv":[16,0.5,13.75,0],"texture":"#0"},"down":{"uv":[16,0.5,13.75,1],"texture":"#0"}}},{"from":[10.6875,19.0875,7.51],"to":[12.9375,25.5375,8.49],"rotation":{"angle":0,"axis":"y","origin":[9.5,22.3125,8]},"faces":{"north":{"uv":[15.25,5,14,8.25],"texture":"#0"},"east":{"uv":[13.25,5,13.75,8.25],"texture":"#0"},"south":{"uv":[14,5,15.25,8.25],"texture":"#0"},"west":{"uv":[15.5,5,16,8.25],"texture":"#0"},"up":{"uv":[10.25,5,9,4.5],"texture":"#0"},"down":{"uv":[10.25,5,9,5.5],"texture":"#0"}}},{"from":[6.9375,20.5875,7.76],"to":[10.6875,24.0375,8.24],"rotation":{"angle":0,"axis":"y","origin":[12.5,22.3125,8]},"faces":{"north":{"uv":[16,8.75,14,10.5],"texture":"#0"},"east":{"uv":[13.5,8.75,13.75,10.5],"texture":"#0"},"south":{"uv":[14,8.75,16,10.5],"texture":"#0"},"west":{"uv":[13,8.75,13.25,10.5],"texture":"#0"},"up":{"uv":[16,4.25,14,4],"texture":"#0"},"down":{"uv":[16,4.5,14,4.75],"texture":"#0"}}}],"display":{"thirdperson_righthand":{"rotation":[-151.56,83.16,153.06],"translation":[0,-3.25,1],"scale":[0.75,0.75,0.75]},"thirdperson_lefthand":{"rotation":[-18.41,-80.05,-16.97],"translation":[-0.25,-3.75,1],"scale":[0.75,0.75,0.75]},"firstperson_righthand":{"rotation":[9.75,90,0],"translation":[2,0,0.5],"scale":[0.6,0.6,0.6]},"firstperson_lefthand":{"rotation":[9.75,-90,0],"translation":[2,0.25,0.5],"scale":[0.6,0.6,0.6]},"ground":{"rotation":[0,0,-45],"translation":[-2.75,-1.25,-1],"scale":[0.5,0.5,0.5]},"gui":{"rotation":[0,0,-45],"translation":[-2.75,-2.75,-0.75],"scale":[0.55,0.55,0.55]},"head":{"rotation":[0,0,-45],"translation":[-14.25,3.75,0.75],"scale":[0.6,0.6,0.6]},"fixed":{"rotation":[0,-180,-45],"translation":[4.75,-4.75,-0.75],"scale":[2,2,2]}},"mcmodels":"85dfbb0792ff5ddb0bbdcb84cd33171f"}