{"credit":"www.pixelmine.com","texture_size":[32,32],"textures":{"2":"pixelmine_ocean_guardian_set:ocean_guardian_scythe","particle":"pixelmine_ocean_guardian_set:ocean_guardian_scythe"},"elements":[{"from":[7,1.5,7.5],"to":[9,25.5,8.5],"rotation":{"angle":0,"axis":"y","origin":[6.37226,12.5,8]},"faces":{"north":{"uv":[0,0,1,12],"texture":"#2"},"east":{"uv":[1,0,1.5,12],"texture":"#2"},"south":{"uv":[0,0,1,12],"texture":"#2"},"west":{"uv":[1.5,0,2,12],"texture":"#2"},"up":{"uv":[4.5,3.5,3.5,3],"texture":"#2"},"down":{"uv":[4.5,3.5,3.5,4],"texture":"#2"}}},{"from":[6.5,0,7],"to":[9.5,2,9],"rotation":{"angle":0,"axis":"y","origin":[7,0,7]},"faces":{"north":{"uv":[2,1,3.5,2],"texture":"#2"},"east":{"uv":[3.5,1,4.5,2],"texture":"#2"},"south":{"uv":[2,2,3.5,3],"texture":"#2"},"west":{"uv":[3.5,2,4.5,3],"texture":"#2"},"up":{"uv":[4.5,1,3,0],"texture":"#2"},"down":{"uv":[3.5,3,2,4],"texture":"#2"}}},{"from":[6.75,19,7.25],"to":[9.25,21.25,8.75],"rotation":{"angle":0,"axis":"y","origin":[7,0,7]},"faces":{"north":{"uv":[3.5,4.5,5,5.75],"texture":"#2"},"east":{"uv":[3.5,4.5,5,5.75],"texture":"#2"},"south":{"uv":[3.5,4.5,5,5.75],"texture":"#2"},"west":{"uv":[3.5,4.5,5,5.75],"texture":"#2"},"up":{"uv":[13.25,1,11.75,0],"texture":"#2"},"down":{"uv":[10.5,7.5,9,8.5],"texture":"#2"}}},{"from":[4.34737,27.19917,7.625],"to":[6.59737,28.19917,8.375],"rotation":{"angle":-22.5,"axis":"z","origin":[8,27.125,8]},"faces":{"north":{"uv":[5,6,5.5,7.25],"rotation":90,"texture":"#2"},"east":{"uv":[8.5,8,8,8.75],"rotation":270,"texture":"#2"},"south":{"uv":[6.5,5,7,6.25],"rotation":270,"texture":"#2"},"west":{"uv":[8,8.75,7.5,8],"rotation":270,"texture":"#2"},"up":{"uv":[5.5,5,6.25,6.25],"rotation":270,"texture":"#2"},"down":{"uv":[6,2.5,6.75,3.75],"rotation":270,"texture":"#2"}}},{"from":[4.34737,26.05083,7.625],"to":[6.59737,27.05083,8.375],"rotation":{"angle":22.5,"axis":"z","origin":[8,27.125,8]},"faces":{"north":{"uv":[5.5,6.5,6,7.75],"rotation":90,"texture":"#2"},"east":{"uv":[6,2.5,5.5,3],"rotation":270,"texture":"#2"},"south":{"uv":[6.5,6.5,7,7.75],"rotation":270,"texture":"#2"},"west":{"uv":[5.5,4.5,5,4],"rotation":270,"texture":"#2"},"up":{"uv":[6,6.5,6.5,7.75],"rotation":270,"texture":"#2"},"down":{"uv":[7,2,7.5,3.25],"rotation":270,"texture":"#2"}}},{"from":[7.54334,28.83126,7.625],"to":[8.54334,30.83126,8.375],"rotation":{"angle":0,"axis":"y","origin":[8,27.125,8]},"faces":{"north":{"uv":[4.5,7.5,5.5,8],"rotation":90,"texture":"#2"},"east":{"uv":[6.5,4,5.5,5],"rotation":270,"texture":"#2"},"south":{"uv":[7.5,7,8.5,7.5],"rotation":270,"texture":"#2"},"west":{"uv":[6.5,2.5,5.5,1.5],"rotation":270,"texture":"#2"},"up":{"uv":[7.5,6.5,8.5,7],"rotation":270,"texture":"#2"},"down":{"uv":[7.5,7.5,8.5,8],"rotation":270,"texture":"#2"}}},{"from":[9.40263,27.19917,7.625],"to":[11.65263,28.19917,8.375],"rotation":{"angle":22.5,"axis":"z","origin":[8,27.125,8]},"faces":{"north":{"uv":[7,5,7.5,6.25],"rotation":90,"texture":"#2"},"east":{"uv":[10.5,0,10,0.75],"rotation":270,"texture":"#2"},"south":{"uv":[7,6.5,7.5,7.75],"rotation":270,"texture":"#2"},"west":{"uv":[10,0.75,9.5,0],"rotation":270,"texture":"#2"},"up":{"uv":[3,6,3.75,7.25],"rotation":270,"texture":"#2"},"down":{"uv":[4,6,4.75,7.25],"rotation":270,"texture":"#2"}}},{"from":[9.40263,26.05083,7.625],"to":[11.65263,27.05083,8.375],"rotation":{"angle":-22.5,"axis":"z","origin":[8,27.125,8]},"faces":{"north":{"uv":[7.5,0,8,1.25],"rotation":90,"texture":"#2"},"east":{"uv":[7,2,6.5,2.5],"rotation":270,"texture":"#2"},"south":{"uv":[2,7.5,2.5,8.75],"rotation":270,"texture":"#2"},"west":{"uv":[6.5,0.5,6,0],"rotation":270,"texture":"#2"},"up":{"uv":[7.5,1.5,8,2.75],"rotation":270,"texture":"#2"},"down":{"uv":[2.5,7.5,3,8.75],"rotation":270,"texture":"#2"}}},{"from":[7.53166,23.41874,7.125],"to":[8.53166,25.41874,8.875],"rotation":{"angle":0,"axis":"y","origin":[8,27.125,8]},"faces":{"north":{"uv":[9.5,0.75,10.5,1.25],"rotation":90,"texture":"#2"},"east":{"uv":[11.5,0.75,10.5,1.25],"rotation":270,"texture":"#2"},"south":{"uv":[8,0,9,0.5],"rotation":270,"texture":"#2"},"west":{"uv":[9,1,8,0.5],"rotation":270,"texture":"#2"},"up":{"uv":[8.5,3.5,9,4],"rotation":270,"texture":"#2"},"down":{"uv":[8.5,6.5,9,7],"rotation":270,"texture":"#2"}}},{"from":[7.675,26.75,7.5],"to":[8.425,27.5,8.5],"rotation":{"angle":0,"axis":"y","origin":[8,27.125,8]},"faces":{"north":{"uv":[8.5,7,9,7.5],"rotation":90,"texture":"#2"},"east":{"uv":[9.5,0.5,9,1],"rotation":270,"texture":"#2"},"south":{"uv":[8.5,8,9,8.5],"rotation":270,"texture":"#2"},"west":{"uv":[9.5,0.5,9,0],"rotation":270,"texture":"#2"},"up":{"uv":[8.5,7.5,9,8],"rotation":270,"texture":"#2"},"down":{"uv":[8.5,8.5,9,9],"rotation":270,"texture":"#2"}}},{"from":[6.125,25.775,7.5],"to":[7.125,28.475,8.5],"rotation":{"angle":0,"axis":"y","origin":[8,27.125,8]},"faces":{"north":{"uv":[7,4,8.25,3.5],"rotation":90,"texture":"#2"},"east":{"uv":[8.75,4,7.5,4.5],"rotation":270,"texture":"#2"},"south":{"uv":[3,7.5,4.25,8],"rotation":270,"texture":"#2"},"west":{"uv":[8.75,3.5,7.5,3],"rotation":270,"texture":"#2"},"up":{"uv":[9,1,9.5,1.5],"rotation":270,"texture":"#2"},"down":{"uv":[9,1.5,9.5,2],"rotation":270,"texture":"#2"}}},{"from":[6.76548,25.17284,7.25],"to":[8.86548,26.17284,8.75],"rotation":{"angle":-22.5,"axis":"z","origin":[8,27.125,8]},"faces":{"north":{"uv":[3,5,3.5,6],"rotation":90,"texture":"#2"},"east":{"uv":[9.5,2,9,2.5],"rotation":270,"texture":"#2"},"south":{"uv":[8,2,8.5,3],"rotation":270,"texture":"#2"},"west":{"uv":[2.5,9.5,2,9],"rotation":270,"texture":"#2"},"up":{"uv":[8,1,8.5,2],"rotation":270,"texture":"#2"},"down":{"uv":[3,8,3.5,9],"rotation":270,"texture":"#2"}}},{"from":[6.76548,28.07716,7.425],"to":[8.86548,29.07716,8.575],"rotation":{"angle":22.5,"axis":"z","origin":[8,27.125,8]},"faces":{"north":{"uv":[3.5,8,4,9],"rotation":90,"texture":"#2"},"east":{"uv":[9,1,8.5,1.75],"rotation":270,"texture":"#2"},"south":{"uv":[4,8,4.5,9],"rotation":270,"texture":"#2"},"west":{"uv":[10.5,2,10,1.25],"rotation":270,"texture":"#2"},"up":{"uv":[6.5,0,7.25,1],"rotation":270,"texture":"#2"},"down":{"uv":[6.5,1,7.25,2],"rotation":270,"texture":"#2"}}},{"from":[7.20381,25.14413,7.25],"to":[9.30381,26.14413,8.75],"rotation":{"angle":22.5,"axis":"z","origin":[8,27.125,8]},"faces":{"north":{"uv":[4.5,8,5,9],"rotation":90,"texture":"#2"},"east":{"uv":[9.5,2.5,9,3],"rotation":270,"texture":"#2"},"south":{"uv":[5.5,8,6,9],"rotation":270,"texture":"#2"},"west":{"uv":[3,9.5,2.5,9],"rotation":270,"texture":"#2"},"up":{"uv":[5,8,5.5,9],"rotation":270,"texture":"#2"},"down":{"uv":[6,8,6.5,9],"rotation":270,"texture":"#2"}}},{"from":[8.95,25.775,7.5],"to":[9.95,28.475,8.5],"rotation":{"angle":0,"axis":"y","origin":[8,27.125,8]},"faces":{"north":{"uv":[7.5,4.5,8.75,5],"rotation":90,"texture":"#2"},"east":{"uv":[8.75,6,7.5,6.5],"rotation":270,"texture":"#2"},"south":{"uv":[7.5,5,8.75,5.5],"rotation":270,"texture":"#2"},"west":{"uv":[8.75,6,7.5,5.5],"rotation":270,"texture":"#2"},"up":{"uv":[3,9,3.5,9.5],"rotation":270,"texture":"#2"},"down":{"uv":[9,3,9.5,3.5],"rotation":270,"texture":"#2"}}},{"from":[7.20381,28.10587,7.425],"to":[9.30381,29.10587,8.575],"rotation":{"angle":-22.5,"axis":"z","origin":[8,27.125,8]},"faces":{"north":{"uv":[6.5,8,7,9],"rotation":90,"texture":"#2"},"east":{"uv":[9,2,8.5,2.75],"rotation":270,"texture":"#2"},"south":{"uv":[7,8,7.5,9],"rotation":270,"texture":"#2"},"west":{"uv":[10,2,9.5,1.25],"rotation":270,"texture":"#2"},"up":{"uv":[2,6.5,2.75,7.5],"rotation":270,"texture":"#2"},"down":{"uv":[6.5,4,7.25,5],"rotation":270,"texture":"#2"}}},{"from":[7,26,7.75],"to":[9,28.5,8.25],"rotation":{"angle":0,"axis":"y","origin":[7,4.25,7]},"faces":{"north":{"uv":[9,3.5,10,4.5],"texture":"#2"},"east":{"uv":[9,5.5,9.25,6.5],"texture":"#2"},"south":{"uv":[9,4.5,10,5.5],"texture":"#2"},"west":{"uv":[9,6.5,9.25,7.5],"texture":"#2"},"up":{"uv":[4.5,9.25,3.5,9],"texture":"#2"},"down":{"uv":[5.5,9,4.5,9.25],"texture":"#2"}}},{"from":[9.36196,27.36748,7.75],"to":[12.36196,30.36748,8.25],"rotation":{"angle":0,"axis":"y","origin":[13.21196,27.37998,8]},"faces":{"north":{"uv":[4.5,0,6,1.5],"texture":"#2"},"east":{"uv":[2,4,2.25,5.5],"texture":"#2"},"south":{"uv":[4.5,0,6,1.5],"texture":"#2"},"west":{"uv":[2,4,2.25,5.5],"texture":"#2"},"up":{"uv":[4,4.25,2.5,4],"texture":"#2"},"down":{"uv":[6,3,4.5,3.25],"texture":"#2"}}},{"from":[10.5,23,8],"to":[26.5,32,8],"rotation":{"angle":0,"axis":"y","origin":[11.5,28,7]},"faces":{"north":{"uv":[11.25,9.25,3.5,13.25],"texture":"#2"},"east":{"uv":[0,0,0,3.5],"texture":"#2"},"south":{"uv":[3.5,9.25,11.25,13.25],"texture":"#2"},"west":{"uv":[0,0,0,3.5],"texture":"#2"},"up":{"uv":[7,0,0,0],"texture":"#2"},"down":{"uv":[7,0,0,0],"texture":"#2"}}}],"display":{"thirdperson_righthand":{"rotation":[-151.56,83.16,153.06],"translation":[0,-3.25,1],"scale":[0.75,0.75,0.75]},"thirdperson_lefthand":{"rotation":[-18.41,-80.05,-16.97],"translation":[-0.25,-3.75,1],"scale":[0.75,0.75,0.75]},"firstperson_righthand":{"rotation":[9.75,90,0],"translation":[2,0,0.5],"scale":[0.6,0.6,0.6]},"firstperson_lefthand":{"rotation":[9.75,-90,0],"translation":[2,0.25,0.5],"scale":[0.6,0.6,0.6]},"ground":{"rotation":[0,0,-45],"translation":[-2.75,-1.25,-1],"scale":[0.5,0.5,0.5]},"gui":{"rotation":[0,0,-45],"translation":[-4.75,-2.75,-0.75],"scale":[0.5,0.5,0.5]},"head":{"rotation":[0,0,-45],"translation":[-14.25,3.75,0.75],"scale":[0.6,0.6,0.6]},"fixed":{"rotation":[0,-180,-45],"translation":[4.75,-4.75,-0.75],"scale":[2,2,2]}},"mcmodels":"85dfbb0792ff5ddb0bbdcb84cd33171f"}