{"credit":"www.pixelmine.com","texture_size":[64,64],"textures":{"2":"pixelmine_ocean_guardian_set:ocean_guardian_crossbow"},"elements":[{"from":[8.06475,11.25,7.625],"to":[9.06475,13.5,8.375],"rotation":{"angle":-22.5,"axis":"z","origin":[8.06475,9.8375,8]},"faces":{"north":{"uv":[0,0,0.25,0.625],"texture":"#2"},"east":{"uv":[0.25,0,0.5,0.625],"texture":"#2"},"south":{"uv":[0.5,0,0.75,0.625],"texture":"#2"},"west":{"uv":[0,0.75,0.25,1.375],"texture":"#2"},"up":{"uv":[2.75,1.75,2.5,1.5],"texture":"#2"},"down":{"uv":[2.75,1.75,2.5,2],"texture":"#2"}}},{"from":[6.93525,11.25,7.625],"to":[7.93525,13.5,8.375],"rotation":{"angle":22.5,"axis":"z","origin":[7.93525,9.8375,8]},"faces":{"north":{"uv":[0.75,0,1,0.625],"texture":"#2"},"east":{"uv":[0.25,0.75,0.5,1.375],"texture":"#2"},"south":{"uv":[0.5,0.75,0.75,1.375],"texture":"#2"},"west":{"uv":[0.75,0.75,1,1.375],"texture":"#2"},"up":{"uv":[2.75,2.25,2.5,2],"texture":"#2"},"down":{"uv":[2.75,2.25,2.5,2.5],"texture":"#2"}}},{"from":[9.70626,9.33166,7.125],"to":[11.70626,10.33166,8.875],"rotation":{"angle":0,"axis":"y","origin":[8.06475,9.8375,8]},"faces":{"north":{"uv":[0.75,1.75,1.25,2],"texture":"#2"},"east":{"uv":[2.5,2.5,2.75,2.75],"texture":"#2"},"south":{"uv":[1.25,1.75,1.75,2],"texture":"#2"},"west":{"uv":[2.75,0,3,0.25],"texture":"#2"},"up":{"uv":[2.25,2,1.75,1.75],"texture":"#2"},"down":{"uv":[1.25,2,0.75,2.25],"texture":"#2"}}},{"from":[8.06475,6.25,7.625],"to":[9.06475,8.5,8.375],"rotation":{"angle":22.5,"axis":"z","origin":[8.06475,9.9125,8]},"faces":{"north":{"uv":[1,0,1.25,0.625],"texture":"#2"},"east":{"uv":[1,0.75,1.25,1.375],"texture":"#2"},"south":{"uv":[1.25,0,1.5,0.625],"texture":"#2"},"west":{"uv":[1.25,0.75,1.5,1.375],"texture":"#2"},"up":{"uv":[3,0.5,2.75,0.25],"texture":"#2"},"down":{"uv":[3,0.5,2.75,0.75],"texture":"#2"}}},{"from":[6.93525,6.25,7.625],"to":[7.93525,8.5,8.375],"rotation":{"angle":-22.5,"axis":"z","origin":[7.93525,9.9125,8]},"faces":{"north":{"uv":[0,1.5,0.25,2.125],"texture":"#2"},"east":{"uv":[1.5,0,1.75,0.625],"texture":"#2"},"south":{"uv":[0.25,1.5,0.5,2.125],"texture":"#2"},"west":{"uv":[0.5,1.5,0.75,2.125],"texture":"#2"},"up":{"uv":[3,1,2.75,0.75],"texture":"#2"},"down":{"uv":[1.25,2.75,1,3],"texture":"#2"}}},{"from":[7.625,9.45,7.25],"to":[8.375,10.2,8.75],"rotation":{"angle":0,"axis":"y","origin":[7,2.75,7]},"faces":{"north":{"uv":[2.75,1.25,3,1.5],"texture":"#2"},"east":{"uv":[1.5,2.75,1.75,3],"texture":"#2"},"south":{"uv":[2.75,1.5,3,1.75],"texture":"#2"},"west":{"uv":[1.75,2.75,2,3],"texture":"#2"},"up":{"uv":[3,2,2.75,1.75],"texture":"#2"},"down":{"uv":[2.25,2.75,2,3],"texture":"#2"}}},{"from":[6.65,10.75,7.475],"to":[9.35,11.75,8.525],"rotation":{"angle":0,"axis":"y","origin":[8,9.75,8.5]},"faces":{"north":{"uv":[0.75,1.5,1.375,1.75],"texture":"#2"},"east":{"uv":[2.75,2,3,2.25],"texture":"#2"},"south":{"uv":[1.5,0.75,2.125,1],"texture":"#2"},"west":{"uv":[2.25,2.75,2.5,3],"texture":"#2"},"up":{"uv":[2.125,1.25,1.5,1],"texture":"#2"},"down":{"uv":[2.125,1.25,1.5,1.5],"texture":"#2"}}},{"from":[6,10,7.5],"to":[7,11.1,8.5],"rotation":{"angle":-22.5,"axis":"z","origin":[8,9.75,8.5]},"faces":{"north":{"uv":[2.25,0.75,2.5,1.25],"texture":"#2"},"east":{"uv":[1,2.25,1.25,2.75],"texture":"#2"},"south":{"uv":[1.25,2.25,1.5,2.75],"texture":"#2"},"west":{"uv":[2.25,1.25,2.5,1.75],"texture":"#2"},"up":{"uv":[3,2.5,2.75,2.25],"texture":"#2"},"down":{"uv":[2.75,2.75,2.5,3],"texture":"#2"}}},{"from":[9,9,7.25],"to":[10,11.1,8.75],"rotation":{"angle":22.5,"axis":"z","origin":[8,9.75,8.5]},"faces":{"north":{"uv":[1.5,2.25,1.75,2.75],"texture":"#2"},"east":{"uv":[1.75,2.25,2,2.75],"texture":"#2"},"south":{"uv":[2.25,1.75,2.5,2.25],"texture":"#2"},"west":{"uv":[2,2.25,2.25,2.75],"texture":"#2"},"up":{"uv":[3,2.75,2.75,2.5],"texture":"#2"},"down":{"uv":[3,2.75,2.75,3],"texture":"#2"}}},{"from":[6,8.575,7.5],"to":[7,9.675,8.5],"rotation":{"angle":22.5,"axis":"z","origin":[8,9.925,8.5]},"faces":{"north":{"uv":[2.25,2.25,2.5,2.75],"texture":"#2"},"east":{"uv":[0,2.5,0.25,3],"texture":"#2"},"south":{"uv":[2.5,0,2.75,0.5],"texture":"#2"},"west":{"uv":[0.25,2.5,0.5,3],"texture":"#2"},"up":{"uv":[0.25,3.25,0,3],"texture":"#2"},"down":{"uv":[3.25,0,3,0.25],"texture":"#2"}}},{"from":[6.65,7.925,7.475],"to":[9.35,8.925,8.525],"rotation":{"angle":0,"axis":"y","origin":[8,9.925,8.5]},"faces":{"north":{"uv":[1.5,1.5,2.125,1.75],"texture":"#2"},"east":{"uv":[0.25,3,0.5,3.25],"texture":"#2"},"south":{"uv":[1.75,0,2.375,0.25],"texture":"#2"},"west":{"uv":[3,0.25,3.25,0.5],"texture":"#2"},"up":{"uv":[2.375,0.5,1.75,0.25],"texture":"#2"},"down":{"uv":[2.375,0.5,1.75,0.75],"texture":"#2"}}},{"from":[9,8.575,7.25],"to":[10,10.675,8.75],"rotation":{"angle":-22.5,"axis":"z","origin":[8,9.925,8.5]},"faces":{"north":{"uv":[0.5,2.5,0.75,3],"texture":"#2"},"east":{"uv":[2.5,0.5,2.75,1],"texture":"#2"},"south":{"uv":[0.75,2.5,1,3],"texture":"#2"},"west":{"uv":[2.5,1,2.75,1.5],"texture":"#2"},"up":{"uv":[0.75,3.25,0.5,3],"texture":"#2"},"down":{"uv":[3.25,0.5,3,0.75],"texture":"#2"}}},{"from":[7.02631,11.6159,7.75],"to":[9.02631,15.1159,8.25],"rotation":{"angle":0,"axis":"y","origin":[12.575,18.53281,8.0025]},"faces":{"north":{"uv":[4.75,1.25,4.25,2.125],"texture":"#2"},"east":{"uv":[4.75,1.25,4.875,2.125],"texture":"#2"},"south":{"uv":[4.25,1.25,4.75,2.125],"texture":"#2"},"west":{"uv":[4.875,1.25,5,2.125],"texture":"#2"},"up":{"uv":[5.25,1.25,4.75,1.125],"texture":"#2"},"down":{"uv":[4.75,1.125,4.25,1.25],"texture":"#2"}}},{"from":[11.05244,12.219,7.55],"to":[12.55244,20.144,8.45],"rotation":{"angle":-45,"axis":"z","origin":[12.575,18.53281,8.0025]},"faces":{"north":{"uv":[4.625,2.25,4.25,4.25],"texture":"#2"},"east":{"uv":[4.625,2.25,4.875,4.25],"texture":"#2"},"south":{"uv":[4.25,2.25,4.625,4.25],"texture":"#2"},"west":{"uv":[4.875,2.25,5.125,4.25],"texture":"#2"},"up":{"uv":[4.125,4.25,3.75,4],"texture":"#2"},"down":{"uv":[4.125,3.75,3.75,4],"texture":"#2"}}},{"from":[11.68097,20.0157,7.5],"to":[13.18097,22.3407,8.5],"rotation":{"angle":-22.5,"axis":"z","origin":[12.575,18.53281,8.0025]},"faces":{"north":{"uv":[5.375,1.375,5.75,2],"texture":"#2"},"east":{"uv":[5.75,1.375,6,2],"texture":"#2"},"south":{"uv":[5.75,1.375,5.375,2],"texture":"#2"},"west":{"uv":[6,1.375,6.25,2],"texture":"#2"},"up":{"uv":[6.625,1.875,6.25,1.625],"texture":"#2"},"down":{"uv":[6.625,1.375,6.25,1.625],"texture":"#2"}}},{"from":[12.05788,18.92685,8.25],"to":[13.63288,20.42685,8.75],"rotation":{"angle":-45,"axis":"z","origin":[12.575,18.53281,8.4975]},"faces":{"north":{"uv":[3.375,0.75,3,1.125],"texture":"#2"},"east":{"uv":[1.375,2.75,1.25,3.125],"texture":"#2"},"south":{"uv":[1.125,3,0.75,3.375],"texture":"#2"},"west":{"uv":[3.125,1.25,3,1.625],"texture":"#2"},"up":{"uv":[1.625,2,1.25,2.125],"texture":"#2"},"down":{"uv":[2.125,2.125,1.75,2],"texture":"#2"}}},{"from":[13.22631,20.89048,7.525],"to":[17.47631,22.39048,8.475],"rotation":{"angle":0,"axis":"y","origin":[12.575,18.53281,8.0025]},"faces":{"north":{"uv":[6.5,2.25,5.375,2.625],"texture":"#2"},"east":{"uv":[6.5,2.25,6.75,2.625],"texture":"#2"},"south":{"uv":[5.375,2.25,6.5,2.63125],"texture":"#2"},"west":{"uv":[6.5,2.75,6.75,3.125],"texture":"#2"},"up":{"uv":[6.5,3.125,5.375,2.875],"texture":"#2"},"down":{"uv":[6.5,2.625,5.375,2.875],"texture":"#2"}}},{"from":[17.40565,20.73748,7.5],"to":[19.90565,22.23748,8.51],"rotation":{"angle":-22.5,"axis":"z","origin":[17.93948,22.77431,8.0025]},"faces":{"north":{"uv":[5.75,3.25,5.375,3.875],"rotation":270,"texture":"#2"},"east":{"uv":[6.625,3.75,6.25,3.5],"rotation":90,"texture":"#2"},"south":{"uv":[5.375,3.25,5.75,3.875],"rotation":90,"texture":"#2"},"west":{"uv":[6.625,3.25,6.25,3.5],"rotation":90,"texture":"#2"},"up":{"uv":[6,3.25,6.25,3.875],"rotation":90,"texture":"#2"},"down":{"uv":[5.75,3.25,6,3.875],"rotation":90,"texture":"#2"}}},{"from":[12.98825,18.92,8.5],"to":[14.98825,20.42,8.5],"rotation":{"angle":-45,"axis":"z","origin":[12.575,18.53281,8.4975]},"faces":{"north":{"uv":[0.25,3.625,0.75,4.125],"texture":"#2"},"east":{"uv":[0,0,0,0.5],"texture":"#2"},"south":{"uv":[0.75,3.625,0.25,4.125],"texture":"#2"},"west":{"uv":[0,0,0,0.5],"texture":"#2"},"up":{"uv":[0.5,0,0,0],"texture":"#2"},"down":{"uv":[0.5,0,0,0],"texture":"#2"}}},{"from":[13.13095,21.58276,8],"to":[15.13095,23.58276,8],"rotation":{"angle":0,"axis":"y","origin":[12.575,18.53281,8.0025]},"faces":{"north":{"uv":[2.25,3.625,1.75,4.125],"texture":"#2"},"east":{"uv":[0,0,0,0.5],"texture":"#2"},"south":{"uv":[1.75,3.625,2.25,4.125],"texture":"#2"},"west":{"uv":[0,0,0,0.5],"texture":"#2"},"up":{"uv":[0.5,0,0,0],"texture":"#2"},"down":{"uv":[0.5,0,0,0],"texture":"#2"}}},{"from":[18.92331,20.71114,8],"to":[20.92331,22.71114,8],"rotation":{"angle":-22.5,"axis":"z","origin":[17.93948,22.77431,8.0025]},"faces":{"north":{"uv":[2.875,3.625,2.375,4.125],"rotation":180,"texture":"#2"},"east":{"uv":[0,0,0,0.5],"rotation":180,"texture":"#2"},"south":{"uv":[2.375,3.625,2.875,4.125],"rotation":180,"texture":"#2"},"west":{"uv":[0,0,0,0.5],"rotation":180,"texture":"#2"},"up":{"uv":[0.5,0,0,0],"rotation":180,"texture":"#2"},"down":{"uv":[0.5,0,0,0],"rotation":180,"texture":"#2"}}},{"from":[16.57331,21.38614,8],"to":[18.57331,23.38614,8],"rotation":{"angle":22.5,"axis":"z","origin":[17.93948,22.77431,8.0025]},"faces":{"north":{"uv":[2.875,3.625,2.375,4.125],"rotation":180,"texture":"#2"},"east":{"uv":[0,0,0,0.5],"rotation":180,"texture":"#2"},"south":{"uv":[2.375,3.625,2.875,4.125],"rotation":180,"texture":"#2"},"west":{"uv":[0,0,0,0.5],"rotation":180,"texture":"#2"},"up":{"uv":[0.5,0,0,0],"rotation":180,"texture":"#2"},"down":{"uv":[0.5,0,0,0],"rotation":180,"texture":"#2"}}},{"from":[14.05,9.75,8.525],"to":[14.55,19,8.525],"rotation":{"angle":0,"axis":"y","origin":[12.575,18.53281,8.4975]},"faces":{"north":{"uv":[3.875,0,4,3.75],"texture":"#2"},"east":{"uv":[0,0,0,3.75],"texture":"#2"},"south":{"uv":[4,0,3.875,3.75],"texture":"#2"},"west":{"uv":[0,0,0,3.75],"texture":"#2"},"up":{"uv":[0.125,0,0,0],"texture":"#2"},"down":{"uv":[0.125,0,0,0],"texture":"#2"}}},{"from":[5,12.75,8],"to":[9,16.75,8],"rotation":{"angle":0,"axis":"y","origin":[7,-1.25,7]},"faces":{"north":{"uv":[2,4.25,1,5.25],"texture":"#2"},"east":{"uv":[0,0,0,1],"texture":"#2"},"south":{"uv":[1,4.25,2,5.25],"texture":"#2"},"west":{"uv":[0,0,0,1],"texture":"#2"},"up":{"uv":[1,0,0,0],"texture":"#2"},"down":{"uv":[1,0,0,0],"texture":"#2"}}},{"from":[7.02631,4.5341,7.75],"to":[9.02631,8.0341,8.25],"rotation":{"angle":0,"axis":"y","origin":[12.575,1.11719,8.0025]},"faces":{"north":{"uv":[4.75,2.125,4.25,1.25],"texture":"#2"},"east":{"uv":[4.75,2.125,4.875,1.25],"texture":"#2"},"south":{"uv":[4.25,2.125,4.75,1.25],"texture":"#2"},"west":{"uv":[4.875,2.125,5,1.25],"texture":"#2"},"up":{"uv":[4.75,1.25,4.25,1.125],"texture":"#2"},"down":{"uv":[5.25,1.125,4.75,1.25],"texture":"#2"}}},{"from":[11.05244,-0.494,7.55],"to":[12.55244,7.431,8.45],"rotation":{"angle":45,"axis":"z","origin":[12.575,1.11719,8.0025]},"faces":{"north":{"uv":[4.625,4.25,4.25,2.25],"texture":"#2"},"east":{"uv":[4.625,4.25,4.875,2.25],"texture":"#2"},"south":{"uv":[4.25,4.25,4.625,2.25],"texture":"#2"},"west":{"uv":[4.875,4.25,5.125,2.25],"texture":"#2"},"up":{"uv":[4.125,4,3.75,3.75],"texture":"#2"},"down":{"uv":[4.125,4,3.75,4.25],"texture":"#2"}}},{"from":[11.68097,-2.6907,7.5],"to":[13.18097,-0.3657,8.5],"rotation":{"angle":22.5,"axis":"z","origin":[12.575,1.11719,8.0025]},"faces":{"north":{"uv":[5.375,2,5.75,1.375],"texture":"#2"},"east":{"uv":[5.75,2,6,1.375],"texture":"#2"},"south":{"uv":[5.75,2,5.375,1.375],"texture":"#2"},"west":{"uv":[6,2,6.25,1.375],"texture":"#2"},"up":{"uv":[6.625,1.625,6.25,1.375],"texture":"#2"},"down":{"uv":[6.625,1.625,6.25,1.875],"texture":"#2"}}},{"from":[12.05788,-0.77685,8.25],"to":[13.63288,0.72315,8.75],"rotation":{"angle":45,"axis":"z","origin":[12.575,1.11719,8.4975]},"faces":{"north":{"uv":[3.375,1.75,3,2.125],"texture":"#2"},"east":{"uv":[2.125,3,2,3.375],"texture":"#2"},"south":{"uv":[1.125,3,0.75,3.375],"texture":"#2"},"west":{"uv":[2.375,3,2.25,3.375],"texture":"#2"},"up":{"uv":[0.375,2.25,0,2.375],"texture":"#2"},"down":{"uv":[0.875,2.375,0.5,2.25],"texture":"#2"}}},{"from":[13.22631,-2.74048,7.525],"to":[17.47631,-1.24048,8.475],"rotation":{"angle":0,"axis":"y","origin":[12.575,1.11719,8.0025]},"faces":{"north":{"uv":[6.5,2.625,5.375,2.25],"texture":"#2"},"east":{"uv":[6.5,2.625,6.75,2.25],"texture":"#2"},"south":{"uv":[5.375,2.63125,6.5,2.25],"texture":"#2"},"west":{"uv":[6.5,3.125,6.75,2.75],"texture":"#2"},"up":{"uv":[6.5,2.875,5.375,2.625],"texture":"#2"},"down":{"uv":[6.5,2.875,5.375,3.125],"texture":"#2"}}},{"from":[17.40565,-2.58748,7.5],"to":[19.90565,-1.08748,8.51],"rotation":{"angle":22.5,"axis":"z","origin":[17.93948,-3.12431,8.0025]},"faces":{"north":{"uv":[5.375,3.25,5.75,3.875],"rotation":270,"texture":"#2"},"east":{"uv":[6.25,3.75,6.625,3.5],"rotation":90,"texture":"#2"},"south":{"uv":[5.75,3.25,5.375,3.875],"rotation":90,"texture":"#2"},"west":{"uv":[6.25,3.25,6.625,3.5],"rotation":90,"texture":"#2"},"up":{"uv":[6,3.25,5.75,3.875],"rotation":90,"texture":"#2"},"down":{"uv":[6.25,3.25,6,3.875],"rotation":90,"texture":"#2"}}},{"from":[12.98825,-0.77,8.5],"to":[14.98825,0.73,8.5],"rotation":{"angle":45,"axis":"z","origin":[12.575,1.11719,8.4975]},"faces":{"north":{"uv":[0.25,4.125,0.75,3.625],"texture":"#2"},"east":{"uv":[0,0.5,0,0],"texture":"#2"},"south":{"uv":[0.75,4.125,0.25,3.625],"texture":"#2"},"west":{"uv":[0,0.5,0,0],"texture":"#2"},"up":{"uv":[0.5,0,0,0],"texture":"#2"},"down":{"uv":[0.5,0,0,0],"texture":"#2"}}},{"from":[13.13095,-3.93276,8],"to":[15.13095,-1.93276,8],"rotation":{"angle":0,"axis":"y","origin":[12.575,1.11719,8.0025]},"faces":{"north":{"uv":[2.25,4.125,1.75,3.625],"texture":"#2"},"east":{"uv":[0,0.5,0,0],"texture":"#2"},"south":{"uv":[1.75,4.125,2.25,3.625],"texture":"#2"},"west":{"uv":[0,0.5,0,0],"texture":"#2"},"up":{"uv":[0.5,0,0,0],"texture":"#2"},"down":{"uv":[0.5,0,0,0],"texture":"#2"}}},{"from":[18.92331,-3.06114,8],"to":[20.92331,-1.06114,8],"rotation":{"angle":22.5,"axis":"z","origin":[17.93948,-3.12431,8.0025]},"faces":{"north":{"uv":[2.875,4.125,2.375,3.625],"rotation":180,"texture":"#2"},"east":{"uv":[0,0.5,0,0],"rotation":180,"texture":"#2"},"south":{"uv":[2.375,4.125,2.875,3.625],"rotation":180,"texture":"#2"},"west":{"uv":[0,0.5,0,0],"rotation":180,"texture":"#2"},"up":{"uv":[0.5,0,0,0],"rotation":180,"texture":"#2"},"down":{"uv":[0.5,0,0,0],"rotation":180,"texture":"#2"}}},{"from":[16.57331,-3.73614,8],"to":[18.57331,-1.73614,8],"rotation":{"angle":-22.5,"axis":"z","origin":[17.93948,-3.12431,8.0025]},"faces":{"north":{"uv":[2.875,4.125,2.375,3.625],"rotation":180,"texture":"#2"},"east":{"uv":[0,0.5,0,0],"rotation":180,"texture":"#2"},"south":{"uv":[2.375,4.125,2.875,3.625],"rotation":180,"texture":"#2"},"west":{"uv":[0,0.5,0,0],"rotation":180,"texture":"#2"},"up":{"uv":[0.5,0,0,0],"rotation":180,"texture":"#2"},"down":{"uv":[0.5,0,0,0],"rotation":180,"texture":"#2"}}},{"from":[14.05,0.65,8.525],"to":[14.55,9.9,8.525],"rotation":{"angle":0,"axis":"y","origin":[12.575,1.11719,8.4975]},"faces":{"north":{"uv":[3.875,3.75,4,0],"texture":"#2"},"east":{"uv":[0,3.75,0,0],"texture":"#2"},"south":{"uv":[4,3.75,3.875,0],"texture":"#2"},"west":{"uv":[0,3.75,0,0],"texture":"#2"},"up":{"uv":[0.125,0,0,0],"texture":"#2"},"down":{"uv":[0.125,0,0,0],"texture":"#2"}}},{"from":[5,2.9,8],"to":[9,6.9,8],"rotation":{"angle":0,"axis":"y","origin":[7,20.9,7]},"faces":{"north":{"uv":[2,5.25,1,4.25],"texture":"#2"},"east":{"uv":[0,1,0,0],"texture":"#2"},"south":{"uv":[1,5.25,2,4.25],"texture":"#2"},"west":{"uv":[0,1,0,0],"texture":"#2"},"up":{"uv":[1,0,0,0],"texture":"#2"},"down":{"uv":[1,0,0,0],"texture":"#2"}}},{"from":[8,8.5,7.5],"to":[15,11,8.5],"rotation":{"angle":0,"axis":"y","origin":[7,-0.25,7]},"faces":{"north":{"uv":[0,5.25,1.75,5.875],"texture":"#2"},"east":{"uv":[1.5,3,1.75,3.625],"texture":"#2"},"south":{"uv":[1.75,5.25,0,5.875],"texture":"#2"},"west":{"uv":[3,2.25,3.25,2.875],"texture":"#2"},"up":{"uv":[1.75,6.125,0,5.875],"texture":"#2"},"down":{"uv":[1.75,6.125,0,6.375],"texture":"#2"}}},{"from":[15,8,6.75],"to":[20,11.5,9.25],"rotation":{"angle":0,"axis":"y","origin":[7,-0.25,7]},"faces":{"north":{"uv":[1.75,5.5,3,6.375],"texture":"#2"},"east":{"uv":[3,3,3.625,3.875],"texture":"#2"},"south":{"uv":[3,5.5,1.75,6.375],"texture":"#2"},"west":{"uv":[0,4.25,0.625,5.125],"texture":"#2"},"up":{"uv":[3.25,4.875,2,4.25],"texture":"#2"},"down":{"uv":[3.25,4.875,2,5.5],"texture":"#2"}}},{"from":[20,8.75,7.25],"to":[26,10.75,8.75],"rotation":{"angle":0,"axis":"y","origin":[7,-0.25,7]},"faces":{"north":{"uv":[3.25,5,4.75,5.5],"texture":"#2"},"east":{"uv":[2.5,3,2.875,3.5],"texture":"#2"},"south":{"uv":[4.75,5,3.25,5.5],"texture":"#2"},"west":{"uv":[3.25,0,3.625,0.5],"texture":"#2"},"up":{"uv":[4.75,4.625,3.25,4.25],"texture":"#2"},"down":{"uv":[4.75,4.625,3.25,5],"texture":"#2"}}},{"from":[26,8.5,6.75],"to":[28,11,9.25],"rotation":{"angle":0,"axis":"y","origin":[7,-0.25,7]},"faces":{"north":{"uv":[5.625,5.25,6.125,5.875],"texture":"#2"},"east":{"uv":[4.875,5.25,5.5,5.875],"texture":"#2"},"south":{"uv":[6.125,5.25,5.625,5.875],"texture":"#2"},"west":{"uv":[4.875,4.5,5.5,5.125],"texture":"#2"},"up":{"uv":[6.75,5.125,6.25,4.5],"texture":"#2"},"down":{"uv":[6.75,5.25,6.25,5.875],"texture":"#2"}}},{"from":[23.9,9.25,5.25],"to":[24.9,10.25,9.25],"rotation":{"angle":22.5,"axis":"y","origin":[24.4,9.5,8.75]},"faces":{"north":{"uv":[2.75,1,3,1.25],"texture":"#2"},"east":{"uv":[0.75,3.75,1.75,4],"texture":"#2"},"south":{"uv":[1.75,3,2,3.25],"texture":"#2"},"west":{"uv":[4,0,5,0.25],"texture":"#2"},"up":{"uv":[0.25,4.25,0,3.25],"texture":"#2"},"down":{"uv":[3.75,0.5,3.5,1.5],"texture":"#2"}}}],"gui_light":"front","display":{"thirdperson_righthand":{"rotation":[-90,0,-105],"translation":[1,0.25,-5],"scale":[0.6,0.6,0.6]},"thirdperson_lefthand":{"rotation":[-90,0,75],"translation":[3,0.25,-4.5],"scale":[0.6,0.6,0.6]},"firstperson_righthand":{"rotation":[95,-179,80],"translation":[0.5,4,-1],"scale":[0.6,0.6,0.6]},"firstperson_lefthand":{"rotation":[95,-179,-100],"translation":[2.25,4,-0.75],"scale":[0.6,0.6,0.6]},"ground":{"rotation":[0,0,-45],"translation":[0,9,0],"scale":[0.5,0.5,0.5]},"gui":{"rotation":[0,0,-45],"translation":[-3.5,2,-0.75],"scale":[0.6,0.6,0.6]},"head":{"rotation":[0,0,-90],"translation":[-1,9,0.75],"scale":[0.6,0.6,0.6]},"fixed":{"rotation":[0,-180,-45],"translation":[3.5,1.75,-0.75],"scale":[0.7,0.7,0.7]}},"mcmodels":"85dfbb0792ff5ddb0bbdcb84cd33171f"}