{"credit":"www.pixelmine.com","parent":"pixelmonpack","texture_size":[32,32],"textures":{"1":"pixelmine_ocean_guardian_set:ocean_guardian_backpack"},"elements":[{"from":[2.5,6.35,-4],"to":[13.5,12.6,-4],"rotation":{"angle":22.5,"axis":"x","origin":[8,10.1,-3.625]},"faces":{"north":{"uv":[10.75,12,13,13.5],"texture":"#1"},"east":{"uv":[0,0,0,1.75],"texture":"#1"},"south":{"uv":[13,12,10.75,13.5],"texture":"#1"},"west":{"uv":[0,0,0,1.75],"texture":"#1"},"up":{"uv":[2.5,0,0,0],"texture":"#1"},"down":{"uv":[2.5,0,0,0],"texture":"#1"}}},{"from":[2.5,3.225,-5.425],"to":[13.5,6.975,-5.425],"rotation":{"angle":0,"axis":"y","origin":[8,5.725,-5.05]},"faces":{"north":{"uv":[8.5,12.75,10.75,13.5],"texture":"#1"},"east":{"uv":[0,0,0,0.75],"texture":"#1"},"south":{"uv":[10.75,12.75,8.5,13.5],"texture":"#1"},"west":{"uv":[0,0,0,0.75],"texture":"#1"},"up":{"uv":[2.5,0,0,0],"texture":"#1"},"down":{"uv":[2.5,0,0,0],"texture":"#1"}}},{"from":[2.525,12.55,-3.025],"to":[13.475,12.55,6.225],"rotation":{"angle":0,"axis":"y","origin":[8,10.8,-2.9]},"faces":{"north":{"uv":[0,0,2.5,0],"texture":"#1"},"east":{"uv":[0,0,2.25,0],"texture":"#1"},"south":{"uv":[0,0,2.5,0],"texture":"#1"},"west":{"uv":[0,0,2.25,0],"texture":"#1"},"up":{"uv":[13,12,10.75,9.5],"texture":"#1"},"down":{"uv":[13,9.5,10.75,12],"texture":"#1"}}},{"from":[2.525,9.8,6.225],"to":[13.475,12.55,6.225],"rotation":{"angle":0,"axis":"y","origin":[8,8.175,6.225]},"faces":{"north":{"uv":[8.5,12,10.75,12.75],"texture":"#1"},"east":{"uv":[0,0,0,0.75],"texture":"#1"},"south":{"uv":[8.5,12,10.75,12.75],"texture":"#1"},"west":{"uv":[0,0,0,0.75],"texture":"#1"},"up":{"uv":[2.5,0,0,0],"texture":"#1"},"down":{"uv":[2.5,0,0,0],"texture":"#1"}}},{"from":[1.5,-1.75,-3.6],"to":[14.5,11,6.4],"rotation":{"angle":0,"axis":"y","origin":[5,-2,1.4]},"faces":{"north":{"uv":[5.25,12.75,2.5,16],"texture":"#1"},"east":{"uv":[0,12.75,2.5,16],"texture":"#1"},"south":{"uv":[8.5,12.75,5.5,16],"texture":"#1"},"west":{"uv":[2.5,12.75,0,16],"texture":"#1"},"up":{"uv":[14.5,13.5,11.5,16],"texture":"#1"},"down":{"uv":[11.5,16,8.5,13.5],"texture":"#1"}}},{"name":"invcube","from":[14.5,11,6.4],"to":[1.5,-1.75,-3.6],"rotation":{"angle":0,"axis":"y","origin":[62.5,10.75,11.4]},"faces":{"north":{"uv":[5.5,9.5,2.5,12.75],"texture":"#1"},"east":{"uv":[0,9.5,2.5,12.75],"texture":"#1"},"south":{"uv":[5.5,9.5,2.5,12.75],"texture":"#1"},"west":{"uv":[2.5,9.5,0,12.75],"texture":"#1"},"up":{"uv":[8.25,10.25,5.5,12.75],"texture":"#1"},"down":{"uv":[14.5,16,11.5,13.5],"texture":"#1"}}},{"from":[-0.5,-0.15,6.5],"to":[16.5,16.05,15.5],"rotation":{"angle":0,"axis":"y","origin":[4,-8,12.75]},"faces":{"north":{"uv":[13.75,0.01875,10.5,3.26875],"texture":"#1"},"east":{"uv":[2.5,3.25,1.25,6.25],"texture":"#1"},"south":{"uv":[13.75,3.25,10.5,6.25],"texture":"#1"},"west":{"uv":[1.25,3.25,2.5,6.25],"texture":"#1"},"up":{"uv":[13.75,0.025,10.5,1.25],"texture":"#1"},"down":{"uv":[4.5,2.5,2.25,1.25],"texture":"#1"}}},{"name":"invcube","from":[16.5,16.1,15.5],"to":[-0.5,-0.1,6.5],"rotation":{"angle":0,"axis":"y","origin":[21,8.25,21.75]},"faces":{"north":{"uv":[13.75,6.25,10.5,3.25],"texture":"#1"},"east":{"uv":[2.5,6.25,1.25,3.25],"texture":"#1"},"south":{"uv":[13.75,3.25,10.5,0],"texture":"#1"},"west":{"uv":[2.5,6.25,1.25,3.25],"texture":"#1"},"up":{"uv":[4.5,1.25,2.25,2.5],"texture":"#1"},"down":{"uv":[13.75,1.25,10.5,0],"texture":"#1"}}},{"from":[14.5,-1.4,-1.875],"to":[16.5,6.1,4.625],"rotation":{"angle":0,"axis":"y","origin":[14.5,0.1,0.875]},"faces":{"north":{"uv":[4.5,0,5,2],"texture":"#1"},"east":{"uv":[2.5,2.5,4.25,4.5],"texture":"#1"},"south":{"uv":[5,0,4.5,2],"texture":"#1"},"west":{"uv":[4.25,2.5,6,4.5],"texture":"#1"},"up":{"uv":[3.5,6.25,3,4.5],"texture":"#1"},"down":{"uv":[4,4.5,3.5,6.25],"texture":"#1"}}},{"from":[-0.5,-1.4,-1.875],"to":[1.5,6.1,4.625],"rotation":{"angle":0,"axis":"y","origin":[1.5,0.1,0.875]},"faces":{"north":{"uv":[5,0,4.5,2],"texture":"#1"},"east":{"uv":[6,2.5,4.25,4.5],"texture":"#1"},"south":{"uv":[4.5,0,5,2],"texture":"#1"},"west":{"uv":[4.25,2.5,2.5,4.5],"texture":"#1"},"up":{"uv":[3,6.25,3.5,4.5],"texture":"#1"},"down":{"uv":[3.5,4.5,4,6.25],"texture":"#1"}}},{"from":[4.34737,4.44917,-5.875],"to":[6.59737,5.44917,-4.625],"rotation":{"angle":-22.5,"axis":"z","origin":[8,4.375,-5.25]},"faces":{"north":{"uv":[8,0.5,9.25,1],"texture":"#1"},"east":{"uv":[8.5,7,9.25,7.5],"texture":"#1"},"south":{"uv":[8,1,9.25,1.5],"texture":"#1"},"west":{"uv":[8.5,8,9.25,8.5],"texture":"#1"},"up":{"uv":[7.25,6.25,6,5.5],"texture":"#1"},"down":{"uv":[7.75,0,6.5,0.75],"texture":"#1"}}},{"from":[4.34737,3.30083,-5.875],"to":[6.59737,4.30083,-4.625],"rotation":{"angle":22.5,"axis":"z","origin":[8,4.375,-5.25]},"faces":{"north":{"uv":[8,1.5,9.25,2],"texture":"#1"},"east":{"uv":[8.5,8.5,9.25,9],"texture":"#1"},"south":{"uv":[8,2,9.25,2.5],"texture":"#1"},"west":{"uv":[9,2.5,9.75,3],"texture":"#1"},"up":{"uv":[2.25,7.25,1,6.5],"texture":"#1"},"down":{"uv":[3.75,6.5,2.5,7.25],"texture":"#1"}}},{"from":[7.54334,6.08126,-5.875],"to":[8.54334,8.08126,-4.625],"rotation":{"angle":0,"axis":"y","origin":[8,4.375,-5.25]},"faces":{"north":{"uv":[8,8,8.5,9],"texture":"#1"},"east":{"uv":[5.5,4.5,6.5,5.5],"texture":"#1"},"south":{"uv":[0,8.5,0.5,9.5],"texture":"#1"},"west":{"uv":[5,5.5,6,6.5],"texture":"#1"},"up":{"uv":[1,9.5,0.5,8.5],"texture":"#1"},"down":{"uv":[1.5,8.5,1,9.5],"texture":"#1"}}},{"from":[9.40263,4.44917,-5.875],"to":[11.65263,5.44917,-4.625],"rotation":{"angle":22.5,"axis":"z","origin":[8,4.375,-5.25]},"faces":{"north":{"uv":[7.5,7.5,8.75,8],"texture":"#1"},"east":{"uv":[8.5,6,9.25,6.5],"texture":"#1"},"south":{"uv":[8,0,9.25,0.5],"texture":"#1"},"west":{"uv":[8.5,6.5,9.25,7],"texture":"#1"},"up":{"uv":[7.25,3.25,6,2.5],"texture":"#1"},"down":{"uv":[7.25,3.5,6,4.25],"texture":"#1"}}},{"from":[9.40263,3.30083,-5.875],"to":[11.65263,4.30083,-4.625],"rotation":{"angle":-22.5,"axis":"z","origin":[8,4.375,-5.25]},"faces":{"north":{"uv":[8,4.5,9.25,5],"texture":"#1"},"east":{"uv":[3,9,3.75,9.5],"texture":"#1"},"south":{"uv":[5,8,6.25,8.5],"texture":"#1"},"west":{"uv":[9,3,9.75,3.5],"texture":"#1"},"up":{"uv":[5.25,7.25,4,6.5],"texture":"#1"},"down":{"uv":[7.75,4.5,6.5,5.25],"texture":"#1"}}},{"from":[7.53166,0.66874,-5.875],"to":[8.53166,2.66874,-4.625],"rotation":{"angle":0,"axis":"y","origin":[8,4.375,-5.25]},"faces":{"north":{"uv":[1.5,8.5,2,9.5],"texture":"#1"},"east":{"uv":[0,6,1,7],"texture":"#1"},"south":{"uv":[2,8.5,2.5,9.5],"texture":"#1"},"west":{"uv":[6,1.5,7,2.5],"texture":"#1"},"up":{"uv":[3,9.5,2.5,8.5],"texture":"#1"},"down":{"uv":[9,2.5,8.5,3.5],"texture":"#1"}}},{"from":[7.675,4,-6.025],"to":[8.425,4.75,-4.475],"rotation":{"angle":0,"axis":"y","origin":[8,4.375,-5.25]},"faces":{"north":{"uv":[2.5,6,3,6.5],"texture":"#1"},"east":{"uv":[4,9,4.75,9.5],"texture":"#1"},"south":{"uv":[6.5,1,7,1.5],"texture":"#1"},"west":{"uv":[5,9,5.75,9.5],"texture":"#1"},"up":{"uv":[6.5,9.25,6,8.5],"texture":"#1"},"down":{"uv":[8.5,9,8,9.75],"texture":"#1"}}},{"from":[6.125,3.025,-6.05],"to":[7.125,5.725,-4.45],"rotation":{"angle":0,"axis":"y","origin":[8,4.375,-5.25]},"faces":{"north":{"uv":[2.5,4.5,3,5.75],"texture":"#1"},"east":{"uv":[5.5,6.5,6.25,7.75],"texture":"#1"},"south":{"uv":[6.5,8,7,9.25],"texture":"#1"},"west":{"uv":[6.5,6.5,7.25,7.75],"texture":"#1"},"up":{"uv":[9,9.75,8.5,9],"texture":"#1"},"down":{"uv":[9.5,9,9,9.75],"texture":"#1"}}},{"from":[6.76548,2.42284,-6.075],"to":[8.86548,3.42284,-4.425],"rotation":{"angle":-22.5,"axis":"z","origin":[8,4.375,-5.25]},"faces":{"north":{"uv":[4,6,5,6.5],"texture":"#1"},"east":{"uv":[9,5,9.75,5.5],"texture":"#1"},"south":{"uv":[8,5,9,5.5],"texture":"#1"},"west":{"uv":[9,7.5,9.75,8],"texture":"#1"},"up":{"uv":[2,8.25,1,7.5],"texture":"#1"},"down":{"uv":[3,7.5,2,8.25],"texture":"#1"}}},{"from":[6.76548,5.32716,-6.075],"to":[8.86548,6.32716,-4.425],"rotation":{"angle":22.5,"axis":"z","origin":[8,4.375,-5.25]},"faces":{"north":{"uv":[3,8.5,4,9],"texture":"#1"},"east":{"uv":[9.5,0,10.25,0.5],"texture":"#1"},"south":{"uv":[8.5,3.5,9.5,4],"texture":"#1"},"west":{"uv":[9.5,0.5,10.25,1],"texture":"#1"},"up":{"uv":[8.5,3.25,7.5,2.5],"texture":"#1"},"down":{"uv":[4,7.5,3,8.25],"texture":"#1"}}},{"from":[7.20381,2.39413,-6.075],"to":[9.30381,3.39413,-4.425],"rotation":{"angle":22.5,"axis":"z","origin":[8,4.375,-5.25]},"faces":{"north":{"uv":[4,8.5,5,9],"texture":"#1"},"east":{"uv":[9.5,1,10.25,1.5],"texture":"#1"},"south":{"uv":[8.5,4,9.5,4.5],"texture":"#1"},"west":{"uv":[9.5,1.5,10.25,2],"texture":"#1"},"up":{"uv":[8.5,4.25,7.5,3.5],"texture":"#1"},"down":{"uv":[5,7.5,4,8.25],"texture":"#1"}}},{"from":[8.95,3.025,-6.05],"to":[9.95,5.725,-4.45],"rotation":{"angle":0,"axis":"y","origin":[8,4.375,-5.25]},"faces":{"north":{"uv":[7,8,7.5,9.25],"texture":"#1"},"east":{"uv":[0,7,0.75,8.25],"texture":"#1"},"south":{"uv":[7.5,8,8,9.25],"texture":"#1"},"west":{"uv":[7,1,7.75,2.25],"texture":"#1"},"up":{"uv":[10,4.25,9.5,3.5],"texture":"#1"},"down":{"uv":[10,5.5,9.5,6.25],"texture":"#1"}}},{"from":[7.20381,5.35587,-6.075],"to":[9.30381,6.35587,-4.425],"rotation":{"angle":-22.5,"axis":"z","origin":[8,4.375,-5.25]},"faces":{"north":{"uv":[5,8.5,6,9],"texture":"#1"},"east":{"uv":[9.5,2,10.25,2.5],"texture":"#1"},"south":{"uv":[8.5,5.5,9.5,6],"texture":"#1"},"west":{"uv":[9.5,4.5,10.25,5],"texture":"#1"},"up":{"uv":[8.5,6.25,7.5,5.5],"texture":"#1"},"down":{"uv":[8.5,6.5,7.5,7.25],"texture":"#1"}}}],"display":{"thirdperson_righthand":{"rotation":[70.5,0,0],"translation":[0,-0.25,0.75],"scale":[0.5,0.5,0.5]},"thirdperson_lefthand":{"rotation":[-112.54,0,-179.99],"translation":[-6,-3.5,9.75],"scale":[0.5,0.5,0.5]},"firstperson_righthand":{"rotation":[172.71,51.53,-173.26],"translation":[2,4,0.25],"scale":[0.35,0.35,0.35]},"firstperson_lefthand":{"rotation":[146.68,33.86,-163.53],"translation":[1.25,-8,-2.25],"scale":[0.45,0.45,0.45]},"ground":{"translation":[0,1.75,0],"scale":[0.35,0.35,0.35]},"gui":{"rotation":[30,225,0],"translation":[-0.5,0.5,0],"scale":[0.5,0.5,0.5]},"head":{"translation":[0,0,1.5],"scale":[0.5,0.5,0.5]},"fixed":{"translation":[0,1.5,1.25],"scale":[0.75,0.75,0.75]}},"mcmodels":"85dfbb0792ff5ddb0bbdcb84cd33171f"}