{"credit":"www.pixelmine.com","texture_size":[32,32],"textures":{"1":"pixelmine_ocean_guardian_set:ocean_guardian_spear"},"elements":[{"from":[7,-6,7.5],"to":[9,18.5,8.5],"rotation":{"angle":0,"axis":"y","origin":[8,-3.94941,8]},"faces":{"north":{"uv":[9,0,10,12.25],"texture":"#1"},"east":{"uv":[10,0,10.5,12.25],"texture":"#1"},"south":{"uv":[9,0,10,12.25],"texture":"#1"},"west":{"uv":[8.25,0,8.75,12.25],"texture":"#1"},"up":{"uv":[4,7,3,6.5],"texture":"#1"},"down":{"uv":[7.5,3,6.5,3.5],"texture":"#1"}}},{"from":[6.5,-7,7],"to":[9.5,-5,9],"rotation":{"angle":0,"axis":"y","origin":[8,-2.94941,8]},"faces":{"north":{"uv":[5,6,6.5,7],"texture":"#1"},"east":{"uv":[0,6.5,1,7.5],"texture":"#1"},"south":{"uv":[6.5,3.5,8,4.5],"texture":"#1"},"west":{"uv":[4,6.5,5,7.5],"texture":"#1"},"up":{"uv":[8,5.5,6.5,4.5],"texture":"#1"},"down":{"uv":[8,5.5,6.5,6.5],"texture":"#1"}}},{"from":[6.75,-4,7.25],"to":[9.25,-2,8.75],"rotation":{"angle":0,"axis":"y","origin":[8,0.05059,8]},"faces":{"north":{"uv":[5,6,6.5,7],"texture":"#1"},"east":{"uv":[0,6.5,1,7.5],"texture":"#1"},"south":{"uv":[6.5,3.5,8,4.5],"texture":"#1"},"west":{"uv":[4,6.5,5,7.5],"texture":"#1"},"up":{"uv":[8,5.5,6.5,4.5],"texture":"#1"},"down":{"uv":[8,5.5,6.5,6.5],"texture":"#1"}}},{"from":[9.70626,19.83166,7.375],"to":[11.70626,20.83166,8.625],"rotation":{"angle":0,"axis":"y","origin":[8,16.05059,8]},"faces":{"north":{"uv":[4.5,4.5,5.5,5],"texture":"#1"},"east":{"uv":[5,1,5.75,1.5],"texture":"#1"},"south":{"uv":[0,5,1,5.5],"texture":"#1"},"west":{"uv":[0,5.5,0.75,6],"texture":"#1"},"up":{"uv":[2,3.75,1,3],"texture":"#1"},"down":{"uv":[3,3,2,3.75],"texture":"#1"}}},{"from":[9.72905,16.39319,7.375],"to":[10.72905,18.64319,8.625],"rotation":{"angle":22.5,"axis":"z","origin":[8,16.05059,8]},"faces":{"north":{"uv":[3,4,3.5,5.25],"texture":"#1"},"east":{"uv":[0,0,0.75,1.25],"texture":"#1"},"south":{"uv":[4,3,4.5,4.25],"texture":"#1"},"west":{"uv":[1,0,1.75,1.25],"texture":"#1"},"up":{"uv":[6,2.75,5.5,2],"texture":"#1"},"down":{"uv":[3.5,5.5,3,6.25],"texture":"#1"}}},{"from":[5.27095,16.39319,7.375],"to":[6.27095,18.64319,8.625],"rotation":{"angle":-22.5,"axis":"z","origin":[8,16.05059,8]},"faces":{"north":{"uv":[3.5,4,4,5.25],"texture":"#1"},"east":{"uv":[0,1.5,0.75,2.75],"texture":"#1"},"south":{"uv":[4.5,0,5,1.25],"texture":"#1"},"west":{"uv":[1,1.5,1.75,2.75],"texture":"#1"},"up":{"uv":[4,6.25,3.5,5.5],"texture":"#1"},"down":{"uv":[6,3.5,5.5,4.25],"texture":"#1"}}},{"from":[4.29374,19.84334,7.375],"to":[6.29374,20.84334,8.625],"rotation":{"angle":0,"axis":"y","origin":[8,16.05059,8]},"faces":{"north":{"uv":[5,0,6,0.5],"texture":"#1"},"east":{"uv":[5.5,4.5,6.25,5],"texture":"#1"},"south":{"uv":[5,0.5,6,1],"texture":"#1"},"west":{"uv":[5.5,5,6.25,5.5],"texture":"#1"},"up":{"uv":[4,2.75,3,2],"texture":"#1"},"down":{"uv":[4,3,3,3.75],"texture":"#1"}}},{"from":[7.625,19.975,7.25],"to":[8.375,20.725,8.75],"rotation":{"angle":0,"axis":"y","origin":[8,16.05059,8]},"faces":{"north":{"uv":[6,4,6.5,4.5],"texture":"#1"},"east":{"uv":[5.5,5.5,6.25,6],"texture":"#1"},"south":{"uv":[4.5,6,5,6.5],"texture":"#1"},"west":{"uv":[0,6,0.75,6.5],"texture":"#1"},"up":{"uv":[4.5,6.25,4,5.5],"texture":"#1"},"down":{"uv":[6.5,0,6,0.75],"texture":"#1"}}},{"from":[4.39296,19.18034,7.25],"to":[5.39296,21.28034,8.75],"rotation":{"angle":-22.5,"axis":"z","origin":[8,16.05059,8]},"faces":{"north":{"uv":[4.5,3.5,5,4.5],"texture":"#1"},"east":{"uv":[2,2,2.75,3],"texture":"#1"},"south":{"uv":[4,4.5,4.5,5.5],"texture":"#1"},"west":{"uv":[0,3,0.75,4],"texture":"#1"},"up":{"uv":[5,5.75,4.5,5],"texture":"#1"},"down":{"uv":[5.5,5,5,5.75],"texture":"#1"}}},{"from":[10.60704,19.18034,7.25],"to":[11.60704,21.28034,8.75],"rotation":{"angle":22.5,"axis":"z","origin":[8,16.05059,8]},"faces":{"north":{"uv":[1,5,1.5,6],"texture":"#1"},"east":{"uv":[3.5,0,4.25,1],"texture":"#1"},"south":{"uv":[1.5,5,2,6],"texture":"#1"},"west":{"uv":[3.5,1,4.25,2],"texture":"#1"},"up":{"uv":[1.5,6.75,1,6],"texture":"#1"},"down":{"uv":[6.5,1,6,1.75],"texture":"#1"}}},{"from":[7.67401,18.74202,7.275],"to":[8.67401,20.84202,8.725],"rotation":{"angle":22.5,"axis":"z","origin":[8,16.05059,8]},"faces":{"north":{"uv":[2,5,2.5,6],"texture":"#1"},"east":{"uv":[0,4,0.75,5],"texture":"#1"},"south":{"uv":[5,2,5.5,3],"texture":"#1"},"west":{"uv":[1,4,1.75,5],"texture":"#1"},"up":{"uv":[2,6.75,1.5,6],"texture":"#1"},"down":{"uv":[2.5,6,2,6.75],"texture":"#1"}}},{"from":[6.65,18.425,7.25],"to":[9.35,19.425,8.75],"rotation":{"angle":0,"axis":"y","origin":[8,16.05059,8]},"faces":{"north":{"uv":[4.5,1.5,5.75,2],"texture":"#1"},"east":{"uv":[6,2,6.75,2.5],"texture":"#1"},"south":{"uv":[4.5,3,5.75,3.5],"texture":"#1"},"west":{"uv":[6,2.5,6.75,3],"texture":"#1"},"up":{"uv":[3.25,0.75,2,0],"texture":"#1"},"down":{"uv":[3.25,1,2,1.75],"texture":"#1"}}},{"from":[7.32599,18.74202,7.275],"to":[8.32599,20.84202,8.725],"rotation":{"angle":-22.5,"axis":"z","origin":[8,16.05059,8]},"faces":{"north":{"uv":[2.5,5,3,6],"texture":"#1"},"east":{"uv":[2,4,2.75,5],"texture":"#1"},"south":{"uv":[5,3.5,5.5,4.5],"texture":"#1"},"west":{"uv":[4,2,4.75,3],"texture":"#1"},"up":{"uv":[3,6.75,2.5,6],"texture":"#1"},"down":{"uv":[6.5,3,6,3.75],"texture":"#1"}}},{"from":[8,27,7.75],"to":[9,31.2,8.25],"rotation":{"angle":22.5,"axis":"z","origin":[7,30,7]},"faces":{"north":{"uv":[7.5,6.5,8,9],"texture":"#1"},"east":{"uv":[7,0,7.25,2.5],"texture":"#1"},"south":{"uv":[7.5,6.5,8,9],"texture":"#1"},"west":{"uv":[0,7.5,1,10],"texture":"#1"},"up":{"uv":[7,1,6.5,0],"texture":"#1"},"down":{"uv":[7,1,6.5,2],"texture":"#1"}}},{"from":[9,23,7.75],"to":[10,28,8.25],"rotation":{"angle":0,"axis":"y","origin":[8,26,7]},"faces":{"north":{"uv":[10.5,2.5,11,5],"texture":"#1"},"east":{"uv":[0,10,0.25,12.5],"texture":"#1"},"south":{"uv":[10.5,2.5,11,5],"texture":"#1"},"west":{"uv":[10.5,0,11.5,2.5],"texture":"#1"},"up":{"uv":[7,7.5,6.5,6.5],"texture":"#1"},"down":{"uv":[1.5,7,1,8],"texture":"#1"}}},{"from":[6,23,7.75],"to":[7,28,8.25],"rotation":{"angle":0,"axis":"y","origin":[8,26,7]},"faces":{"north":{"uv":[11,2.5,10.5,5],"texture":"#1"},"east":{"uv":[11.5,0,10.5,2.5],"texture":"#1"},"south":{"uv":[11,2.5,10.5,5],"texture":"#1"},"west":{"uv":[0.25,10,0,12.5],"texture":"#1"},"up":{"uv":[6.5,7.5,7,6.5],"texture":"#1"},"down":{"uv":[1,7,1.5,8],"texture":"#1"}}},{"from":[6,20.65,7.75],"to":[7,23.225,8.25],"rotation":{"angle":22.5,"axis":"z","origin":[6.5,23.15,8]},"faces":{"north":{"uv":[2,7,2.5,8.25],"texture":"#1"},"east":{"uv":[3.5,7,3.75,8.25],"texture":"#1"},"south":{"uv":[2,7,2.5,8.25],"texture":"#1"},"west":{"uv":[5,7,5.25,8.25],"texture":"#1"},"up":{"uv":[8,2.75,7,2.5],"texture":"#1"},"down":{"uv":[6.5,7,5.5,7.25],"texture":"#1"}}},{"from":[9,20.65,7.75],"to":[10,23.225,8.25],"rotation":{"angle":-22.5,"axis":"z","origin":[9.5,23.15,8]},"faces":{"north":{"uv":[2.5,7,2,8.25],"texture":"#1"},"east":{"uv":[5.25,7,5,8.25],"texture":"#1"},"south":{"uv":[2.5,7,2,8.25],"texture":"#1"},"west":{"uv":[3.75,7,3.5,8.25],"texture":"#1"},"up":{"uv":[7,2.75,8,2.5],"texture":"#1"},"down":{"uv":[5.5,7,6.5,7.25],"texture":"#1"}}},{"from":[7,27,7.75],"to":[8,31.2,8.25],"rotation":{"angle":-22.5,"axis":"z","origin":[9,30,7]},"faces":{"north":{"uv":[8,6.5,7.5,9],"texture":"#1"},"east":{"uv":[1,7.5,0,10],"texture":"#1"},"south":{"uv":[8,6.5,7.5,9],"texture":"#1"},"west":{"uv":[7.25,0,7,2.5],"texture":"#1"},"up":{"uv":[6.5,1,7,0],"texture":"#1"},"down":{"uv":[6.5,1,7,2],"texture":"#1"}}},{"from":[7.1,31.325,7.725],"to":[7.65,31.9,8.275],"rotation":{"angle":-45,"axis":"z","origin":[8,31,8]},"faces":{"north":{"uv":[1.5,7,1.75,7.25],"texture":"#1"},"east":{"uv":[2.5,7,2.75,7.25],"texture":"#1"},"south":{"uv":[7,6.5,7.25,6.75],"texture":"#1"},"west":{"uv":[7,7,7.25,7.25],"texture":"#1"},"up":{"uv":[1.75,7.75,1.5,7.5],"texture":"#1"},"down":{"uv":[2.75,7.5,2.5,7.75],"texture":"#1"}}},{"from":[7,18.9,7.775],"to":[9,30.2,8.225],"rotation":{"angle":0,"axis":"y","origin":[7,28,7]},"faces":{"north":{"uv":[4,7.5,5,13.25],"texture":"#1"},"east":{"uv":[6.5,7.5,6.75,13.25],"texture":"#1"},"south":{"uv":[5,7.5,4,13.25],"texture":"#1"},"west":{"uv":[7,7.5,7.25,13.25],"texture":"#1"},"up":{"uv":[2,8.25,1,8],"texture":"#1"},"down":{"uv":[2,8.5,1,8.75],"texture":"#1"}}}],"display":{"thirdperson_righthand":{"rotation":[-151.56,83.16,153.06],"translation":[0,1.75,1],"scale":[0.75,0.75,0.75]},"thirdperson_lefthand":{"rotation":[-18.41,-80.05,-16.97],"translation":[-0.25,1.25,1],"scale":[0.75,0.75,0.75]},"firstperson_righthand":{"rotation":[9.75,90,0],"translation":[2,0,0.5],"scale":[0.6,0.6,0.6]},"firstperson_lefthand":{"rotation":[9.75,90,0],"translation":[2,0,0.5],"scale":[0.6,0.6,0.6]},"ground":{"rotation":[0,0,-45],"translation":[-2.75,-1.25,-1],"scale":[0.5,0.5,0.5]},"gui":{"rotation":[0,0,-45],"translation":[-1.75,-1.5,-0.75],"scale":[0.55,0.55,0.55]},"head":{"rotation":[0,0,-45],"translation":[-11.5,1.75,0.75],"scale":[0.6,0.6,0.6]},"fixed":{"rotation":[0,-180,-45],"translation":[4.75,-4.75,-0.75],"scale":[2,2,2]}},"mcmodels":"85dfbb0792ff5ddb0bbdcb84cd33171f"}