{"credit":"www.pixelmine.com","texture_size":[64,64],"textures":{"2":"pixelmine_ocean_guardian_set:ocean_guardian_sword","particle":"pixelmine_ocean_guardian_set:ocean_guardian_sword"},"elements":[{"from":[7,-7,7.5],"to":[9,-0.5,8.5],"rotation":{"angle":0,"axis":"y","origin":[8.405,5.41848,8]},"faces":{"north":{"uv":[0.875,4.25,1.375,5.875],"texture":"#2"},"east":{"uv":[0.625,4.125,0.875,5.75],"texture":"#2"},"south":{"uv":[0.875,4.25,1.375,5.875],"texture":"#2"},"west":{"uv":[1.375,4.25,1.625,5.875],"texture":"#2"},"up":{"uv":[0.625,5.375,0.125,5.125],"texture":"#2"},"down":{"uv":[0.625,5.375,0.125,5.625],"texture":"#2"}}},{"from":[6.5,-9,7],"to":[9.5,-7,9],"rotation":{"angle":0,"axis":"y","origin":[8.405,5.41848,8]},"faces":{"north":{"uv":[1,0.5,1.75,1],"texture":"#2"},"east":{"uv":[1.75,0.5,2.25,1],"texture":"#2"},"south":{"uv":[1,1,1.75,1.5],"texture":"#2"},"west":{"uv":[1.75,1,2.25,1.5],"texture":"#2"},"up":{"uv":[2.25,0.5,1.5,0],"texture":"#2"},"down":{"uv":[1.75,1.5,1,2],"texture":"#2"}}},{"from":[6.75,-11,7.25],"to":[9.25,-9,8.75],"rotation":{"angle":0,"axis":"y","origin":[8.405,5.41848,8]},"faces":{"north":{"uv":[1,0.5,1.75,1],"texture":"#2"},"east":{"uv":[1.75,0.5,2.25,1],"texture":"#2"},"south":{"uv":[1,1,1.75,1.5],"texture":"#2"},"west":{"uv":[1.75,1,2.25,1.5],"texture":"#2"},"up":{"uv":[2.25,0.5,1.5,0],"texture":"#2"},"down":{"uv":[1.75,1.5,1,2],"texture":"#2"}}},{"from":[8,0.1,7.5],"to":[10,18.6,8.5],"rotation":{"angle":0,"axis":"y","origin":[7.595,5.41848,8]},"faces":{"north":{"uv":[5.125,0,5.625,4.625],"texture":"#2"},"east":{"uv":[6.125,0,5.875,4.625],"texture":"#2"},"south":{"uv":[5.625,0,5.125,4.625],"texture":"#2"},"west":{"uv":[5.875,0,5.625,4.625],"texture":"#2"},"up":{"uv":[0,0.75,0.5,0.5],"texture":"#2"},"down":{"uv":[0.5,0,1,0.25],"texture":"#2"}}},{"from":[5.925,0.1,7.5],"to":[8,23.1,8.5],"rotation":{"angle":0,"axis":"y","origin":[7.595,5.41848,8]},"faces":{"north":{"uv":[4.125,0,4.625,5.75],"texture":"#2"},"east":{"uv":[5.125,0,4.875,5.75],"texture":"#2"},"south":{"uv":[4.625,0,4.125,5.75],"texture":"#2"},"west":{"uv":[4.875,0,4.625,5.75],"texture":"#2"},"up":{"uv":[0,0.25,0.5,0],"texture":"#2"},"down":{"uv":[0,0.25,0.5,0.5],"texture":"#2"}}},{"from":[6.445,5.6,8.5],"to":[5.935,4.6,7.5],"rotation":{"angle":0,"axis":"y","origin":[7.595,5.41848,8]},"faces":{"north":{"uv":[0.625,0.75,0.5,1],"texture":"#2"},"east":{"uv":[0.5,0.75,0.25,1],"texture":"#2"},"south":{"uv":[0.875,0.75,0.75,1],"texture":"#2"},"west":{"uv":[0.25,0.75,0,1],"texture":"#2"},"up":{"uv":[0,1.25,0.125,1],"texture":"#2"},"down":{"uv":[1,0,1.125,0.25],"texture":"#2"}}},{"from":[6.445,7.6,8.5],"to":[5.935,6.6,7.5],"rotation":{"angle":0,"axis":"y","origin":[7.595,5.41848,8]},"faces":{"north":{"uv":[0.625,0.75,0.5,1],"texture":"#2"},"east":{"uv":[0.5,0.75,0.25,1],"texture":"#2"},"south":{"uv":[0.875,0.75,0.75,1],"texture":"#2"},"west":{"uv":[0.25,0.75,0,1],"texture":"#2"},"up":{"uv":[0,1.25,0.125,1],"texture":"#2"},"down":{"uv":[1,0,1.125,0.25],"texture":"#2"}}},{"from":[6.445,11.6,8.5],"to":[5.935,10.6,7.5],"rotation":{"angle":0,"axis":"y","origin":[7.595,5.41848,8]},"faces":{"north":{"uv":[0.625,0.75,0.5,1],"texture":"#2"},"east":{"uv":[0.5,0.75,0.25,1],"texture":"#2"},"south":{"uv":[0.875,0.75,0.75,1],"texture":"#2"},"west":{"uv":[0.25,0.75,0,1],"texture":"#2"},"up":{"uv":[0,1.25,0.125,1],"texture":"#2"},"down":{"uv":[1,0,1.125,0.25],"texture":"#2"}}},{"from":[6.445,9.6,8.5],"to":[5.935,8.6,7.5],"rotation":{"angle":0,"axis":"y","origin":[7.595,5.41848,8]},"faces":{"north":{"uv":[0.625,0.75,0.5,1],"texture":"#2"},"east":{"uv":[0.5,0.75,0.25,1],"texture":"#2"},"south":{"uv":[0.875,0.75,0.75,1],"texture":"#2"},"west":{"uv":[0.25,0.75,0,1],"texture":"#2"},"up":{"uv":[0,1.25,0.125,1],"texture":"#2"},"down":{"uv":[1,0,1.125,0.25],"texture":"#2"}}},{"from":[12.8089,16.63559,7.475],"to":[14.8589,22.41059,8.525],"rotation":{"angle":22.5,"axis":"z","origin":[7.595,5.41848,8]},"faces":{"north":{"uv":[6.125,0.125,6.625,1.625],"texture":"#2"},"east":{"uv":[6.875,0.125,6.625,1.625],"texture":"#2"},"south":{"uv":[6.625,0.125,6.125,1.625],"texture":"#2"},"west":{"uv":[7.125,0.125,6.875,1.625],"texture":"#2"},"up":{"uv":[0.5,0.5,1,0.25],"texture":"#2"},"down":{"uv":[0.5,0.5,1,0.75],"texture":"#2"}}},{"from":[9.70626,0.83166,7.375],"to":[11.70626,1.83166,8.625],"rotation":{"angle":0,"axis":"y","origin":[8,-2.94941,8]},"faces":{"north":{"uv":[0,1.75,0.5,2],"texture":"#2"},"east":{"uv":[0,2,0.375,2.25],"texture":"#2"},"south":{"uv":[0.5,1.75,1,2],"texture":"#2"},"west":{"uv":[0.5,2,0.875,2.25],"texture":"#2"},"up":{"uv":[0.5,1.625,0,1.25],"texture":"#2"},"down":{"uv":[1,1.25,0.5,1.625],"texture":"#2"}}},{"from":[9.72905,-2.60681,7.375],"to":[10.72905,-0.35681,8.625],"rotation":{"angle":22.5,"axis":"z","origin":[8,-2.94941,8]},"faces":{"north":{"uv":[1.5,2.5,1.75,3.125],"texture":"#2"},"east":{"uv":[0,2.75,0.375,3.375],"texture":"#2"},"south":{"uv":[0.5,2.75,0.75,3.375],"texture":"#2"},"west":{"uv":[2.75,0,3.125,0.625],"texture":"#2"},"up":{"uv":[1,3.125,0.75,2.75],"texture":"#2"},"down":{"uv":[3,0.75,2.75,1.125],"texture":"#2"}}},{"from":[5.27095,-2.60681,7.375],"to":[6.27095,-0.35681,8.625],"rotation":{"angle":-22.5,"axis":"z","origin":[8,-2.94941,8]},"faces":{"north":{"uv":[1.75,2.75,2,3.375],"texture":"#2"},"east":{"uv":[1,2.75,1.375,3.375],"texture":"#2"},"south":{"uv":[2,2.75,2.25,3.375],"texture":"#2"},"west":{"uv":[2.75,1.25,3.125,1.875],"texture":"#2"},"up":{"uv":[2.5,3.125,2.25,2.75],"texture":"#2"},"down":{"uv":[2.75,2.75,2.5,3.125],"texture":"#2"}}},{"from":[4.29374,0.84334,7.375],"to":[6.29374,1.84334,8.625],"rotation":{"angle":0,"axis":"y","origin":[8,-2.94941,8]},"faces":{"north":{"uv":[0.5,2.25,1,2.5],"texture":"#2"},"east":{"uv":[2.5,2,2.875,2.25],"texture":"#2"},"south":{"uv":[0.5,2.5,1,2.75],"texture":"#2"},"west":{"uv":[2.5,2.25,2.875,2.5],"texture":"#2"},"up":{"uv":[0.5,2.625,0,2.25],"texture":"#2"},"down":{"uv":[2.75,0,2.25,0.375],"texture":"#2"}}},{"from":[7.625,0.975,7.25],"to":[8.375,1.725,8.75],"rotation":{"angle":0,"axis":"y","origin":[8,-2.94941,8]},"faces":{"north":{"uv":[0.75,3.25,1,3.5],"texture":"#2"},"east":{"uv":[3.75,2.5,4.125,2.75],"texture":"#2"},"south":{"uv":[3.75,3.5,4,3.75],"texture":"#2"},"west":{"uv":[3.75,2.75,4.125,3],"texture":"#2"},"up":{"uv":[2.75,4.125,2.5,3.75],"texture":"#2"},"down":{"uv":[4,3,3.75,3.375],"texture":"#2"}}},{"from":[4.39296,0.18034,7.25],"to":[5.39296,2.28034,8.75],"rotation":{"angle":-22.5,"axis":"z","origin":[8,-2.94941,8]},"faces":{"north":{"uv":[3.5,2.5,3.75,3],"texture":"#2"},"east":{"uv":[0,3.5,0.375,4],"texture":"#2"},"south":{"uv":[2.75,3.5,3,4],"texture":"#2"},"west":{"uv":[0.5,3.5,0.875,4],"texture":"#2"},"up":{"uv":[4,2.375,3.75,2],"texture":"#2"},"down":{"uv":[2.5,3.75,2.25,4.125],"texture":"#2"}}},{"from":[10.60704,0.18034,7.25],"to":[11.60704,2.28034,8.75],"rotation":{"angle":22.5,"axis":"z","origin":[8,-2.94941,8]},"faces":{"north":{"uv":[1.5,3.25,1.75,3.75],"texture":"#2"},"east":{"uv":[3,2,3.375,2.5],"texture":"#2"},"south":{"uv":[1,3.5,1.25,4],"texture":"#2"},"west":{"uv":[2.75,3,3.125,3.5],"texture":"#2"},"up":{"uv":[3.25,3.875,3,3.5],"texture":"#2"},"down":{"uv":[3.5,3.5,3.25,3.875],"texture":"#2"}}},{"from":[7.67401,-0.25798,7.275],"to":[8.67401,1.84202,8.725],"rotation":{"angle":22.5,"axis":"z","origin":[8,-2.94941,8]},"faces":{"north":{"uv":[2,3.5,2.25,4],"texture":"#2"},"east":{"uv":[2.25,3.25,2.625,3.75],"texture":"#2"},"south":{"uv":[3.5,2,3.75,2.5],"texture":"#2"},"west":{"uv":[3.25,3,3.625,3.5],"texture":"#2"},"up":{"uv":[4,1.625,3.75,1.25],"texture":"#2"},"down":{"uv":[1.75,3.75,1.5,4.125],"texture":"#2"}}},{"from":[6.65,-0.575,7.25],"to":[9.35,0.425,8.75],"rotation":{"angle":0,"axis":"y","origin":[8,-2.94941,8]},"faces":{"north":{"uv":[3.25,0.5,3.875,0.75],"texture":"#2"},"east":{"uv":[3.75,0.75,4.125,1],"texture":"#2"},"south":{"uv":[3.25,1.75,3.875,2],"texture":"#2"},"west":{"uv":[3.75,1,4.125,1.25],"texture":"#2"},"up":{"uv":[3.375,2.875,2.75,2.5],"texture":"#2"},"down":{"uv":[3.625,0.75,3,1.125],"texture":"#2"}}},{"from":[7.32599,-0.25798,7.275],"to":[8.32599,1.84202,8.725],"rotation":{"angle":-22.5,"axis":"z","origin":[8,-2.94941,8]},"faces":{"north":{"uv":[1.25,3.5,1.5,4],"texture":"#2"},"east":{"uv":[3.25,0,3.625,0.5],"texture":"#2"},"south":{"uv":[1.75,3.5,2,4],"texture":"#2"},"west":{"uv":[3.25,1.25,3.625,1.75],"texture":"#2"},"up":{"uv":[3.75,3.875,3.5,3.5],"texture":"#2"},"down":{"uv":[4,0,3.75,0.375],"texture":"#2"}}},{"from":[9,-1.25,8],"to":[16,4.25,8],"rotation":{"angle":0,"axis":"y","origin":[13,-0.25,7]},"faces":{"north":{"uv":[3.75,4.25,2,5.625],"texture":"#2"},"east":{"uv":[0,0,0,1.25],"texture":"#2"},"south":{"uv":[2,4.25,3.75,5.625],"texture":"#2"},"west":{"uv":[0,0,0,1.25],"texture":"#2"},"up":{"uv":[1.75,0,0,0],"texture":"#2"},"down":{"uv":[1.75,0,0,0],"texture":"#2"}}},{"from":[0,-1.25,8],"to":[7,4.25,8],"rotation":{"angle":0,"axis":"y","origin":[3,-0.25,7]},"faces":{"north":{"uv":[2,4.25,3.75,5.625],"texture":"#2"},"east":{"uv":[0,0,0,1.25],"texture":"#2"},"south":{"uv":[3.75,4.25,2,5.625],"texture":"#2"},"west":{"uv":[0,0,0,1.25],"texture":"#2"},"up":{"uv":[0,0,1.75,0],"texture":"#2"},"down":{"uv":[0,0,1.75,0],"texture":"#2"}}}],"display":{"thirdperson_righthand":{"rotation":[-151.56,83.16,153.06],"translation":[0,8,1.25],"scale":[0.75,0.75,0.75]},"thirdperson_lefthand":{"rotation":[-18.41,-80.05,-16.97],"translation":[-0.25,7.5,1.25],"scale":[0.75,0.75,0.75]},"firstperson_righthand":{"rotation":[9.75,90,0],"translation":[2,3.25,0.5],"scale":[0.6,0.6,0.6]},"firstperson_lefthand":{"rotation":[9.75,-90,0],"translation":[2,3.25,0.5],"scale":[0.6,0.6,0.6]},"ground":{"rotation":[0,0,-45],"translation":[2.5,6.5,0],"scale":[0.5,0.5,0.5]},"gui":{"rotation":[0,0,-45],"translation":[0.25,0.25,-0.75],"scale":[0.55,0.55,0.55]},"head":{"rotation":[0,0,45],"translation":[7,6.25,0.75],"scale":[0.6,0.6,0.6]},"fixed":{"rotation":[0,-180,-45],"translation":[-1.25,4.5,-0.75],"scale":[2,2,2]}},"mcmodels":"85dfbb0792ff5ddb0bbdcb84cd33171f"}