{"credit":"www.pixelmine.com","texture_size":[32,32],"textures":{"0":"pixelmine_ocean_guardian_set:ocean_guardian_mace","particle":"pixelmine_ocean_guardian_set:ocean_guardian_mace"},"elements":[{"from":[4.75,16.75,4.75],"to":[11.25,23.25,11.25],"rotation":{"angle":0,"axis":"y","origin":[10,18.5,7]},"faces":{"north":{"uv":[2,0,5.25,3.25],"texture":"#0"},"east":{"uv":[2,0,5.25,3.25],"texture":"#0"},"south":{"uv":[2,0,5.25,3.25],"texture":"#0"},"west":{"uv":[2,0,5.25,3.25],"texture":"#0"},"up":{"uv":[5.25,6.75,2,3.5],"texture":"#0"},"down":{"uv":[8.75,0,5.5,3.25],"texture":"#0"}}},{"from":[7,4.5,7.5],"to":[9,20,8.5],"rotation":{"angle":0,"axis":"y","origin":[6.37226,17.5,8]},"faces":{"north":{"uv":[0,0,1,7.75],"texture":"#0"},"east":{"uv":[1,0,1.5,7.75],"texture":"#0"},"south":{"uv":[1,0,0,7.75],"texture":"#0"},"west":{"uv":[1.5,0,2,7.75],"texture":"#0"},"up":{"uv":[1,0.5,0,0],"texture":"#0"},"down":{"uv":[2,0,1,0.5],"texture":"#0"}}},{"from":[6.75,3,7.25],"to":[9.25,4.5,8.75],"rotation":{"angle":0,"axis":"y","origin":[6.37226,17.5,8]},"faces":{"north":{"uv":[2,7.5,3.25,8.25],"texture":"#0"},"east":{"uv":[8,7.5,8.75,8.25],"texture":"#0"},"south":{"uv":[2,7.5,3.25,8.25],"texture":"#0"},"west":{"uv":[9,0,9.75,0.75],"texture":"#0"},"up":{"uv":[4.75,8.25,3.5,7.5],"texture":"#0"},"down":{"uv":[6.25,7.5,5,8.25],"texture":"#0"}}},{"from":[6.75,23,6.75],"to":[9.25,24.5,9.25],"rotation":{"angle":0,"axis":"y","origin":[6.37226,10,8]},"faces":{"north":{"uv":[6.5,7.5,7.75,8.25],"texture":"#0"},"east":{"uv":[9,1,10.25,1.75],"texture":"#0"},"south":{"uv":[6.5,7.5,7.75,8.25],"texture":"#0"},"west":{"uv":[9,1,10.25,1.75],"texture":"#0"},"up":{"uv":[2.25,9.75,1,8.5],"texture":"#0"},"down":{"uv":[3.75,8.5,2.5,9.75],"texture":"#0"}}},{"from":[6.75,13.75,7.25],"to":[9.25,15.25,8.75],"rotation":{"angle":0,"axis":"y","origin":[6.37226,28.25,8]},"faces":{"north":{"uv":[2,7.5,3.25,8.25],"texture":"#0"},"east":{"uv":[8,7.5,8.75,8.25],"texture":"#0"},"south":{"uv":[2,7.5,3.25,8.25],"texture":"#0"},"west":{"uv":[9,0,9.75,0.75],"texture":"#0"},"up":{"uv":[4.75,8.25,3.5,7.5],"texture":"#0"},"down":{"uv":[6.25,7.5,5,8.25],"texture":"#0"}}},{"from":[6.5,4.5,7],"to":[9.5,6.5,9],"rotation":{"angle":0,"axis":"y","origin":[6.37226,18,8]},"faces":{"north":{"uv":[5,8.5,6.5,9.5],"texture":"#0"},"east":{"uv":[0,9,1,10],"texture":"#0"},"south":{"uv":[5,8.5,6.5,9.5],"texture":"#0"},"west":{"uv":[0,9,1,10],"texture":"#0"},"up":{"uv":[8,9.5,6.5,8.5],"texture":"#0"},"down":{"uv":[9.5,8.5,8,9.5],"texture":"#0"}}},{"from":[6.5,14.75,7],"to":[9.5,16.75,9],"rotation":{"angle":0,"axis":"y","origin":[6.37226,28.25,8]},"faces":{"north":{"uv":[5,8.5,6.5,9.5],"texture":"#0"},"east":{"uv":[0,9,1,10],"texture":"#0"},"south":{"uv":[5,8.5,6.5,9.5],"texture":"#0"},"west":{"uv":[0,9,1,10],"texture":"#0"},"up":{"uv":[8,9.5,6.5,8.5],"texture":"#0"},"down":{"uv":[9.5,8.5,8,9.5],"texture":"#0"}}}],"display":{"thirdperson_righthand":{"rotation":[-151.56,83.16,153.06],"translation":[0,-3.25,1],"scale":[0.75,0.75,0.75]},"thirdperson_lefthand":{"rotation":[-18.41,-80.05,-16.97],"translation":[-0.25,-3.75,1],"scale":[0.75,0.75,0.75]},"firstperson_righthand":{"rotation":[9.75,90,0],"translation":[2,0,0.5],"scale":[0.6,0.6,0.6]},"firstperson_lefthand":{"rotation":[9.75,-90,0],"translation":[2,0.25,0.5],"scale":[0.6,0.6,0.6]},"ground":{"rotation":[0,0,-45],"translation":[-2.75,-1.25,-1],"scale":[0.5,0.5,0.5]},"gui":{"rotation":[180,0,-135],"translation":[-3,-2.75,-0.75],"scale":[0.55,0.55,0.55]},"head":{"rotation":[0,0,-45],"translation":[-12.5,2.75,0.75],"scale":[0.6,0.6,0.6]},"fixed":{"rotation":[0,-180,-45],"translation":[4.75,-4.75,-0.75],"scale":[2,2,2]}},"mcmodels":"85dfbb0792ff5ddb0bbdcb84cd33171f"}