{"credit":"www.pixelmine.com","texture_size":[64,64],"textures":{"0":"pixelmine_ocean_guardian_set:ocean_guardian_hammer","particle":"pixelmine_ocean_guardian_set:ocean_guardian_hammer"},"elements":[{"from":[1,16.75,6],"to":[15,23.25,10],"rotation":{"angle":0,"axis":"y","origin":[10,18.5,7]},"faces":{"north":{"uv":[1,0,4.5,1.625],"texture":"#0"},"east":{"uv":[5.75,0,6.75,1.625],"texture":"#0"},"south":{"uv":[4.5,0,1,1.625],"texture":"#0"},"west":{"uv":[5.75,0,6.75,1.625],"texture":"#0"},"up":{"uv":[4.5,2.625,1,1.625],"texture":"#0"},"down":{"uv":[4.5,2.625,1,3.625],"texture":"#0"}}},{"from":[7,4.5,7.5],"to":[9,20,8.5],"rotation":{"angle":0,"axis":"y","origin":[6.37226,17.5,8]},"faces":{"north":{"uv":[0,0,0.5,3.875],"texture":"#0"},"east":{"uv":[0.5,0,0.75,3.875],"texture":"#0"},"south":{"uv":[0.5,0,0,3.875],"texture":"#0"},"west":{"uv":[0.75,0,1,3.875],"texture":"#0"},"up":{"uv":[0.5,0.25,0,0],"texture":"#0"},"down":{"uv":[1,0,0.5,0.25],"texture":"#0"}}},{"from":[6.75,3,7.25],"to":[9.25,4.5,8.75],"rotation":{"angle":0,"axis":"y","origin":[6.37226,17.5,8]},"faces":{"north":{"uv":[1,3.75,1.625,4.125],"texture":"#0"},"east":{"uv":[4,3.75,4.375,4.125],"texture":"#0"},"south":{"uv":[1,3.75,1.625,4.125],"texture":"#0"},"west":{"uv":[4.5,0,4.875,0.375],"texture":"#0"},"up":{"uv":[2.375,4.125,1.75,3.75],"texture":"#0"},"down":{"uv":[3.125,3.75,2.5,4.125],"texture":"#0"}}},{"from":[6.75,23,6.75],"to":[9.25,24.5,9.25],"rotation":{"angle":0,"axis":"y","origin":[6.37226,10,8]},"faces":{"north":{"uv":[3.25,3.75,3.875,4.125],"texture":"#0"},"east":{"uv":[4.5,0.5,5.125,0.875],"texture":"#0"},"south":{"uv":[3.25,3.75,3.875,4.125],"texture":"#0"},"west":{"uv":[4.5,0.5,5.125,0.875],"texture":"#0"},"up":{"uv":[1.125,4.875,0.5,4.25],"texture":"#0"},"down":{"uv":[1.875,4.25,1.25,4.875],"texture":"#0"}}},{"from":[6.75,13.75,7.25],"to":[9.25,15.25,8.75],"rotation":{"angle":0,"axis":"y","origin":[6.37226,28.25,8]},"faces":{"north":{"uv":[1,3.75,1.625,4.125],"texture":"#0"},"east":{"uv":[4,3.75,4.375,4.125],"texture":"#0"},"south":{"uv":[1,3.75,1.625,4.125],"texture":"#0"},"west":{"uv":[4.5,0,4.875,0.375],"texture":"#0"},"up":{"uv":[2.375,4.125,1.75,3.75],"texture":"#0"},"down":{"uv":[3.125,3.75,2.5,4.125],"texture":"#0"}}},{"from":[6.5,4.5,7],"to":[9.5,6.5,9],"rotation":{"angle":0,"axis":"y","origin":[6.37226,18,8]},"faces":{"north":{"uv":[2.5,4.25,3.25,4.75],"texture":"#0"},"east":{"uv":[0,4.5,0.5,5],"texture":"#0"},"south":{"uv":[2.5,4.25,3.25,4.75],"texture":"#0"},"west":{"uv":[0,4.5,0.5,5],"texture":"#0"},"up":{"uv":[4,4.75,3.25,4.25],"texture":"#0"},"down":{"uv":[4.75,4.25,4,4.75],"texture":"#0"}}},{"from":[6.5,14.75,7],"to":[9.5,16.75,9],"rotation":{"angle":0,"axis":"y","origin":[6.37226,28.25,8]},"faces":{"north":{"uv":[2.5,4.25,3.25,4.75],"texture":"#0"},"east":{"uv":[0,4.5,0.5,5],"texture":"#0"},"south":{"uv":[2.5,4.25,3.25,4.75],"texture":"#0"},"west":{"uv":[0,4.5,0.5,5],"texture":"#0"},"up":{"uv":[4,4.75,3.25,4.25],"texture":"#0"},"down":{"uv":[4.75,4.25,4,4.75],"texture":"#0"}}},{"from":[0.75,16.25,5.5],"to":[15.25,23.75,10.5],"rotation":{"angle":0,"axis":"y","origin":[7,21.25,7]},"faces":{"north":{"uv":[8.625,0,12.25,1.875],"texture":"#0"},"east":{"uv":[7.25,0,8.5,1.875],"texture":"#0"},"south":{"uv":[8.625,4.375,12.25,6.25],"texture":"#0"},"west":{"uv":[7.25,0,8.5,1.875],"texture":"#0"},"up":{"uv":[12.25,3.125,8.625,1.875],"texture":"#0"},"down":{"uv":[12.25,3.125,8.625,4.375],"texture":"#0"}}},{"from":[15.25,23.75,10.5],"to":[0.75,16.25,5.5],"rotation":{"angle":0,"axis":"y","origin":[21.5,28.75,12]},"faces":{"north":{"uv":[8.625,6.25,12.25,4.375],"texture":"#0"},"east":{"uv":[7.25,0,8.5,1.875],"texture":"#0"},"south":{"uv":[8.625,1.875,12.25,0],"texture":"#0"},"west":{"uv":[7.25,0,8.5,1.875],"texture":"#0"},"up":{"uv":[8.625,3.125,12.25,4.375],"texture":"#0"},"down":{"uv":[8.625,3.125,12.25,1.875],"texture":"#0"}}},{"from":[0,19.25,10.25],"to":[9,27.25,10.25],"rotation":{"angle":45,"axis":"z","origin":[2,20.25,9.25]},"faces":{"north":{"uv":[4.875,2.25,7.125,4.25],"texture":"#0"},"east":{"uv":[0,0,0,2],"texture":"#0"},"south":{"uv":[7.125,2.25,4.875,4.25],"texture":"#0"},"west":{"uv":[0,0,0,2],"texture":"#0"},"up":{"uv":[2.25,0,0,0],"texture":"#0"},"down":{"uv":[2.25,0,0,0],"texture":"#0"}}}],"display":{"thirdperson_righthand":{"rotation":[-151.56,83.16,153.06],"translation":[0,-3.25,1],"scale":[0.75,0.75,0.75]},"thirdperson_lefthand":{"rotation":[-18.41,-80.05,-16.97],"translation":[-0.25,-3.75,1],"scale":[0.75,0.75,0.75]},"firstperson_righthand":{"rotation":[9.75,90,0],"translation":[2,0,0.5],"scale":[0.6,0.6,0.6]},"firstperson_lefthand":{"rotation":[9.75,-90,0],"translation":[2,0.25,0.5],"scale":[0.6,0.6,0.6]},"ground":{"rotation":[0,0,-45],"translation":[-2.75,-1.25,-1],"scale":[0.5,0.5,0.5]},"gui":{"rotation":[180,0,-135],"translation":[-4,-3.75,-0.75],"scale":[0.55,0.55,0.55]},"head":{"rotation":[0,0,-45],"translation":[-14.25,3.75,0.75],"scale":[0.6,0.6,0.6]},"fixed":{"rotation":[0,-180,-45],"translation":[4.75,-4.75,-0.75],"scale":[2,2,2]}},"mcmodels":"85dfbb0792ff5ddb0bbdcb84cd33171f"}