{"credit":"www.pixelmine.com","texture_size":[32,32],"textures":{"2":"pixelmine_ocean_guardian_set:ocean_guardian_hoe","particle":"pixelmine_ocean_guardian_set:ocean_guardian_hoe"},"elements":[{"from":[9.36196,21.61748,7.25],"to":[16.36196,24.61748,8.75],"rotation":{"angle":0,"axis":"y","origin":[13.21196,21.62998,8]},"faces":{"north":{"uv":[3.25,9.5,6.75,11],"texture":"#2"},"east":{"uv":[6.75,11,7.5,12.5],"texture":"#2"},"south":{"uv":[3.25,9.5,6.75,11],"texture":"#2"},"west":{"uv":[6.75,11,7.5,12.5],"texture":"#2"},"up":{"uv":[6.75,12.5,3.25,11.75],"texture":"#2"},"down":{"uv":[6.75,11,3.25,11.75],"texture":"#2"}}},{"from":[16.4,18.65,5],"to":[16.4,23.65,11],"rotation":{"angle":0,"axis":"y","origin":[7.4,0,7]},"faces":{"north":{"uv":[0,0,0,2.5],"texture":"#2"},"east":{"uv":[3.25,10,0.25,12.5],"texture":"#2"},"south":{"uv":[0,0,0,2.5],"texture":"#2"},"west":{"uv":[0.25,10,3.25,12.5],"texture":"#2"},"up":{"uv":[0,3,0,0],"texture":"#2"},"down":{"uv":[0,0,0,3],"texture":"#2"}}},{"from":[7,3.5,7.5],"to":[9,19,8.5],"rotation":{"angle":0,"axis":"y","origin":[6.37226,14.5,8]},"faces":{"north":{"uv":[0,0,1,7.75],"texture":"#2"},"east":{"uv":[1,0,1.5,7.75],"texture":"#2"},"south":{"uv":[0,0,1,7.75],"texture":"#2"},"west":{"uv":[1.5,0,2,7.75],"texture":"#2"},"up":{"uv":[3,0.5,2,0],"texture":"#2"},"down":{"uv":[3,0.5,2,1],"texture":"#2"}}},{"from":[7,1.5,7.5],"to":[9,3.5,8.5],"rotation":{"angle":0,"axis":"y","origin":[6.37226,14.5,8]},"faces":{"north":{"uv":[0,0,1,0.5],"texture":"#2"},"east":{"uv":[1,0,1.5,0.5],"texture":"#2"},"south":{"uv":[0,0,1,0.5],"texture":"#2"},"west":{"uv":[1.5,0,2,0.5],"texture":"#2"},"up":{"uv":[3,0.5,2,0],"texture":"#2"},"down":{"uv":[3,0.5,2,1],"texture":"#2"}}},{"from":[6.5,0,7],"to":[9.5,2,9],"rotation":{"angle":0,"axis":"y","origin":[7,0,7]},"faces":{"north":{"uv":[2,1,3.5,2],"texture":"#2"},"east":{"uv":[3.5,1,4.5,2],"texture":"#2"},"south":{"uv":[2,2,3.5,3],"texture":"#2"},"west":{"uv":[3.5,2,4.5,3],"texture":"#2"},"up":{"uv":[4.5,1,3,0],"texture":"#2"},"down":{"uv":[3.5,3,2,4],"texture":"#2"}}},{"from":[7,19,7],"to":[9,21.25,9],"rotation":{"angle":0,"axis":"y","origin":[7,0,7]},"faces":{"north":{"uv":[4.5,1.5,5.5,2.75],"texture":"#2"},"east":{"uv":[4.5,1.5,5.5,2.75],"texture":"#2"},"south":{"uv":[4.5,1.5,5.5,2.75],"texture":"#2"},"west":{"uv":[4.5,1.5,5.5,2.75],"texture":"#2"},"up":{"uv":[6,4,5,3],"texture":"#2"},"down":{"uv":[6.5,0.5,5.5,1.5],"texture":"#2"}}},{"from":[6.75,3,7.25],"to":[9.25,4,8.75],"rotation":{"angle":0,"axis":"y","origin":[7,0,7]},"faces":{"north":{"uv":[3.5,4,4.75,4.5],"texture":"#2"},"east":{"uv":[4.5,0.5,5.25,1],"texture":"#2"},"south":{"uv":[4.5,0,5.75,0.5],"texture":"#2"},"west":{"uv":[4.5,1,5.25,1.5],"texture":"#2"},"up":{"uv":[4.75,3.75,3.5,3],"texture":"#2"},"down":{"uv":[3.25,4,2,4.75],"texture":"#2"}}},{"from":[8.06475,24.5,7.375],"to":[9.06475,26.75,8.625],"rotation":{"angle":-22.5,"axis":"z","origin":[8.06475,23.0875,8]},"faces":{"north":{"uv":[5,6,5.5,7.25],"texture":"#2"},"east":{"uv":[5.5,5,6.25,6.25],"texture":"#2"},"south":{"uv":[6.5,5,7,6.25],"texture":"#2"},"west":{"uv":[6,2.5,6.75,3.75],"texture":"#2"},"up":{"uv":[8,8.75,7.5,8],"texture":"#2"},"down":{"uv":[8.5,8,8,8.75],"texture":"#2"}}},{"from":[6.93525,24.5,7.625],"to":[7.93525,26.75,8.375],"rotation":{"angle":22.5,"axis":"z","origin":[7.93525,23.0875,8]},"faces":{"north":{"uv":[5.5,6.5,6,7.75],"texture":"#2"},"east":{"uv":[6,6.5,6.5,7.75],"texture":"#2"},"south":{"uv":[6.5,6.5,7,7.75],"texture":"#2"},"west":{"uv":[7,2,7.5,3.25],"texture":"#2"},"up":{"uv":[5.5,4.5,5,4],"texture":"#2"},"down":{"uv":[6,2.5,5.5,3],"texture":"#2"}}},{"from":[9.70626,22.58166,7.125],"to":[11.70626,23.58166,8.875],"rotation":{"angle":0,"axis":"y","origin":[8.06475,23.0875,8]},"faces":{"north":{"uv":[4.5,7.5,5.5,8],"texture":"#2"},"east":{"uv":[7.5,6.5,8.5,7],"texture":"#2"},"south":{"uv":[7.5,7,8.5,7.5],"texture":"#2"},"west":{"uv":[7.5,7.5,8.5,8],"texture":"#2"},"up":{"uv":[6.5,2.5,5.5,1.5],"texture":"#2"},"down":{"uv":[6.5,4,5.5,5],"texture":"#2"}}},{"from":[8.06475,19.5,7.375],"to":[9.06475,21.75,8.625],"rotation":{"angle":22.5,"axis":"z","origin":[8.06475,23.1625,8]},"faces":{"north":{"uv":[7,5,7.5,6.25],"texture":"#2"},"east":{"uv":[3,6,3.75,7.25],"texture":"#2"},"south":{"uv":[7,6.5,7.5,7.75],"texture":"#2"},"west":{"uv":[4,6,4.75,7.25],"texture":"#2"},"up":{"uv":[0.5,9.25,0,8.5],"texture":"#2"},"down":{"uv":[1,8.5,0.5,9.25],"texture":"#2"}}},{"from":[6.93525,19.5,7.625],"to":[7.93525,21.75,8.375],"rotation":{"angle":-22.5,"axis":"z","origin":[7.93525,23.1625,8]},"faces":{"north":{"uv":[7.5,0,8,1.25],"texture":"#2"},"east":{"uv":[7.5,1.5,8,2.75],"texture":"#2"},"south":{"uv":[2,7.5,2.5,8.75],"texture":"#2"},"west":{"uv":[2.5,7.5,3,8.75],"texture":"#2"},"up":{"uv":[6.5,0.5,6,0],"texture":"#2"},"down":{"uv":[7,2,6.5,2.5],"texture":"#2"}}},{"from":[4.29374,22.59334,7.625],"to":[6.29374,23.59334,8.375],"rotation":{"angle":0,"axis":"y","origin":[7.93525,23.1625,8]},"faces":{"north":{"uv":[0,8,1,8.5],"texture":"#2"},"east":{"uv":[8.5,3.5,9,4],"texture":"#2"},"south":{"uv":[8,0,9,0.5],"texture":"#2"},"west":{"uv":[8.5,6.5,9,7],"texture":"#2"},"up":{"uv":[9,1,8,0.5],"texture":"#2"},"down":{"uv":[2,8,1,8.5],"texture":"#2"}}},{"from":[7.625,22.7,7.5],"to":[8.375,23.45,8.5],"rotation":{"angle":0,"axis":"y","origin":[7,16,7]},"faces":{"north":{"uv":[8.5,7,9,7.5],"texture":"#2"},"east":{"uv":[8.5,7.5,9,8],"texture":"#2"},"south":{"uv":[8.5,8,9,8.5],"texture":"#2"},"west":{"uv":[8.5,8.5,9,9],"texture":"#2"},"up":{"uv":[9.5,0.5,9,0],"texture":"#2"},"down":{"uv":[9.5,0.5,9,1],"texture":"#2"}}},{"from":[6.65,24,7.5],"to":[9.35,25,8.5],"rotation":{"angle":0,"axis":"y","origin":[8,23,8.5]},"faces":{"north":{"uv":[7,3.5,8.25,4],"texture":"#2"},"east":{"uv":[9,1,9.5,1.5],"texture":"#2"},"south":{"uv":[3,7.5,4.25,8],"texture":"#2"},"west":{"uv":[9,1.5,9.5,2],"texture":"#2"},"up":{"uv":[8.75,3.5,7.5,3],"texture":"#2"},"down":{"uv":[8.75,4,7.5,4.5],"texture":"#2"}}},{"from":[6,22.25,7.5],"to":[7,24.35,8.5],"rotation":{"angle":-22.5,"axis":"z","origin":[8,23,8.5]},"faces":{"north":{"uv":[3,5,3.5,6],"texture":"#2"},"east":{"uv":[8,1,8.5,2],"texture":"#2"},"south":{"uv":[8,2,8.5,3],"texture":"#2"},"west":{"uv":[3,8,3.5,9],"texture":"#2"},"up":{"uv":[2.5,9.5,2,9],"texture":"#2"},"down":{"uv":[9.5,2,9,2.5],"texture":"#2"}}},{"from":[9,22.25,7.175],"to":[10,24.35,8.825],"rotation":{"angle":22.5,"axis":"z","origin":[8,23,8.5]},"faces":{"north":{"uv":[3.5,8,4,9],"texture":"#2"},"east":{"uv":[6.5,0,7.25,1],"texture":"#2"},"south":{"uv":[4,8,4.5,9],"texture":"#2"},"west":{"uv":[6.5,1,7.25,2],"texture":"#2"},"up":{"uv":[1.5,9.25,1,8.5],"texture":"#2"},"down":{"uv":[9,1,8.5,1.75],"texture":"#2"}}},{"from":[6,21.825,7.5],"to":[7,23.925,8.5],"rotation":{"angle":22.5,"axis":"z","origin":[8,23.175,8.5]},"faces":{"north":{"uv":[4.5,8,5,9],"texture":"#2"},"east":{"uv":[5,8,5.5,9],"texture":"#2"},"south":{"uv":[5.5,8,6,9],"texture":"#2"},"west":{"uv":[6,8,6.5,9],"texture":"#2"},"up":{"uv":[3,9.5,2.5,9],"texture":"#2"},"down":{"uv":[9.5,2.5,9,3],"texture":"#2"}}},{"from":[6.65,21.175,7.5],"to":[9.35,22.175,8.5],"rotation":{"angle":0,"axis":"y","origin":[8,23.175,8.5]},"faces":{"north":{"uv":[7.5,4.5,8.75,5],"texture":"#2"},"east":{"uv":[3,9,3.5,9.5],"texture":"#2"},"south":{"uv":[7.5,5,8.75,5.5],"texture":"#2"},"west":{"uv":[9,3,9.5,3.5],"texture":"#2"},"up":{"uv":[8.75,6,7.5,5.5],"texture":"#2"},"down":{"uv":[8.75,6,7.5,6.5],"texture":"#2"}}},{"from":[9,21.825,7.175],"to":[10,23.925,8.825],"rotation":{"angle":-22.5,"axis":"z","origin":[8,23.175,8.5]},"faces":{"north":{"uv":[6.5,8,7,9],"texture":"#2"},"east":{"uv":[2,6.5,2.75,7.5],"texture":"#2"},"south":{"uv":[7,8,7.5,9],"texture":"#2"},"west":{"uv":[6.5,4,7.25,5],"texture":"#2"},"up":{"uv":[2,9.25,1.5,8.5],"texture":"#2"},"down":{"uv":[9,2,8.5,2.75],"texture":"#2"}}},{"from":[7,22,7.75],"to":[9,24,8.25],"rotation":{"angle":0,"axis":"y","origin":[7,0,7]},"faces":{"north":{"uv":[9,3.5,10,4.5],"texture":"#2"},"east":{"uv":[9,5.5,9.25,6.5],"texture":"#2"},"south":{"uv":[9,4.5,10,5.5],"texture":"#2"},"west":{"uv":[9,6.5,9.25,7.5],"texture":"#2"},"up":{"uv":[4.5,9.25,3.5,9],"texture":"#2"},"down":{"uv":[5.5,9,4.5,9.25],"texture":"#2"}}}],"display":{"thirdperson_righthand":{"rotation":[-151.56,83.16,153.06],"translation":[0,-3.25,1],"scale":[0.75,0.75,0.75]},"thirdperson_lefthand":{"rotation":[-18.41,-80.05,-16.97],"translation":[-0.25,-3.75,1],"scale":[0.75,0.75,0.75]},"firstperson_righthand":{"rotation":[9.75,90,0],"translation":[2,0,0.5],"scale":[0.6,0.6,0.6]},"firstperson_lefthand":{"rotation":[9.75,-90,0],"translation":[2,0.25,0.5],"scale":[0.6,0.6,0.6]},"ground":{"rotation":[0,0,-45],"translation":[-2.75,-1.25,-1],"scale":[0.5,0.5,0.5]},"gui":{"rotation":[0,-13.5,-45],"translation":[-2.75,-2.75,-0.75],"scale":[0.55,0.55,0.55]},"head":{"rotation":[0,0,-45],"translation":[-14.25,3.75,0.75],"scale":[0.6,0.6,0.6]},"fixed":{"rotation":[0,-180,-45],"translation":[4.75,-4.75,-0.75],"scale":[2,2,2]}},"mcmodels":"85dfbb0792ff5ddb0bbdcb84cd33171f"}