{"credit":"Made with Blockbench","texture_size":[128,128],"textures":{"0":"elitecreatures:loki_animated/loki_texture","2":"elitecreatures:loki_animated/loki_animation2","3":"elitecreatures:loki_animated/loki_animation_3","particle":"elitecreatures:loki_animated/loki_texture"},"elements":[{"from":[0.10632,0.5,8.13657],"to":[6.10632,13.5,8.13657],"rotation":{"angle":-45,"axis":"y","origin":[7.95,9.125,4]},"faces":{"north":{"uv":[13.125,0,13.875,1.625],"texture":"#0"},"east":{"uv":[0,0,0,24],"texture":"#missing"},"south":{"uv":[13.875,0,13.125,1.625],"texture":"#0"},"west":{"uv":[0,0,0,24],"texture":"#missing"},"up":{"uv":[0,0,0,12],"rotation":90,"texture":"#missing"},"down":{"uv":[0,0,0,12],"rotation":270,"texture":"#missing"}}},{"from":[12.08657,0.5,-3.84368],"to":[12.08657,13.5,2.15632],"rotation":{"angle":-45,"axis":"y","origin":[7.95,9.125,4]},"faces":{"north":{"uv":[0,0,0,24],"texture":"#missing"},"east":{"uv":[13.125,0,13.875,1.625],"texture":"#0"},"south":{"uv":[0,0,0,24],"texture":"#missing"},"west":{"uv":[13.875,0,13.125,1.625],"texture":"#0"},"up":{"uv":[0,12,0,0],"texture":"#missing"},"down":{"uv":[0,12,0,0],"texture":"#missing"}}},{"from":[5.23275,9.41296,1.6],"to":[7.73275,11.91296,2.6],"rotation":{"angle":-45,"axis":"z","origin":[7.95,9.125,4]},"faces":{"north":{"uv":[1.75,1,2.0625,0.6875],"texture":"#0"},"east":{"uv":[2.1875,0.6875,2.3125,1],"texture":"#0"},"south":{"uv":[1.75,1,2.0625,0.6875],"texture":"#0"},"west":{"uv":[2.0625,0.6875,2.1875,1],"texture":"#0"},"up":{"uv":[2.0625,1,2.1875,0.6875],"rotation":90,"texture":"#0"},"down":{"uv":[2.1875,0.6875,2.3125,1],"rotation":270,"texture":"#0"}}},{"from":[4,7.3,2.6],"to":[12,15.3,2.6],"rotation":{"angle":0,"axis":"y","origin":[7.95,9.125,4]},"faces":{"north":{"uv":[3.875,0,4.875,1],"texture":"#0"},"east":{"uv":[0,0,0,1],"texture":"#missing"},"south":{"uv":[4.875,0,3.875,1],"texture":"#0"},"west":{"uv":[0,0,0,1],"texture":"#missing"},"up":{"uv":[0,0,0,1],"rotation":90,"texture":"#missing"},"down":{"uv":[0,0,0,1],"rotation":270,"texture":"#missing"}}},{"from":[3,8.7433,2.60949],"to":[13,14.7433,7.60949],"rotation":{"angle":22.5,"axis":"x","origin":[7.95,9.125,4]},"faces":{"north":{"uv":[0.1875,11,1.4375,11.75],"texture":"#0"},"east":{"uv":[4.3125,8.9375,4.9375,9.6875],"texture":"#0"},"south":{"uv":[0.1875,11.75,1.4375,12.5],"texture":"#0"},"west":{"uv":[4.9375,8.9375,4.3125,9.6875],"texture":"#0"},"up":{"uv":[2.875,10.875,4.125,11.5],"rotation":180,"texture":"#0"},"down":{"uv":[1.4375,11.5,2.6875,12.125],"rotation":180,"texture":"#0"}}},{"from":[3.5,0,4.1],"to":[12.5,13,9.1],"rotation":{"angle":0,"axis":"y","origin":[7.95,9.125,4]},"faces":{"north":{"uv":[1.4375,9.25,2.5625,10.875],"texture":"#0"},"east":{"uv":[3.6875,9.25,4.3125,10.875],"texture":"#0"},"south":{"uv":[2.5625,9.25,3.6875,10.875],"texture":"#0"},"west":{"uv":[3.6875,9.25,4.3125,10.875],"texture":"#0"},"up":{"uv":[1.4375,10.875,2.5625,11.5],"rotation":180,"texture":"#0"},"down":{"uv":[1.4375,10.875,2.5625,11.5],"rotation":180,"texture":"#0"}}},{"from":[3.5,0.73287,5.08437],"to":[12.5,6.73287,7.58437],"rotation":{"angle":22.5,"axis":"x","origin":[7.95,9.125,4]},"faces":{"north":{"uv":[4,8.5,2.875,9.25],"texture":"#0"},"east":{"uv":[4.3125,8.5,4,9.25],"texture":"#0"},"south":{"uv":[4,8.5,2.875,9.25],"texture":"#0"},"west":{"uv":[4,8.5,4.3125,9.25],"texture":"#0"},"up":{"uv":[3.1875,8.1875,4.3125,8.5],"rotation":180,"texture":"#0"},"down":{"uv":[3.1875,8.1875,4.3125,8.5],"rotation":180,"texture":"#0"}}},{"from":[8.66167,-1.04661,4.1],"to":[11.16167,4.95339,9],"rotation":{"angle":22.5,"axis":"z","origin":[7.95,9.125,4]},"faces":{"north":{"uv":[4.9375,8.1875,5.25,8.9375],"texture":"#0"},"east":{"uv":[4.3125,8.1875,4.9375,8.9375],"texture":"#0"},"south":{"uv":[5.25,8.1875,4.9375,8.9375],"texture":"#0"},"west":{"uv":[4.3125,8.1875,4.9375,8.9375],"texture":"#0"},"up":{"uv":[2.5625,10.875,2.875,11.5],"rotation":180,"texture":"#0"},"down":{"uv":[2.5625,10.875,2.875,11.5],"rotation":180,"texture":"#0"}}},{"from":[4.83072,-1.00834,4.1],"to":[7.33072,4.99166,9],"rotation":{"angle":-22.5,"axis":"z","origin":[7.95,9.125,4]},"faces":{"north":{"uv":[5.25,8.1875,4.9375,8.9375],"texture":"#0"},"east":{"uv":[4.9375,8.1875,4.3125,8.9375],"texture":"#0"},"south":{"uv":[4.9375,8.1875,5.25,8.9375],"texture":"#0"},"west":{"uv":[4.9375,8.1875,4.3125,8.9375],"texture":"#0"},"up":{"uv":[2.875,10.875,2.5625,11.5],"rotation":180,"texture":"#0"},"down":{"uv":[2.875,10.875,2.5625,11.5],"rotation":180,"texture":"#0"}}},{"from":[4.73275,8.91296,2.1],"to":[8.23275,12.41296,5.1],"rotation":{"angle":-45,"axis":"z","origin":[7.95,9.125,4]},"faces":{"north":{"uv":[3.375,0,3.8125,0.4375],"texture":"#0"},"east":{"uv":[2.375,0,2.75,0.4375],"texture":"#0"},"south":{"uv":[3.8125,0,3.375,0.4375],"texture":"#0"},"west":{"uv":[2.75,0.4375,2.375,0],"texture":"#0"},"up":{"uv":[2.75,0,2.375,0.4375],"rotation":90,"texture":"#0"},"down":{"uv":[2.75,0,2.375,0.4375],"rotation":270,"texture":"#0"}}},{"from":[4,7.5,1.5],"to":[12,15.5,1.5],"rotation":{"angle":0,"axis":"y","origin":[7.95,9.125,4]},"faces":{"north":{"uv":[0,0,8,8],"rotation":90,"texture":"#2"},"east":{"uv":[0,0,0,16],"rotation":180,"texture":"#2"},"south":{"uv":[8,0,0,8],"rotation":270,"texture":"#2"},"west":{"uv":[0,16,0,0],"texture":"#2"},"up":{"uv":[0,0,0,16],"rotation":270,"texture":"#2"},"down":{"uv":[0,0,0,16],"rotation":270,"texture":"#2"}}},{"from":[4.90507,7.30008,1.5],"to":[12.90507,15.30008,1.5],"rotation":{"angle":22.5,"axis":"z","origin":[7.95,9.125,4]},"faces":{"north":{"uv":[8,0,16,8],"rotation":90,"texture":"#2"},"east":{"uv":[0,0,0,16],"rotation":180,"texture":"#2"},"south":{"uv":[16,0,8,8],"rotation":270,"texture":"#2"},"west":{"uv":[0,16,0,0],"texture":"#2"},"up":{"uv":[0,0,0,16],"rotation":270,"texture":"#2"},"down":{"uv":[0,0,0,16],"rotation":270,"texture":"#2"}}},{"from":[5.66474,6.76902,1.5],"to":[13.66474,14.76902,1.5],"rotation":{"angle":45,"axis":"z","origin":[7.95,9.125,4]},"faces":{"north":{"uv":[8,8,0,16],"rotation":90,"texture":"#2"},"east":{"uv":[0,0,0,16],"rotation":180,"texture":"#2"},"south":{"uv":[0,8,8,16],"rotation":270,"texture":"#2"},"west":{"uv":[0,16,0,0],"texture":"#2"},"up":{"uv":[0,0,0,16],"rotation":270,"texture":"#2"},"down":{"uv":[0,0,0,16],"rotation":270,"texture":"#2"}}},{"from":[3.08732,7.33835,1.5],"to":[11.08732,15.33835,1.5],"rotation":{"angle":-22.5,"axis":"z","origin":[7.95,9.125,4]},"faces":{"north":{"uv":[16,8,8,16],"rotation":90,"texture":"#2"},"east":{"uv":[0,0,0,16],"rotation":180,"texture":"#2"},"south":{"uv":[8,8,16,16],"rotation":270,"texture":"#2"},"west":{"uv":[0,16,0,0],"texture":"#2"},"up":{"uv":[0,0,0,16],"rotation":270,"texture":"#2"},"down":{"uv":[0,0,0,16],"rotation":270,"texture":"#2"}}},{"from":[5,9,1.4],"to":[11,21,1.4],"rotation":{"angle":0,"axis":"y","origin":[7.95,9.125,4]},"faces":{"north":{"uv":[0,0,6,12],"texture":"#3"},"east":{"uv":[0,0,0,96],"texture":"#missing"},"south":{"uv":[6,0,0,12],"texture":"#3"},"west":{"uv":[0,0,0,96],"texture":"#missing"},"up":{"uv":[0,48,0,0],"rotation":90,"texture":"#missing"},"down":{"uv":[0,0,0,48],"rotation":270,"texture":"#missing"}}}],"gui_light":"front","display":{"thirdperson_righthand":{"rotation":[55,0,0],"translation":[0,2,1.75],"scale":[0.4,0.4,0.4]},"thirdperson_lefthand":{"rotation":[77,180,0],"translation":[-5.75,-6.5,9]},"firstperson_righthand":{"rotation":[0,134,0],"translation":[10,1.5,-11.5]},"firstperson_lefthand":{"scale":[0,0,0]},"ground":{"rotation":[80,0,0],"translation":[0,0.5,-1.25],"scale":[0.6,0.6,0.6]},"gui":{"rotation":[20,160,0],"translation":[1.25,0.5,0],"scale":[0.9,0.9,0.9]},"head":{"rotation":[6,180,0],"translation":[0,-13,6.75],"scale":[1.6,1.6,1.6]},"fixed":{"translation":[0,1.5,-2],"scale":[1.4,1.4,1.4]}}}