{"credit":"Made with Blockbench","texture_size":[128,128],"textures":{"0":"elitecreatures:loki_animated/loki_texture","2":"elitecreatures:loki_animated/loki_animation2","3":"elitecreatures:loki_animated/loki_animation_3","particle":"elitecreatures:loki_animated/loki_texture"},"elements":[{"from":[4.02816,-15.1875,6.06829],"to":[7.02816,-8.6875,6.06829],"rotation":{"angle":-45,"axis":"y","origin":[7.95,-10.875,4]},"faces":{"north":{"uv":[13.125,0,13.875,1.625],"texture":"#0"},"east":{"uv":[0,0,0,24],"texture":"#missing"},"south":{"uv":[13.875,0,13.125,1.625],"texture":"#0"},"west":{"uv":[0,0,0,24],"texture":"#missing"},"up":{"uv":[0,0,0,12],"rotation":90,"texture":"#missing"},"down":{"uv":[0,0,0,12],"rotation":270,"texture":"#missing"}}},{"from":[10.01828,-15.1875,0.07816],"to":[10.01828,-8.6875,3.07816],"rotation":{"angle":-45,"axis":"y","origin":[7.95,-10.875,4]},"faces":{"north":{"uv":[0,0,0,24],"texture":"#missing"},"east":{"uv":[13.125,0,13.875,1.625],"texture":"#0"},"south":{"uv":[0,0,0,24],"texture":"#missing"},"west":{"uv":[13.875,0,13.125,1.625],"texture":"#0"},"up":{"uv":[0,12,0,0],"texture":"#missing"},"down":{"uv":[0,12,0,0],"texture":"#missing"}}},{"from":[6.59137,-10.73102,2.8],"to":[7.84137,-9.48102,3.3],"rotation":{"angle":-45,"axis":"z","origin":[7.95,-10.875,4]},"faces":{"north":{"uv":[1.75,1,2.0625,0.6875],"texture":"#0"},"east":{"uv":[2.1875,0.6875,2.3125,1],"texture":"#0"},"south":{"uv":[1.75,1,2.0625,0.6875],"texture":"#0"},"west":{"uv":[2.0625,0.6875,2.1875,1],"texture":"#0"},"up":{"uv":[2.0625,1,2.1875,0.6875],"rotation":90,"texture":"#0"},"down":{"uv":[2.1875,0.6875,2.3125,1],"rotation":270,"texture":"#0"}}},{"from":[5.975,-11.7875,3.3],"to":[9.975,-7.7875,3.3],"rotation":{"angle":0,"axis":"y","origin":[7.95,-10.875,4]},"faces":{"north":{"uv":[3.875,0,4.875,1],"texture":"#0"},"east":{"uv":[0,0,0,1],"texture":"#missing"},"south":{"uv":[4.875,0,3.875,1],"texture":"#0"},"west":{"uv":[0,0,0,1],"texture":"#missing"},"up":{"uv":[0,0,0,1],"rotation":90,"texture":"#missing"},"down":{"uv":[0,0,0,1],"rotation":270,"texture":"#missing"}}},{"from":[5.475,-11.06585,3.30475],"to":[10.475,-8.06585,5.80475],"rotation":{"angle":22.5,"axis":"x","origin":[7.95,-10.875,4]},"faces":{"north":{"uv":[0.1875,11,1.4375,11.75],"texture":"#0"},"east":{"uv":[4.3125,8.9375,4.9375,9.6875],"texture":"#0"},"south":{"uv":[0.1875,11.75,1.4375,12.5],"texture":"#0"},"west":{"uv":[4.9375,8.9375,4.3125,9.6875],"texture":"#0"},"up":{"uv":[2.875,10.875,4.125,11.5],"rotation":180,"texture":"#0"},"down":{"uv":[1.4375,11.5,2.6875,12.125],"rotation":180,"texture":"#0"}}},{"from":[5.725,-15.4375,4.05],"to":[10.225,-8.9375,6.55],"rotation":{"angle":0,"axis":"y","origin":[7.95,-10.875,4]},"faces":{"north":{"uv":[1.4375,9.25,2.5625,10.875],"texture":"#0"},"east":{"uv":[3.6875,9.25,4.3125,10.875],"texture":"#0"},"south":{"uv":[2.5625,9.25,3.6875,10.875],"texture":"#0"},"west":{"uv":[3.6875,9.25,4.3125,10.875],"texture":"#0"},"up":{"uv":[1.4375,10.875,2.5625,11.5],"rotation":180,"texture":"#0"},"down":{"uv":[1.4375,10.875,2.5625,11.5],"rotation":180,"texture":"#0"}}},{"from":[5.725,-15.07107,4.54219],"to":[10.225,-12.07107,5.79219],"rotation":{"angle":22.5,"axis":"x","origin":[7.95,-10.875,4]},"faces":{"north":{"uv":[4,8.5,2.875,9.25],"texture":"#0"},"east":{"uv":[4.3125,8.5,4,9.25],"texture":"#0"},"south":{"uv":[4,8.5,2.875,9.25],"texture":"#0"},"west":{"uv":[4,8.5,4.3125,9.25],"texture":"#0"},"up":{"uv":[3.1875,8.1875,4.3125,8.5],"rotation":180,"texture":"#0"},"down":{"uv":[3.1875,8.1875,4.3125,8.5],"rotation":180,"texture":"#0"}}},{"from":[8.30584,-15.96081,4.05],"to":[9.55584,-12.96081,6.5],"rotation":{"angle":22.5,"axis":"z","origin":[7.95,-10.875,4]},"faces":{"north":{"uv":[4.9375,8.1875,5.25,8.9375],"texture":"#0"},"east":{"uv":[4.3125,8.1875,4.9375,8.9375],"texture":"#0"},"south":{"uv":[5.25,8.1875,4.9375,8.9375],"texture":"#0"},"west":{"uv":[4.3125,8.1875,4.9375,8.9375],"texture":"#0"},"up":{"uv":[2.5625,10.875,2.875,11.5],"rotation":180,"texture":"#0"},"down":{"uv":[2.5625,10.875,2.875,11.5],"rotation":180,"texture":"#0"}}},{"from":[6.39036,-15.94167,4.05],"to":[7.64036,-12.94167,6.5],"rotation":{"angle":-22.5,"axis":"z","origin":[7.95,-10.875,4]},"faces":{"north":{"uv":[5.25,8.1875,4.9375,8.9375],"texture":"#0"},"east":{"uv":[4.9375,8.1875,4.3125,8.9375],"texture":"#0"},"south":{"uv":[4.9375,8.1875,5.25,8.9375],"texture":"#0"},"west":{"uv":[4.9375,8.1875,4.3125,8.9375],"texture":"#0"},"up":{"uv":[2.875,10.875,2.5625,11.5],"rotation":180,"texture":"#0"},"down":{"uv":[2.875,10.875,2.5625,11.5],"rotation":180,"texture":"#0"}}},{"from":[6.34137,-10.98102,3.05],"to":[8.09137,-9.23102,4.55],"rotation":{"angle":-45,"axis":"z","origin":[7.95,-10.875,4]},"faces":{"north":{"uv":[3.375,0,3.8125,0.4375],"texture":"#0"},"east":{"uv":[2.375,0,2.75,0.4375],"texture":"#0"},"south":{"uv":[3.8125,0,3.375,0.4375],"texture":"#0"},"west":{"uv":[2.75,0.4375,2.375,0],"texture":"#0"},"up":{"uv":[2.75,0,2.375,0.4375],"rotation":90,"texture":"#0"},"down":{"uv":[2.75,0,2.375,0.4375],"rotation":270,"texture":"#0"}}},{"from":[5.975,-11.6875,2.75],"to":[9.975,-7.6875,2.75],"rotation":{"angle":0,"axis":"y","origin":[7.95,-10.875,4]},"faces":{"north":{"uv":[0,0,8,8],"rotation":90,"texture":"#2"},"east":{"uv":[0,0,0,16],"rotation":180,"texture":"#2"},"south":{"uv":[8,0,0,8],"rotation":270,"texture":"#2"},"west":{"uv":[0,16,0,0],"texture":"#2"},"up":{"uv":[0,0,0,16],"rotation":270,"texture":"#2"},"down":{"uv":[0,0,0,16],"rotation":270,"texture":"#2"}}},{"from":[6.42754,-11.78746,2.75],"to":[10.42753,-7.78746,2.75],"rotation":{"angle":22.5,"axis":"z","origin":[7.95,-10.875,4]},"faces":{"north":{"uv":[8,0,16,8],"rotation":90,"texture":"#2"},"east":{"uv":[0,0,0,16],"rotation":180,"texture":"#2"},"south":{"uv":[16,0,8,8],"rotation":270,"texture":"#2"},"west":{"uv":[0,16,0,0],"texture":"#2"},"up":{"uv":[0,0,0,16],"rotation":270,"texture":"#2"},"down":{"uv":[0,0,0,16],"rotation":270,"texture":"#2"}}},{"from":[6.80737,-12.05299,2.75],"to":[10.80737,-8.05299,2.75],"rotation":{"angle":45,"axis":"z","origin":[7.95,-10.875,4]},"faces":{"north":{"uv":[8,8,0,16],"rotation":90,"texture":"#2"},"east":{"uv":[0,0,0,16],"rotation":180,"texture":"#2"},"south":{"uv":[0,8,8,16],"rotation":270,"texture":"#2"},"west":{"uv":[0,16,0,0],"texture":"#2"},"up":{"uv":[0,0,0,16],"rotation":270,"texture":"#2"},"down":{"uv":[0,0,0,16],"rotation":270,"texture":"#2"}}},{"from":[5.51866,-11.76833,2.75],"to":[9.51866,-7.76833,2.75],"rotation":{"angle":-22.5,"axis":"z","origin":[7.95,-10.875,4]},"faces":{"north":{"uv":[16,8,8,16],"rotation":90,"texture":"#2"},"east":{"uv":[0,0,0,16],"rotation":180,"texture":"#2"},"south":{"uv":[8,8,16,16],"rotation":270,"texture":"#2"},"west":{"uv":[0,16,0,0],"texture":"#2"},"up":{"uv":[0,0,0,16],"rotation":270,"texture":"#2"},"down":{"uv":[0,0,0,16],"rotation":270,"texture":"#2"}}},{"from":[6.475,-10.9375,2.7],"to":[9.475,-4.9375,2.7],"rotation":{"angle":0,"axis":"y","origin":[7.95,-10.875,4]},"faces":{"north":{"uv":[0,0,6,12],"texture":"#3"},"east":{"uv":[0,0,0,96],"texture":"#missing"},"south":{"uv":[6,0,0,12],"texture":"#3"},"west":{"uv":[0,0,0,96],"texture":"#missing"},"up":{"uv":[0,48,0,0],"rotation":90,"texture":"#missing"},"down":{"uv":[0,0,0,48],"rotation":270,"texture":"#missing"}}}],"gui_light":"front","display":{"thirdperson_righthand":{"rotation":[55,0,0],"translation":[0,2,1.75],"scale":[0.4,0.4,0.4]},"thirdperson_lefthand":{"rotation":[77,180,0],"translation":[-5.75,-6.5,9]},"firstperson_righthand":{"rotation":[0,134,0],"translation":[10,1.5,-11.5]},"firstperson_lefthand":{"scale":[0,0,0]},"ground":{"rotation":[80,0,0],"translation":[0,0.5,-1.25],"scale":[0.6,0.6,0.6]},"gui":{"rotation":[20,160,0],"translation":[1.25,0.5,0],"scale":[0.9,0.9,0.9]},"head":{"rotation":[6,180,0],"translation":[0,-48.5,5.5],"scale":[3.2,3.2,3.2]},"fixed":{"translation":[0,1.5,-2],"scale":[1.4,1.4,1.4]}}}