{"credit":"Made with Blockbench","texture_size":[128,128],"textures":{"0":"elitecreatures:loki_animated/loki_texture","1":"elitecreatures:loki_animated/loki_animation1","2":"elitecreatures:loki_animated/loki_animation2","3":"elitecreatures:loki_animated/loki_animation_3","particle":"elitecreatures:loki_animated/loki_texture"},"elements":[{"from":[9.25,-15.23019,7.85],"to":[12.25,-8.73019,7.85],"rotation":{"angle":22.5,"axis":"z","origin":[11.25,-12.23019,7.85]},"faces":{"north":{"uv":[13.875,0,13.125,1.625],"texture":"#0"},"east":{"uv":[0,0,0,24],"texture":"#missing"},"south":{"uv":[13.125,0,13.875,1.625],"texture":"#0"},"west":{"uv":[0,0,0,24],"texture":"#missing"},"up":{"uv":[0,12,0,0],"rotation":90,"texture":"#missing"},"down":{"uv":[0,12,0,0],"rotation":270,"texture":"#missing"}}},{"from":[3.75,-15.23019,7.85],"to":[6.75,-8.73019,7.85],"rotation":{"angle":-22.5,"axis":"z","origin":[4.75,-12.23019,7.85]},"faces":{"north":{"uv":[13.125,0,13.875,1.625],"texture":"#0"},"east":{"uv":[0,0,0,24],"texture":"#missing"},"south":{"uv":[13.875,0,13.125,1.625],"texture":"#0"},"west":{"uv":[0,0,0,24],"texture":"#missing"},"up":{"uv":[0,0,0,12],"rotation":90,"texture":"#missing"},"down":{"uv":[0,0,0,12],"rotation":270,"texture":"#missing"}}},{"from":[7.125,-11.98019,5.55],"to":[8.875,-10.23019,7.05],"rotation":{"angle":-45,"axis":"z","origin":[8,-11.10519,5.8]},"faces":{"north":{"uv":[0.5625,0.4375,1,0],"texture":"#0"},"east":{"uv":[1.375,0.4375,1.75,0],"texture":"#0"},"south":{"uv":[1,0.4375,0.5625,0],"texture":"#0"},"west":{"uv":[1,0.4375,1.375,0],"texture":"#0"},"up":{"uv":[1,0,1.375,0.4375],"rotation":90,"texture":"#0"},"down":{"uv":[1.375,0.4375,1.75,0],"rotation":270,"texture":"#0"}}},{"from":[7.125,-9.48019,5.55],"to":[8.875,-7.73019,7.05],"rotation":{"angle":-45,"axis":"z","origin":[8,-8.60519,5.8]},"faces":{"north":{"uv":[0.5625,0.4375,1,0],"texture":"#0"},"east":{"uv":[1.375,0.4375,1.75,0],"texture":"#0"},"south":{"uv":[1,0.4375,0.5625,0],"texture":"#0"},"west":{"uv":[1,0.4375,1.375,0],"texture":"#0"},"up":{"uv":[1,0,1.375,0.4375],"rotation":90,"texture":"#0"},"down":{"uv":[1.375,0.4375,1.75,0],"rotation":270,"texture":"#0"}}},{"from":[6,-11.48019,8.1],"to":[10,-7.48019,8.1],"rotation":{"angle":0,"axis":"y","origin":[8,-9.48019,8.1]},"faces":{"north":{"uv":[8,8,0,0],"rotation":270,"texture":"#2"},"east":{"uv":[0,0,0,16],"rotation":180,"texture":"#2"},"south":{"uv":[0,8,8,0],"rotation":90,"texture":"#2"},"west":{"uv":[0,16,0,0],"texture":"#2"},"up":{"uv":[0,0,0,16],"rotation":270,"texture":"#2"},"down":{"uv":[0,0,0,16],"rotation":270,"texture":"#2"}}},{"from":[6,-11.48019,8.1],"to":[10,-7.48019,8.1],"rotation":{"angle":22.5,"axis":"z","origin":[8,-9.48019,8.1]},"faces":{"north":{"uv":[16,8,8,0],"rotation":270,"texture":"#2"},"east":{"uv":[0,0,0,16],"rotation":180,"texture":"#2"},"south":{"uv":[8,8,16,0],"rotation":90,"texture":"#2"},"west":{"uv":[0,16,0,0],"texture":"#2"},"up":{"uv":[0,0,0,16],"rotation":270,"texture":"#2"},"down":{"uv":[0,0,0,16],"rotation":270,"texture":"#2"}}},{"from":[6,-11.48019,8.1],"to":[10,-7.48019,8.1],"rotation":{"angle":45,"axis":"z","origin":[8,-9.48019,8.1]},"faces":{"north":{"uv":[0,16,8,8],"rotation":270,"texture":"#2"},"east":{"uv":[0,0,0,16],"rotation":180,"texture":"#2"},"south":{"uv":[8,16,0,8],"rotation":90,"texture":"#2"},"west":{"uv":[0,16,0,0],"texture":"#2"},"up":{"uv":[0,0,0,16],"rotation":270,"texture":"#2"},"down":{"uv":[0,0,0,16],"rotation":270,"texture":"#2"}}},{"from":[6,-11.48019,8.1],"to":[10,-7.48019,8.1],"rotation":{"angle":-22.5,"axis":"z","origin":[8,-9.48019,8.1]},"faces":{"north":{"uv":[8,16,16,8],"rotation":270,"texture":"#2"},"east":{"uv":[0,0,0,16],"rotation":180,"texture":"#2"},"south":{"uv":[16,16,8,8],"rotation":90,"texture":"#2"},"west":{"uv":[0,16,0,0],"texture":"#2"},"up":{"uv":[0,0,0,16],"rotation":270,"texture":"#2"},"down":{"uv":[0,0,0,16],"rotation":270,"texture":"#2"}}},{"from":[6.5,-10.73019,8.15],"to":[9.5,-4.73019,8.15],"rotation":{"angle":0,"axis":"y","origin":[12,-10.73019,10.9]},"faces":{"north":{"uv":[0,0,6,12],"texture":"#3"},"east":{"uv":[0,0,0,96],"texture":"#missing"},"south":{"uv":[6,0,0,12],"texture":"#3"},"west":{"uv":[0,0,0,96],"texture":"#missing"},"up":{"uv":[0,48,0,0],"rotation":90,"texture":"#missing"},"down":{"uv":[0,0,0,48],"rotation":270,"texture":"#missing"}}},{"from":[7.125,-10.48019,6.3],"to":[8.875,-8.73019,7.8],"rotation":{"angle":-45,"axis":"z","origin":[8,-9.60519,5.55]},"faces":{"north":{"uv":[3.375,0,3.8125,0.4375],"texture":"#0"},"east":{"uv":[2.75,0,2.375,0.4375],"texture":"#0"},"south":{"uv":[3.8125,0,3.375,0.4375],"texture":"#0"},"west":{"uv":[2.375,0.4375,2.75,0],"texture":"#0"},"up":{"uv":[2.375,0,2.75,0.4375],"rotation":90,"texture":"#0"},"down":{"uv":[2.375,0,2.75,0.4375],"rotation":270,"texture":"#0"}}},{"from":[6,-11.58019,7.55],"to":[10,-7.58019,7.55],"rotation":{"angle":0,"axis":"y","origin":[9,-10.58019,8.55]},"faces":{"north":{"uv":[3.875,0,4.875,1],"texture":"#0"},"east":{"uv":[0,0,0,1],"texture":"#missing"},"south":{"uv":[4.875,0,3.875,1],"texture":"#0"},"west":{"uv":[0,0,0,1],"texture":"#missing"},"up":{"uv":[0,0,0,1],"rotation":90,"texture":"#missing"},"down":{"uv":[0,0,0,1],"rotation":270,"texture":"#missing"}}},{"from":[7.375,-10.23019,7.55],"to":[8.625,-8.98019,8.05],"rotation":{"angle":-45,"axis":"z","origin":[8,-9.60519,7.55]},"faces":{"north":{"uv":[2.0625,1,1.75,0.6875],"texture":"#0"},"east":{"uv":[2.3125,0.6875,2.1875,1],"texture":"#0"},"south":{"uv":[2.0625,1,1.75,0.6875],"texture":"#0"},"west":{"uv":[2.1875,0.6875,2.0625,1],"texture":"#0"},"up":{"uv":[2.1875,1,2.0625,0.6875],"rotation":90,"texture":"#0"},"down":{"uv":[2.3125,0.6875,2.1875,1],"rotation":270,"texture":"#0"}}},{"from":[1,-12.23019,7.3],"to":[15,1.76981,7.3],"rotation":{"angle":0,"axis":"y","origin":[8,-5.23019,7.3]},"faces":{"north":{"uv":[0,0,8,8],"texture":"#1"},"east":{"uv":[0,0,0,16],"texture":"#1"},"south":{"uv":[8,0,0,8],"texture":"#1"},"west":{"uv":[0,0,0,16],"texture":"#1"},"up":{"uv":[0,16,0,0],"rotation":90,"texture":"#1"},"down":{"uv":[0,0,0,16],"rotation":270,"texture":"#1"}}},{"from":[1,-12.23019,7.3],"to":[15,1.76981,7.3],"rotation":{"angle":22.5,"axis":"z","origin":[8,-5.23019,7.3]},"faces":{"north":{"uv":[8,0,16,8],"texture":"#1"},"east":{"uv":[0,0,0,16],"texture":"#1"},"south":{"uv":[16,0,8,8],"texture":"#1"},"west":{"uv":[0,0,0,16],"texture":"#1"},"up":{"uv":[0,16,0,0],"rotation":90,"texture":"#1"},"down":{"uv":[0,0,0,16],"rotation":270,"texture":"#1"}}},{"from":[1,-12.23019,7.3],"to":[15,1.76981,7.3],"rotation":{"angle":45,"axis":"z","origin":[8,-5.23019,7.3]},"faces":{"north":{"uv":[0,8,8,16],"texture":"#1"},"east":{"uv":[0,0,0,16],"texture":"#1"},"south":{"uv":[8,8,0,16],"texture":"#1"},"west":{"uv":[0,0,0,16],"texture":"#1"},"up":{"uv":[0,16,0,0],"rotation":90,"texture":"#1"},"down":{"uv":[0,0,0,16],"rotation":270,"texture":"#1"}}},{"from":[1,-12.23019,7.3],"to":[15,1.76981,7.3],"rotation":{"angle":-22.5,"axis":"z","origin":[8,-5.23019,7.3]},"faces":{"north":{"uv":[8,8,16,16],"rotation":90,"texture":"#1"},"east":{"uv":[0,0,0,16],"rotation":180,"texture":"#1"},"south":{"uv":[16,8,8,16],"rotation":90,"texture":"#1"},"west":{"uv":[0,16,0,0],"texture":"#1"},"up":{"uv":[0,0,0,16],"rotation":270,"texture":"#1"},"down":{"uv":[0,0,0,16],"rotation":270,"texture":"#1"}}},{"from":[-0.1,-5.73019,5.05],"to":[2.9,0.26981,5.05],"rotation":{"angle":0,"axis":"y","origin":[5.4,-5.73019,2.3]},"faces":{"north":{"uv":[0,0,6,12],"texture":"#3"},"east":{"uv":[0,0,0,96],"texture":"#missing"},"south":{"uv":[6,0,0,12],"texture":"#3"},"west":{"uv":[0,0,0,96],"texture":"#missing"},"up":{"uv":[0,48,0,0],"rotation":90,"texture":"#missing"},"down":{"uv":[0,0,0,48],"rotation":270,"texture":"#missing"}}},{"from":[-0.1,-5.73019,6.75],"to":[2.9,0.26981,6.75],"rotation":{"angle":0,"axis":"y","origin":[5.4,-5.73019,9.5]},"faces":{"north":{"uv":[0,0,6,12],"texture":"#3"},"east":{"uv":[0,0,0,96],"texture":"#missing"},"south":{"uv":[6,0,0,12],"texture":"#3"},"west":{"uv":[0,0,0,96],"texture":"#missing"},"up":{"uv":[0,48,0,0],"rotation":90,"texture":"#missing"},"down":{"uv":[0,0,0,48],"rotation":270,"texture":"#missing"}}},{"from":[0.4,-6.23019,5.4],"to":[2.4,-4.23019,6.4],"rotation":{"angle":45,"axis":"z","origin":[1.4,-5.23019,5.9]},"faces":{"north":{"uv":[4.4375,1.4375,4.9375,1.9375],"texture":"#0"},"east":{"uv":[4.4375,1.9375,4.6875,2.4375],"texture":"#0"},"south":{"uv":[4.9375,1.4375,4.4375,1.9375],"texture":"#0"},"west":{"uv":[4.6875,1.9375,4.9375,2.4375],"texture":"#0"},"up":{"uv":[4.4375,1.9375,4.6875,2.4375],"rotation":90,"texture":"#0"},"down":{"uv":[4.6875,2.4375,4.9375,1.9375],"rotation":270,"texture":"#0"}}},{"from":[13.1,-5.73019,5.05],"to":[16.1,0.26981,5.05],"rotation":{"angle":0,"axis":"y","origin":[10.6,-5.73019,2.3]},"faces":{"north":{"uv":[6,0,0,12],"texture":"#3"},"east":{"uv":[0,0,0,96],"texture":"#missing"},"south":{"uv":[0,0,6,12],"texture":"#3"},"west":{"uv":[0,0,0,96],"texture":"#missing"},"up":{"uv":[0,0,0,48],"rotation":90,"texture":"#missing"},"down":{"uv":[0,48,0,0],"rotation":270,"texture":"#missing"}}},{"from":[13.1,-5.73019,6.75],"to":[16.1,0.26981,6.75],"rotation":{"angle":0,"axis":"y","origin":[10.6,-5.73019,9.5]},"faces":{"north":{"uv":[6,0,0,12],"texture":"#3"},"east":{"uv":[0,0,0,96],"texture":"#missing"},"south":{"uv":[0,0,6,12],"texture":"#3"},"west":{"uv":[0,0,0,96],"texture":"#missing"},"up":{"uv":[0,0,0,48],"rotation":90,"texture":"#missing"},"down":{"uv":[0,48,0,0],"rotation":270,"texture":"#missing"}}},{"from":[13.6,-6.23019,5.4],"to":[15.6,-4.23019,6.4],"rotation":{"angle":-45,"axis":"z","origin":[14.6,-5.23019,5.9]},"faces":{"north":{"uv":[4.9375,1.4375,4.4375,1.9375],"texture":"#0"},"east":{"uv":[4.9375,1.9375,4.6875,2.4375],"texture":"#0"},"south":{"uv":[4.4375,1.4375,4.9375,1.9375],"texture":"#0"},"west":{"uv":[4.6875,1.9375,4.4375,2.4375],"texture":"#0"},"up":{"uv":[4.4375,2.4375,4.6875,1.9375],"rotation":90,"texture":"#0"},"down":{"uv":[4.6875,1.9375,4.9375,2.4375],"rotation":270,"texture":"#0"}}}],"gui_light":"front","display":{"thirdperson_righthand":{"rotation":[55,0,0],"translation":[0,2,1.75],"scale":[0.4,0.4,0.4]},"thirdperson_lefthand":{"rotation":[77,180,0],"translation":[-5.75,-6.5,9]},"firstperson_righthand":{"rotation":[0,134,0],"translation":[10,-4,-17.5]},"firstperson_lefthand":{"scale":[0,0,0]},"ground":{"rotation":[80,0,0],"translation":[0,0.5,-1.25],"scale":[0.6,0.6,0.6]},"gui":{"rotation":[0,180,0],"translation":[0,-2.75,0],"scale":[0.5,0.5,0.5]},"head":{"rotation":[0,180,0],"translation":[0,-53,10.5],"scale":[3.2,3.2,3.2]},"fixed":{"translation":[0,1.5,-2],"scale":[1.4,1.4,1.4]}}}