{"credit":"Made with Blockbench","texture_size":[128,128],"textures":{"0":"elitecreatures:loki_animated/loki_texture","1":"elitecreatures:loki_animated/loki_animation1","2":"elitecreatures:loki_animated/loki_animation2","3":"elitecreatures:loki_animated/loki_animation_3","particle":"elitecreatures:loki_animated/loki_texture"},"elements":[{"from":[9,-7,11],"to":[9,6,17],"rotation":{"angle":-22.5,"axis":"x","origin":[9,-1,15]},"faces":{"north":{"uv":[0,0,0,24],"texture":"#missing"},"east":{"uv":[13.875,0,13.125,1.625],"texture":"#0"},"south":{"uv":[0,0,0,24],"texture":"#missing"},"west":{"uv":[13.125,0,13.875,1.625],"texture":"#0"},"up":{"uv":[0,0,0,12],"texture":"#missing"},"down":{"uv":[0,0,0,12],"texture":"#missing"}}},{"from":[5,2,4.75],"to":[6,4.5,7.25],"rotation":{"angle":45,"axis":"x","origin":[6,3.25,6]},"faces":{"north":{"uv":[2.1875,0.6875,2.0625,1],"texture":"#0"},"east":{"uv":[2.0625,1,1.75,0.6875],"texture":"#0"},"south":{"uv":[2.3125,0.6875,2.1875,1],"texture":"#0"},"west":{"uv":[2.0625,1,1.75,0.6875],"texture":"#0"},"up":{"uv":[2.0625,0.6875,2.1875,1],"texture":"#0"},"down":{"uv":[2.1875,1,2.3125,0.6875],"texture":"#0"}}},{"from":[10,2,4.75],"to":[11,4.5,7.25],"rotation":{"angle":45,"axis":"x","origin":[10,3.25,6]},"faces":{"north":{"uv":[2.0625,0.6875,2.1875,1],"texture":"#0"},"east":{"uv":[1.75,1,2.0625,0.6875],"texture":"#0"},"south":{"uv":[2.1875,0.6875,2.3125,1],"texture":"#0"},"west":{"uv":[1.75,1,2.0625,0.6875],"texture":"#0"},"up":{"uv":[2.1875,0.6875,2.0625,1],"texture":"#0"},"down":{"uv":[2.3125,1,2.1875,0.6875],"texture":"#0"}}},{"from":[6.15,13.5,2.75],"to":[9.85,15,7.75],"rotation":{"angle":0,"axis":"y","origin":[8.5,11,5.5]},"faces":{"north":{"uv":[3.25,3.5625,3.6875,3.75],"texture":"#0"},"east":{"uv":[3.8125,7.5625,3.1875,7.75],"texture":"#0"},"south":{"uv":[3.25,3.75,3.6875,3.9375],"texture":"#0"},"west":{"uv":[3.1875,7.5625,3.8125,7.75],"texture":"#0"},"up":{"uv":[2.8125,3.5625,3.25,4.1875],"texture":"#0"},"down":{"uv":[2.8125,4.1875,3.25,3.5625],"texture":"#0"}}},{"from":[6.15,18.5,2.75],"to":[9.85,20,7.75],"rotation":{"angle":0,"axis":"y","origin":[8.5,16,5.5]},"faces":{"north":{"uv":[3.25,3.5625,3.6875,3.75],"texture":"#0"},"east":{"uv":[3.8125,7.5625,3.1875,7.75],"texture":"#0"},"south":{"uv":[3.25,3.75,3.6875,3.9375],"texture":"#0"},"west":{"uv":[3.1875,7.5625,3.8125,7.75],"texture":"#0"},"up":{"uv":[2.8125,3.5625,3.25,4.1875],"texture":"#0"},"down":{"uv":[2.8125,4.1875,3.25,3.5625],"texture":"#0"}}},{"from":[6.25,24,3.25],"to":[9.75,25.5,8.25],"rotation":{"angle":22.5,"axis":"x","origin":[8.5,21.5,5.5]},"faces":{"north":{"uv":[3.6875,3.75,3.25,3.9375],"texture":"#0"},"east":{"uv":[3.1875,7.5625,3.8125,7.75],"texture":"#0"},"south":{"uv":[3.6875,3.5625,3.25,3.75],"texture":"#0"},"west":{"uv":[3.8125,7.5625,3.1875,7.75],"texture":"#0"},"up":{"uv":[2.8125,4.1875,3.25,3.5625],"texture":"#0"},"down":{"uv":[2.8125,3.5625,3.25,4.1875],"texture":"#0"}}},{"from":[11,12.5,2],"to":[11,20.5,10],"rotation":{"angle":0,"axis":"y","origin":[11,16.5,6]},"faces":{"north":{"uv":[0,16,0,0],"texture":"#2"},"east":{"uv":[0,0,8,8],"rotation":90,"texture":"#2"},"south":{"uv":[0,0,0,16],"rotation":180,"texture":"#2"},"west":{"uv":[8,0,0,8],"rotation":270,"texture":"#2"},"up":{"uv":[0,16,0,0],"rotation":180,"texture":"#2"},"down":{"uv":[0,16,0,0],"texture":"#2"}}},{"from":[11,12.5,2],"to":[11,20.5,10],"rotation":{"angle":-22.5,"axis":"x","origin":[11,16.5,6]},"faces":{"north":{"uv":[0,16,0,0],"texture":"#2"},"east":{"uv":[8,0,16,8],"rotation":90,"texture":"#2"},"south":{"uv":[0,0,0,16],"rotation":180,"texture":"#2"},"west":{"uv":[16,0,8,8],"rotation":270,"texture":"#2"},"up":{"uv":[0,16,0,0],"rotation":180,"texture":"#2"},"down":{"uv":[0,16,0,0],"texture":"#2"}}},{"from":[11,12.5,2],"to":[11,20.5,10],"rotation":{"angle":-45,"axis":"x","origin":[11,16.5,6]},"faces":{"north":{"uv":[0,16,0,0],"texture":"#2"},"east":{"uv":[8,8,0,16],"rotation":90,"texture":"#2"},"south":{"uv":[0,0,0,16],"rotation":180,"texture":"#2"},"west":{"uv":[0,8,8,16],"rotation":270,"texture":"#2"},"up":{"uv":[0,16,0,0],"rotation":180,"texture":"#2"},"down":{"uv":[0,16,0,0],"texture":"#2"}}},{"from":[11,12.5,2],"to":[11,20.5,10],"rotation":{"angle":22.5,"axis":"x","origin":[11,16.5,6]},"faces":{"north":{"uv":[0,16,0,0],"texture":"#2"},"east":{"uv":[16,8,8,16],"rotation":90,"texture":"#2"},"south":{"uv":[0,0,0,16],"rotation":180,"texture":"#2"},"west":{"uv":[8,8,16,16],"rotation":270,"texture":"#2"},"up":{"uv":[0,16,0,0],"rotation":180,"texture":"#2"},"down":{"uv":[0,16,0,0],"texture":"#2"}}},{"from":[5,12.5,2],"to":[5,20.5,10],"rotation":{"angle":0,"axis":"y","origin":[5,16.5,6]},"faces":{"north":{"uv":[0,16,0,0],"texture":"#2"},"east":{"uv":[8,8,0,0],"rotation":270,"texture":"#2"},"south":{"uv":[0,0,0,16],"rotation":180,"texture":"#2"},"west":{"uv":[0,8,8,0],"rotation":90,"texture":"#2"},"up":{"uv":[0,16,0,0],"rotation":180,"texture":"#2"},"down":{"uv":[0,16,0,0],"texture":"#2"}}},{"from":[5,12.5,2],"to":[5,20.5,10],"rotation":{"angle":-22.5,"axis":"x","origin":[5,16.5,6]},"faces":{"north":{"uv":[0,16,0,0],"texture":"#2"},"east":{"uv":[16,8,8,0],"rotation":270,"texture":"#2"},"south":{"uv":[0,0,0,16],"rotation":180,"texture":"#2"},"west":{"uv":[8,8,16,0],"rotation":90,"texture":"#2"},"up":{"uv":[0,16,0,0],"rotation":180,"texture":"#2"},"down":{"uv":[0,16,0,0],"texture":"#2"}}},{"from":[5,12.5,2],"to":[5,20.5,10],"rotation":{"angle":-45,"axis":"x","origin":[5,16.5,6]},"faces":{"north":{"uv":[0,16,0,0],"texture":"#2"},"east":{"uv":[0,16,8,8],"rotation":270,"texture":"#2"},"south":{"uv":[0,0,0,16],"rotation":180,"texture":"#2"},"west":{"uv":[8,16,0,8],"rotation":90,"texture":"#2"},"up":{"uv":[0,16,0,0],"rotation":180,"texture":"#2"},"down":{"uv":[0,16,0,0],"texture":"#2"}}},{"from":[5,12.5,2],"to":[5,20.5,10],"rotation":{"angle":22.5,"axis":"x","origin":[5,16.5,6]},"faces":{"north":{"uv":[0,16,0,0],"texture":"#2"},"east":{"uv":[8,16,16,8],"rotation":270,"texture":"#2"},"south":{"uv":[0,0,0,16],"rotation":180,"texture":"#2"},"west":{"uv":[16,16,8,8],"rotation":90,"texture":"#2"},"up":{"uv":[0,16,0,0],"rotation":180,"texture":"#2"},"down":{"uv":[0,16,0,0],"texture":"#2"}}},{"from":[11.2,15,3],"to":[11.2,27,9],"rotation":{"angle":0,"axis":"y","origin":[16.7,15,14]},"faces":{"north":{"uv":[0,0,0,96],"texture":"#missing"},"east":{"uv":[0,0,6,12],"texture":"#3"},"south":{"uv":[0,0,0,96],"texture":"#missing"},"west":{"uv":[6,0,0,12],"texture":"#3"},"up":{"uv":[0,0,0,48],"texture":"#missing"},"down":{"uv":[0,48,0,0],"texture":"#missing"}}},{"from":[4.8,15,3],"to":[4.8,27,9],"rotation":{"angle":0,"axis":"y","origin":[-0.7,15,14]},"faces":{"north":{"uv":[0,0,0,96],"texture":"#missing"},"east":{"uv":[0,0,6,12],"texture":"#3"},"south":{"uv":[0,0,0,96],"texture":"#missing"},"west":{"uv":[6,0,0,12],"texture":"#3"},"up":{"uv":[0,0,0,48],"texture":"#missing"},"down":{"uv":[0,48,0,0],"texture":"#missing"}}},{"from":[10.1,-0.2,2],"to":[10.1,7.8,10],"rotation":{"angle":0,"axis":"y","origin":[12.1,1.8,8]},"faces":{"north":{"uv":[0,0,0,1],"texture":"#missing"},"east":{"uv":[3.875,0,4.875,1],"texture":"#0"},"south":{"uv":[0,0,0,1],"texture":"#missing"},"west":{"uv":[4.875,0,3.875,1],"texture":"#0"},"up":{"uv":[0,1,0,0],"texture":"#missing"},"down":{"uv":[0,1,0,0],"texture":"#missing"}}},{"from":[5.9,-0.2,2],"to":[5.9,7.8,10],"rotation":{"angle":0,"axis":"y","origin":[3.9,1.8,8]},"faces":{"north":{"uv":[0,0,0,1],"texture":"#missing"},"east":{"uv":[3.875,0,4.875,1],"texture":"#0"},"south":{"uv":[0,0,0,1],"texture":"#missing"},"west":{"uv":[4.875,0,3.875,1],"texture":"#0"},"up":{"uv":[0,1,0,0],"texture":"#missing"},"down":{"uv":[0,1,0,0],"texture":"#missing"}}},{"from":[5.5,1.5,4.25],"to":[10.5,5,7.75],"rotation":{"angle":45,"axis":"x","origin":[6,3.25,6]},"faces":{"north":{"uv":[2.75,0.4375,2.125,0],"texture":"#0"},"east":{"uv":[3.375,0,3.8125,0.4375],"texture":"#0"},"south":{"uv":[3.375,0,2.75,0.4375],"texture":"#0"},"west":{"uv":[3.8125,0,3.375,0.4375],"texture":"#0"},"up":{"uv":[2.125,0.4375,2.75,0],"texture":"#0"},"down":{"uv":[2.75,0.4375,3.375,0],"texture":"#0"}}},{"from":[5.9,12.2,2],"to":[5.9,20.2,10],"rotation":{"angle":0,"axis":"y","origin":[3.9,18.2,8]},"faces":{"north":{"uv":[0,1,0,0],"texture":"#missing"},"east":{"uv":[3.875,1,4.875,0],"texture":"#0"},"south":{"uv":[0,1,0,0],"texture":"#missing"},"west":{"uv":[4.875,1,3.875,0],"texture":"#0"},"up":{"uv":[0,0,0,1],"texture":"#missing"},"down":{"uv":[0,0,0,1],"texture":"#missing"}}},{"from":[5,15.5,4.75],"to":[6,18,7.25],"rotation":{"angle":-45,"axis":"x","origin":[6,16.75,6]},"faces":{"north":{"uv":[2.1875,1,2.0625,0.6875],"texture":"#0"},"east":{"uv":[2.0625,0.6875,1.75,1],"texture":"#0"},"south":{"uv":[2.3125,1,2.1875,0.6875],"texture":"#0"},"west":{"uv":[2.0625,0.6875,1.75,1],"texture":"#0"},"up":{"uv":[2.1875,0.6875,2.3125,1],"texture":"#0"},"down":{"uv":[2.0625,1,2.1875,0.6875],"texture":"#0"}}},{"from":[5.5,15,4.25],"to":[10.5,18.5,7.75],"rotation":{"angle":-45,"axis":"x","origin":[6,16.75,6]},"faces":{"north":{"uv":[2.75,0,2.125,0.4375],"texture":"#0"},"east":{"uv":[3.375,0.4375,3.8125,0],"texture":"#0"},"south":{"uv":[3.375,0.4375,2.75,0],"texture":"#0"},"west":{"uv":[3.8125,0.4375,3.375,0],"texture":"#0"},"up":{"uv":[2.75,0,3.375,0.4375],"texture":"#0"},"down":{"uv":[2.125,0,2.75,0.4375],"texture":"#0"}}},{"from":[10,15.5,4.75],"to":[11,18,7.25],"rotation":{"angle":-45,"axis":"x","origin":[10,16.75,6]},"faces":{"north":{"uv":[2.0625,1,2.1875,0.6875],"texture":"#0"},"east":{"uv":[1.75,0.6875,2.0625,1],"texture":"#0"},"south":{"uv":[2.1875,1,2.3125,0.6875],"texture":"#0"},"west":{"uv":[1.75,0.6875,2.0625,1],"texture":"#0"},"up":{"uv":[2.3125,0.6875,2.1875,1],"texture":"#0"},"down":{"uv":[2.1875,1,2.0625,0.6875],"texture":"#0"}}},{"from":[10.1,12.2,2],"to":[10.1,20.2,10],"rotation":{"angle":0,"axis":"y","origin":[12.1,18.2,8]},"faces":{"north":{"uv":[0,1,0,0],"texture":"#missing"},"east":{"uv":[3.875,1,4.875,0],"texture":"#0"},"south":{"uv":[0,1,0,0],"texture":"#missing"},"west":{"uv":[4.875,1,3.875,0],"texture":"#0"},"up":{"uv":[0,0,0,1],"texture":"#missing"},"down":{"uv":[0,0,0,1],"texture":"#missing"}}},{"from":[6.5,2.5,6.75],"to":[9.5,6,10.25],"rotation":{"angle":0,"axis":"y","origin":[7,4.25,8.5]},"faces":{"north":{"uv":[1.375,0,1.75,0.4375],"rotation":180,"texture":"#0"},"east":{"uv":[0.5625,0.4375,1,0],"rotation":270,"texture":"#0"},"south":{"uv":[1,0.4375,1.375,0],"texture":"#0"},"west":{"uv":[1,0.4375,0.5625,0],"rotation":90,"texture":"#0"},"up":{"uv":[1.375,0.4375,1,0],"rotation":180,"texture":"#0"},"down":{"uv":[1.75,0.4375,1.375,0],"texture":"#0"}}},{"from":[6.75,5,7.25],"to":[9.25,8,9.75],"rotation":{"angle":45,"axis":"x","origin":[8,4,8.5]},"faces":{"north":{"uv":[0.5625,0,0.25,0.375],"texture":"#0"},"east":{"uv":[0.5625,0,0.25,0.375],"texture":"#0"},"south":{"uv":[0.5625,0,0.25,0.375],"texture":"#0"},"west":{"uv":[0.5625,0,0.25,0.375],"texture":"#0"},"up":{"uv":[0.25,0.6875,0.5625,0.375],"texture":"#0"},"down":{"uv":[0.25,0.6875,0.5625,0.375],"texture":"#0"}}},{"from":[6.5,14,6.75],"to":[9.5,17.5,10.25],"rotation":{"angle":0,"axis":"y","origin":[7,15.75,8.5]},"faces":{"north":{"uv":[1.375,0.4375,1.75,0],"rotation":180,"texture":"#0"},"east":{"uv":[1,0.4375,0.5625,0],"rotation":270,"texture":"#0"},"south":{"uv":[1,0,1.375,0.4375],"texture":"#0"},"west":{"uv":[0.5625,0.4375,1,0],"rotation":90,"texture":"#0"},"up":{"uv":[1.75,0,1.375,0.4375],"texture":"#0"},"down":{"uv":[1.375,0,1,0.4375],"rotation":180,"texture":"#0"}}},{"from":[6.75,12,7.25],"to":[9.25,15,9.75],"rotation":{"angle":-45,"axis":"x","origin":[8,16,8.5]},"faces":{"north":{"uv":[0.5625,0.375,0.25,0],"texture":"#0"},"east":{"uv":[0.5625,0.375,0.25,0],"texture":"#0"},"south":{"uv":[0.5625,0.375,0.25,0],"texture":"#0"},"west":{"uv":[0.5625,0.375,0.25,0],"texture":"#0"},"up":{"uv":[0.25,0.375,0.5625,0.6875],"texture":"#0"},"down":{"uv":[0.25,0.375,0.5625,0.6875],"texture":"#0"}}},{"from":[7,6,10],"to":[9,14,12],"rotation":{"angle":0,"axis":"y","origin":[8,8,11]},"faces":{"north":{"uv":[1.4375,1.375,1.6875,2.375],"texture":"#0"},"east":{"uv":[0,0,0.25,1],"texture":"#0"},"south":{"uv":[1.4375,1.375,1.6875,2.375],"texture":"#0"},"west":{"uv":[0,0,0.25,1],"texture":"#0"},"up":{"uv":[0.25,0.25,0,0],"texture":"#0"},"down":{"uv":[0.25,0.25,0,0],"texture":"#0"}}},{"from":[6.8,20.1,5.05],"to":[9.2,26.6,7.55],"rotation":{"angle":22.5,"axis":"x","origin":[8,21.25,7]},"faces":{"north":{"uv":[3.4375,2.75,3.75,3.5625],"texture":"#0"},"east":{"uv":[3.4375,1.9375,3.75,2.75],"texture":"#0"},"south":{"uv":[3.4375,2.75,3.75,3.5625],"texture":"#0"},"west":{"uv":[3.75,1.9375,3.4375,2.75],"texture":"#0"},"up":{"uv":[4.5,3.3125,4.8125,3.625],"texture":"#0"},"down":{"uv":[4.5,3.3125,4.8125,3.625],"texture":"#0"}}},{"from":[6.75,14.5,4.75],"to":[9.25,21,7.25],"rotation":{"angle":0,"axis":"y","origin":[8,16.25,6]},"faces":{"north":{"uv":[3.4375,1.9375,3.125,2.75],"texture":"#0"},"east":{"uv":[3.125,1.9375,2.8125,2.75],"texture":"#0"},"south":{"uv":[3.4375,1.9375,3.125,2.75],"texture":"#0"},"west":{"uv":[2.8125,1.9375,3.125,2.75],"texture":"#0"},"up":{"uv":[2.8125,3.5625,3.125,3.25],"texture":"#0"},"down":{"uv":[2.8125,3.5625,3.125,3.25],"texture":"#0"}}},{"from":[6.25,26.36897,6.6],"to":[9.75,27.86897,10.1],"rotation":{"angle":45,"axis":"x","origin":[7.9,26.46897,7.90871]},"faces":{"north":{"uv":[3.375,1.25,2.9375,1.0625],"texture":"#0"},"east":{"uv":[3.375,1.0625,2.9375,0.875],"texture":"#0"},"south":{"uv":[3.375,1.25,2.9375,1.0625],"texture":"#0"},"west":{"uv":[3.375,1.0625,2.9375,0.875],"texture":"#0"},"up":{"uv":[2.9375,0.875,3.375,0.4375],"texture":"#0"},"down":{"uv":[2.9375,0.4375,3.375,0.875],"texture":"#0"}}},{"from":[6.25,26.87768,10.50871],"to":[9.75,30.37768,12.00871],"rotation":{"angle":-22.5,"axis":"x","origin":[7.9,29.06897,10.60871]},"faces":{"north":{"uv":[3.375,0.875,2.9375,0.4375],"texture":"#0"},"east":{"uv":[2.9375,0.875,3.375,1.0625],"rotation":90,"texture":"#0"},"south":{"uv":[3.375,0.4375,2.9375,0.875],"rotation":180,"texture":"#0"},"west":{"uv":[2.9375,0.875,3.375,1.0625],"rotation":270,"texture":"#0"},"up":{"uv":[2.9375,1.0625,3.375,1.25],"texture":"#0"},"down":{"uv":[2.9375,1.0625,3.375,1.25],"rotation":180,"texture":"#0"}}},{"from":[6.5,26.76897,8.9],"to":[9.5,29.76897,11.9],"rotation":{"angle":45,"axis":"x","origin":[8.3,28.36897,10.2]},"faces":{"north":{"uv":[3.75,1.1875,3.375,0.8125],"texture":"#0"},"east":{"uv":[3.75,0.8125,3.375,0.4375],"texture":"#0"},"south":{"uv":[3.75,1.1875,3.375,0.8125],"texture":"#0"},"west":{"uv":[3.75,0.8125,3.375,0.4375],"texture":"#0"},"up":{"uv":[0,0.375,0.375,0],"texture":"#0"},"down":{"uv":[0,0.375,0.375,0],"texture":"#0"}}},{"from":[7.25,27.67768,11.43974],"to":[8.75,30.17768,13.93974],"rotation":{"angle":-22.5,"axis":"x","origin":[7.9,29.86897,11.10871]},"faces":{"north":{"uv":[3.5,4.875,3.3125,4.5625],"texture":"#0"},"east":{"uv":[3.5625,4.25,3.25,3.9375],"rotation":90,"texture":"#0"},"south":{"uv":[3.5,4.875,3.3125,4.5625],"texture":"#0"},"west":{"uv":[3.5625,3.9375,3.25,4.25],"rotation":90,"texture":"#0"},"up":{"uv":[3.5,4.5625,3.3125,4.25],"rotation":180,"texture":"#0"},"down":{"uv":[3.5,4.25,3.3125,4.5625],"rotation":180,"texture":"#0"}}},{"from":[6.75,-1,4.75],"to":[9.25,5.5,7.25],"rotation":{"angle":0,"axis":"y","origin":[8,3.75,6]},"faces":{"north":{"uv":[3.4375,2.75,3.125,1.9375],"texture":"#0"},"east":{"uv":[3.125,2.75,2.8125,1.9375],"texture":"#0"},"south":{"uv":[3.4375,2.75,3.125,1.9375],"texture":"#0"},"west":{"uv":[2.8125,2.75,3.125,1.9375],"texture":"#0"},"up":{"uv":[2.8125,3.25,3.125,3.5625],"texture":"#0"},"down":{"uv":[2.8125,3.25,3.125,3.5625],"texture":"#0"}}},{"from":[6.8,-6.6,5.05],"to":[9.2,-0.1,7.55],"rotation":{"angle":-22.5,"axis":"x","origin":[8,-1.25,7]},"faces":{"north":{"uv":[3.4375,3.5625,3.75,2.75],"texture":"#0"},"east":{"uv":[3.4375,2.75,3.75,1.9375],"texture":"#0"},"south":{"uv":[3.4375,3.5625,3.75,2.75],"texture":"#0"},"west":{"uv":[3.75,2.75,3.4375,1.9375],"texture":"#0"},"up":{"uv":[4.5,3.625,4.8125,3.3125],"texture":"#0"},"down":{"uv":[4.5,3.625,4.8125,3.3125],"texture":"#0"}}},{"from":[6.15,0,2.75],"to":[9.85,1.5,7.75],"rotation":{"angle":0,"axis":"y","origin":[8.5,4,5.5]},"faces":{"north":{"uv":[3.25,3.75,3.6875,3.5625],"texture":"#0"},"east":{"uv":[3.8125,7.75,3.1875,7.5625],"texture":"#0"},"south":{"uv":[3.25,3.9375,3.6875,3.75],"texture":"#0"},"west":{"uv":[3.1875,7.75,3.8125,7.5625],"texture":"#0"},"up":{"uv":[2.8125,3.5625,3.25,4.1875],"texture":"#0"},"down":{"uv":[2.8125,4.1875,3.25,3.5625],"texture":"#0"}}},{"from":[6.15,5,2.75],"to":[9.85,6.5,7.75],"rotation":{"angle":0,"axis":"y","origin":[8.5,9,5.5]},"faces":{"north":{"uv":[3.25,3.75,3.6875,3.5625],"texture":"#0"},"east":{"uv":[3.8125,7.75,3.1875,7.5625],"texture":"#0"},"south":{"uv":[3.25,3.9375,3.6875,3.75],"texture":"#0"},"west":{"uv":[3.1875,7.75,3.8125,7.5625],"texture":"#0"},"up":{"uv":[2.8125,3.5625,3.25,4.1875],"texture":"#0"},"down":{"uv":[2.8125,4.1875,3.25,3.5625],"texture":"#0"}}},{"from":[6.25,-5.5,3.25],"to":[9.75,-4,8.25],"rotation":{"angle":-22.5,"axis":"x","origin":[8.5,-1.5,5.5]},"faces":{"north":{"uv":[3.6875,3.9375,3.25,3.75],"texture":"#0"},"east":{"uv":[3.1875,7.75,3.8125,7.5625],"texture":"#0"},"south":{"uv":[3.6875,3.75,3.25,3.5625],"texture":"#0"},"west":{"uv":[3.8125,7.75,3.1875,7.5625],"texture":"#0"},"up":{"uv":[2.8125,4.1875,3.25,3.5625],"texture":"#0"},"down":{"uv":[2.8125,3.5625,3.25,4.1875],"texture":"#0"}}},{"from":[6.25,-7.86897,6.6],"to":[9.75,-6.36897,10.1],"rotation":{"angle":-45,"axis":"x","origin":[7.9,-6.46897,7.90871]},"faces":{"north":{"uv":[3.375,1.0625,2.9375,1.25],"texture":"#0"},"east":{"uv":[3.375,0.875,2.9375,1.0625],"texture":"#0"},"south":{"uv":[3.375,1.0625,2.9375,1.25],"texture":"#0"},"west":{"uv":[3.375,0.875,2.9375,1.0625],"texture":"#0"},"up":{"uv":[2.9375,0.875,3.375,0.4375],"texture":"#0"},"down":{"uv":[2.9375,0.4375,3.375,0.875],"texture":"#0"}}},{"from":[-2,0,1],"to":[18,20,1],"rotation":{"angle":0,"axis":"y","origin":[8,10,1]},"faces":{"north":{"uv":[0,0,8,8],"texture":"#1"},"east":{"uv":[0,0,0,16],"texture":"#1"},"south":{"uv":[8,0,0,8],"texture":"#1"},"west":{"uv":[0,0,0,16],"texture":"#1"},"up":{"uv":[0,16,0,0],"rotation":90,"texture":"#1"},"down":{"uv":[0,0,0,16],"rotation":270,"texture":"#1"}}},{"from":[-2,0,1],"to":[18,20,1],"rotation":{"angle":22.5,"axis":"z","origin":[8,10,1]},"faces":{"north":{"uv":[8,0,16,8],"texture":"#1"},"east":{"uv":[0,0,0,16],"texture":"#1"},"south":{"uv":[16,0,8,8],"texture":"#1"},"west":{"uv":[0,0,0,16],"texture":"#1"},"up":{"uv":[0,16,0,0],"rotation":90,"texture":"#1"},"down":{"uv":[0,0,0,16],"rotation":270,"texture":"#1"}}},{"from":[-2,0,1],"to":[18,20,1],"rotation":{"angle":45,"axis":"z","origin":[8,10,1]},"faces":{"north":{"uv":[0,8,8,16],"texture":"#1"},"east":{"uv":[0,0,0,16],"texture":"#1"},"south":{"uv":[8,8,0,16],"texture":"#1"},"west":{"uv":[0,0,0,16],"texture":"#1"},"up":{"uv":[0,16,0,0],"rotation":90,"texture":"#1"},"down":{"uv":[0,0,0,16],"rotation":270,"texture":"#1"}}},{"from":[-2,0,1],"to":[18,20,1],"rotation":{"angle":-22.5,"axis":"z","origin":[8,10,1]},"faces":{"north":{"uv":[8,8,16,16],"rotation":90,"texture":"#1"},"east":{"uv":[0,0,0,16],"rotation":180,"texture":"#1"},"south":{"uv":[16,8,8,16],"rotation":90,"texture":"#1"},"west":{"uv":[0,16,0,0],"texture":"#1"},"up":{"uv":[0,0,0,16],"rotation":270,"texture":"#1"},"down":{"uv":[0,0,0,16],"rotation":270,"texture":"#1"}}},{"from":[6.5,-9.76897,8.9],"to":[9.5,-6.76897,11.9],"rotation":{"angle":-45,"axis":"x","origin":[8.3,-8.36897,10.2]},"faces":{"north":{"uv":[3.75,0.8125,3.375,1.1875],"texture":"#0"},"east":{"uv":[3.75,0.4375,3.375,0.8125],"texture":"#0"},"south":{"uv":[3.75,0.8125,3.375,1.1875],"texture":"#0"},"west":{"uv":[3.75,0.4375,3.375,0.8125],"texture":"#0"},"up":{"uv":[0,0,0.375,0.375],"texture":"#0"},"down":{"uv":[0,0,0.375,0.375],"texture":"#0"}}},{"from":[7.75,10,13.5],"to":[8.25,29,14],"rotation":{"angle":0,"axis":"y","origin":[8,28.5,13.75]},"faces":{"north":{"uv":[0.125,9.25,0.1875,11.625],"texture":"#0"},"east":{"uv":[0.125,9.25,0.1875,11.625],"texture":"#0"},"south":{"uv":[0.125,9.25,0.1875,11.625],"texture":"#0"},"west":{"uv":[0.125,9.25,0.1875,11.625],"texture":"#0"},"up":{"uv":[0.125,9.25,0.1875,9.3125],"texture":"#0"},"down":{"uv":[0.125,9.25,0.1875,9.3125],"texture":"#0"}}},{"from":[7.75,-9,13.5],"to":[8.25,10,14],"rotation":{"angle":0,"axis":"y","origin":[8,-8.5,13.75]},"faces":{"north":{"uv":[0.125,11.625,0.1875,9.25],"texture":"#0"},"east":{"uv":[0.125,11.625,0.1875,9.25],"texture":"#0"},"south":{"uv":[0.125,11.625,0.1875,9.25],"texture":"#0"},"west":{"uv":[0.125,11.625,0.1875,9.25],"texture":"#0"},"up":{"uv":[0.125,9.3125,0.1875,9.25],"texture":"#0"},"down":{"uv":[0.125,9.3125,0.1875,9.25],"texture":"#0"}}},{"from":[6.25,-10.37768,10.50871],"to":[9.75,-6.87768,12.00871],"rotation":{"angle":22.5,"axis":"x","origin":[7.9,-9.06897,10.60871]},"faces":{"north":{"uv":[3.375,0.4375,2.9375,0.875],"texture":"#0"},"east":{"uv":[3.375,0.875,2.9375,1.0625],"rotation":90,"texture":"#0"},"south":{"uv":[3.375,0.875,2.9375,0.4375],"rotation":180,"texture":"#0"},"west":{"uv":[3.375,0.875,2.9375,1.0625],"rotation":270,"texture":"#0"},"up":{"uv":[2.9375,1.25,3.375,1.0625],"rotation":180,"texture":"#0"},"down":{"uv":[2.9375,1.25,3.375,1.0625],"texture":"#0"}}},{"from":[7.25,-10.17768,11.43974],"to":[8.75,-7.67768,13.93974],"rotation":{"angle":22.5,"axis":"x","origin":[7.9,-9.86897,11.10871]},"faces":{"north":{"uv":[3.5,4.5625,3.3125,4.875],"texture":"#0"},"east":{"uv":[3.25,4.25,3.5625,3.9375],"rotation":90,"texture":"#0"},"south":{"uv":[3.5,4.5625,3.3125,4.875],"texture":"#0"},"west":{"uv":[3.25,3.9375,3.5625,4.25],"rotation":90,"texture":"#0"},"up":{"uv":[3.5,4.5625,3.3125,4.25],"rotation":180,"texture":"#0"},"down":{"uv":[3.5,4.25,3.3125,4.5625],"rotation":180,"texture":"#0"}}},{"from":[8,18.5,7],"to":[8,28.5,14],"rotation":{"angle":0,"axis":"y","origin":[7,10.5,10]},"faces":{"north":{"uv":[0,0,0,2.5],"texture":"#missing"},"east":{"uv":[12.1875,0,12.9375,2.5],"texture":"#0"},"south":{"uv":[0,0,0,2.5],"texture":"#missing"},"west":{"uv":[12.125,0,11.25,1.25],"texture":"#0"},"up":{"uv":[0,0.75,0,0],"texture":"#missing"},"down":{"uv":[0,0.75,0,0],"texture":"#missing"}}}],"gui_light":"front","display":{"thirdperson_righthand":{"rotation":[0,-3,0],"translation":[-1,-1.75,2],"scale":[0.5,0.5,0.5]},"thirdperson_lefthand":{"rotation":[0,-3,0],"translation":[-1,-1.75,2],"scale":[0.5,0.5,0.5]},"firstperson_righthand":{"rotation":[-34.69,-9.23,-9],"translation":[6.75,-2.5,-2.25],"scale":[0.54883,0.54883,0.54883]},"firstperson_lefthand":{"rotation":[-34.69,-9.23,-9],"translation":[6.75,-2.5,-2.25],"scale":[0.54883,0.54883,0.54883]},"ground":{"rotation":[94,85,0],"translation":[0,0,0.25],"scale":[0.5,0.5,0.5]},"gui":{"rotation":[-57,135,71],"translation":[-1.5,0.25,0],"scale":[0.4,0.4,0.4]},"head":{"rotation":[91,-1,90],"translation":[0,10.5,0.25],"scale":[0.7,0.7,0.7]},"fixed":{"rotation":[0,90,0],"translation":[0.25,0.25,-2.25],"scale":[1.2,1.2,1.2]}}}