{"credit":"Made with Blockbench","texture_size":[128,128],"textures":{"0":"elitecreatures:loki_animated/loki_texture","1":"elitecreatures:loki_animated/loki_animation1","2":"elitecreatures:loki_animated/loki_animation2","particle":"elitecreatures:loki_animated/loki_texture"},"elements":[{"from":[-7,7,6.15],"to":[-4,10.5,9.65],"rotation":{"angle":-45,"axis":"x","origin":[-6.5,8.75,7.9]},"faces":{"north":{"uv":[1.375,0.4375,1.75,0],"texture":"#0"},"east":{"uv":[1,0.4375,0.5625,0],"texture":"#0"},"south":{"uv":[1,0.4375,1.375,0],"texture":"#0"},"west":{"uv":[0.5625,0.4375,1,0],"texture":"#0"},"up":{"uv":[1,0,1.375,0.4375],"texture":"#0"},"down":{"uv":[1.375,0.4375,1.75,0],"texture":"#0"}}},{"from":[4,6,-5.5],"to":[12,14,-5.5],"rotation":{"angle":0,"axis":"y","origin":[8,10,-5.5]},"faces":{"north":{"uv":[8,8,0,0],"rotation":270,"texture":"#2"},"east":{"uv":[0,0,0,16],"rotation":180,"texture":"#2"},"south":{"uv":[0,8,8,0],"rotation":90,"texture":"#2"},"west":{"uv":[0,16,0,0],"texture":"#2"},"up":{"uv":[0,0,0,16],"rotation":270,"texture":"#2"},"down":{"uv":[0,0,0,16],"rotation":270,"texture":"#2"}}},{"from":[4,6,-5.5],"to":[12,14,-5.5],"rotation":{"angle":22.5,"axis":"z","origin":[8,10,-5.5]},"faces":{"north":{"uv":[16,8,8,0],"rotation":270,"texture":"#2"},"east":{"uv":[0,0,0,16],"rotation":180,"texture":"#2"},"south":{"uv":[8,8,16,0],"rotation":90,"texture":"#2"},"west":{"uv":[0,16,0,0],"texture":"#2"},"up":{"uv":[0,0,0,16],"rotation":270,"texture":"#2"},"down":{"uv":[0,0,0,16],"rotation":270,"texture":"#2"}}},{"from":[4,6,-5.5],"to":[12,14,-5.5],"rotation":{"angle":45,"axis":"z","origin":[8,10,-5.5]},"faces":{"north":{"uv":[0,16,8,8],"rotation":270,"texture":"#2"},"east":{"uv":[0,0,0,16],"rotation":180,"texture":"#2"},"south":{"uv":[8,16,0,8],"rotation":90,"texture":"#2"},"west":{"uv":[0,16,0,0],"texture":"#2"},"up":{"uv":[0,0,0,16],"rotation":270,"texture":"#2"},"down":{"uv":[0,0,0,16],"rotation":270,"texture":"#2"}}},{"from":[4,6,-5.5],"to":[12,14,-5.5],"rotation":{"angle":-22.5,"axis":"z","origin":[8,10,-5.5]},"faces":{"north":{"uv":[8,16,16,8],"rotation":270,"texture":"#2"},"east":{"uv":[0,0,0,16],"rotation":180,"texture":"#2"},"south":{"uv":[16,16,8,8],"rotation":90,"texture":"#2"},"west":{"uv":[0,16,0,0],"texture":"#2"},"up":{"uv":[0,0,0,16],"rotation":270,"texture":"#2"},"down":{"uv":[0,0,0,16],"rotation":270,"texture":"#2"}}},{"from":[5.5,4.5,-2],"to":[10.5,8.5,20],"rotation":{"angle":0,"axis":"y","origin":[9,21.56168,17.28682]},"faces":{"north":{"uv":[9.1875,13.75,9.8125,14.25],"rotation":180,"texture":"#0"},"east":{"uv":[9.1875,14.75,11.9375,14.25],"rotation":180,"texture":"#0"},"south":{"uv":[9.8125,13.75,10.4375,14.25],"rotation":180,"texture":"#0"},"west":{"uv":[11.9375,14.75,9.1875,14.25],"rotation":180,"texture":"#0"},"up":{"uv":[9.1875,15.375,11.9375,16],"rotation":270,"texture":"#0"},"down":{"uv":[9.1875,14.75,11.9375,15.375],"rotation":270,"texture":"#0"}}},{"from":[5.5,3,-2],"to":[10.5,4.5,0.5],"rotation":{"angle":0,"axis":"y","origin":[9,17.56168,17.28682]},"faces":{"north":{"uv":[10.25,12.9375,10.875,13.125],"rotation":180,"texture":"#0"},"east":{"uv":[10.375,13.75,10.0625,13.5625],"rotation":180,"texture":"#0"},"south":{"uv":[7.0625,9.8125,7.6875,10],"rotation":180,"texture":"#0"},"west":{"uv":[10.375,13.75,10.0625,13.5625],"rotation":180,"texture":"#0"},"up":{"uv":[9.9375,12.9375,10.25,13.5625],"rotation":270,"texture":"#0"},"down":{"uv":[9.9375,12.9375,10.25,13.5625],"rotation":270,"texture":"#0"}}},{"from":[-5.6,4.8,4],"to":[-5.6,12.8,12],"rotation":{"angle":0,"axis":"y","origin":[-7.6,6.8,10]},"faces":{"north":{"uv":[0,0,0,1],"texture":"#missing"},"east":{"uv":[3.875,0,4.875,1],"texture":"#0"},"south":{"uv":[0,0,0,1],"texture":"#missing"},"west":{"uv":[4.875,0,3.875,1],"texture":"#0"},"up":{"uv":[0,1,0,0],"texture":"#missing"},"down":{"uv":[0,1,0,0],"texture":"#missing"}}},{"from":[21.6,4.8,4],"to":[21.6,12.8,12],"rotation":{"angle":0,"axis":"y","origin":[23.6,6.8,10]},"faces":{"north":{"uv":[0,0,0,1],"texture":"#missing"},"east":{"uv":[3.875,0,4.875,1],"texture":"#0"},"south":{"uv":[0,0,0,1],"texture":"#missing"},"west":{"uv":[4.875,0,3.875,1],"texture":"#0"},"up":{"uv":[0,1,0,0],"texture":"#missing"},"down":{"uv":[0,1,0,0],"texture":"#missing"}}},{"from":[-4,8.5,7.5],"to":[8,9,8],"rotation":{"angle":0,"axis":"y","origin":[-4,8.75,7.75]},"faces":{"north":{"uv":[11.9375,14.375,12,15.875],"rotation":270,"texture":"#0"},"east":{"uv":[11.9375,14.375,12,14.4375],"rotation":270,"texture":"#0"},"south":{"uv":[11.9375,14.375,12,15.875],"rotation":270,"texture":"#0"},"west":{"uv":[11.9375,14.375,12,14.4375],"rotation":270,"texture":"#0"},"up":{"uv":[11.9375,14.375,12,15.875],"rotation":270,"texture":"#0"},"down":{"uv":[11.9375,14.375,12,15.875],"rotation":270,"texture":"#0"}}},{"from":[8,8.5,7.5],"to":[20,9,8],"rotation":{"angle":0,"axis":"y","origin":[20,8.75,7.75]},"faces":{"north":{"uv":[11.9375,15.875,12,14.375],"rotation":270,"texture":"#0"},"east":{"uv":[11.9375,14.4375,12,14.375],"rotation":270,"texture":"#0"},"south":{"uv":[11.9375,15.875,12,14.375],"rotation":270,"texture":"#0"},"west":{"uv":[11.9375,14.4375,12,14.375],"rotation":270,"texture":"#0"},"up":{"uv":[11.9375,15.875,12,14.375],"rotation":270,"texture":"#0"},"down":{"uv":[11.9375,15.875,12,14.375],"rotation":270,"texture":"#0"}}},{"from":[-5.04957,6.75,3.42148],"to":[-3.54957,10.15,8.92148],"rotation":{"angle":-22.5,"axis":"y","origin":[-2.52078,8.225,4.48921]},"faces":{"north":{"uv":[9.375,13.75,9.8,13.5625],"rotation":90,"texture":"#0"},"east":{"uv":[11.125,13.5625,11.55,14.25],"rotation":90,"texture":"#0"},"south":{"uv":[9.375,13.75,9.8,13.5625],"rotation":90,"texture":"#0"},"west":{"uv":[11.125,14.25,11.55,13.5625],"rotation":90,"texture":"#0"},"up":{"uv":[11.125,13.375,11.8125,13.5625],"rotation":90,"texture":"#0"},"down":{"uv":[11.8125,13.375,11.125,13.5625],"rotation":90,"texture":"#0"}}},{"from":[19.54957,6.75,3.42148],"to":[21.04957,10.15,8.92148],"rotation":{"angle":22.5,"axis":"y","origin":[18.52078,8.225,4.48921]},"faces":{"north":{"uv":[9.375,13.5625,9.8,13.75],"rotation":90,"texture":"#0"},"east":{"uv":[11.125,13.5625,11.55,14.25],"rotation":90,"texture":"#0"},"south":{"uv":[9.375,13.5625,9.8,13.75],"rotation":90,"texture":"#0"},"west":{"uv":[11.125,14.25,11.55,13.5625],"rotation":90,"texture":"#0"},"up":{"uv":[11.125,13.5625,11.8125,13.375],"rotation":90,"texture":"#0"},"down":{"uv":[11.8125,13.5625,11.125,13.375],"rotation":90,"texture":"#0"}}},{"from":[-2.72089,5.7,1.45726],"to":[2.77911,10.2,3.45726],"rotation":{"angle":45,"axis":"y","origin":[-2.52078,8.225,4.48921]},"faces":{"north":{"uv":[9.9375,13.5625,9.375,12.875],"rotation":90,"texture":"#0"},"east":{"uv":[9.375,12.625,9.9375,12.875],"rotation":90,"texture":"#0"},"south":{"uv":[9.9375,12.875,9.375,13.5625],"rotation":90,"texture":"#0"},"west":{"uv":[9.375,12.625,9.9375,12.875],"rotation":90,"texture":"#0"},"up":{"uv":[10.4375,13.125,11.125,13.375],"rotation":180,"texture":"#0"},"down":{"uv":[10.4375,13.125,11.125,13.375],"rotation":180,"texture":"#0"}}},{"from":[20,7,6.15],"to":[23,10.5,9.65],"rotation":{"angle":-45,"axis":"x","origin":[22.5,8.75,7.9]},"faces":{"north":{"uv":[1.75,0.4375,1.375,0],"texture":"#0"},"east":{"uv":[1,0.4375,0.5625,0],"texture":"#0"},"south":{"uv":[1.375,0.4375,1,0],"texture":"#0"},"west":{"uv":[0.5625,0.4375,1,0],"texture":"#0"},"up":{"uv":[1.375,0,1,0.4375],"texture":"#0"},"down":{"uv":[1.75,0.4375,1.375,0],"texture":"#0"}}},{"from":[0.5,4.5,-1],"to":[7.5,10.5,2],"rotation":{"angle":22.5,"axis":"y","origin":[-2.52078,8.225,4.48921]},"faces":{"north":{"uv":[8.0625,13.25,7.1875,14],"texture":"#0"},"east":{"uv":[6.8125,9.1875,6.4375,9.9375],"texture":"#0"},"south":{"uv":[8.0625,12.5,7.1875,13.25],"texture":"#0"},"west":{"uv":[7.5625,11.375,7.1875,12.125],"texture":"#0"},"up":{"uv":[8.0625,12.125,7.1875,12.5],"texture":"#0"},"down":{"uv":[8.0625,12.125,7.1875,12.5],"texture":"#0"}}},{"from":[5,2.5,0.5],"to":[11,5.5,8.5],"rotation":{"angle":0,"axis":"y","origin":[9.5,21.56168,15.78682]},"faces":{"north":{"uv":[7.4375,10.5,8.1875,10.875],"rotation":180,"texture":"#0"},"east":{"uv":[7.4375,10.3125,6.4375,9.9375],"rotation":180,"texture":"#0"},"south":{"uv":[7.4375,10.5,8.1875,10.875],"rotation":180,"texture":"#0"},"west":{"uv":[6.4375,10.3125,7.4375,9.9375],"rotation":180,"texture":"#0"},"up":{"uv":[7.4375,10.3125,6.4375,11.0625],"rotation":270,"texture":"#0"},"down":{"uv":[7.4375,10.3125,6.4375,11.0625],"rotation":270,"texture":"#0"}}},{"from":[5.55,2.55,8],"to":[10.45,4.55,13.8],"rotation":{"angle":-22.5,"axis":"x","origin":[8,2.45,8.05]},"faces":{"north":{"uv":[2.875,4.8125,3.5,5.0625],"texture":"#0"},"east":{"uv":[10.4375,13.625,11.125,13.375],"rotation":180,"texture":"#0"},"south":{"uv":[5.75,9.625,6.375,9.875],"texture":"#0"},"west":{"uv":[11.125,13.625,10.4375,13.375],"rotation":180,"texture":"#0"},"up":{"uv":[10.4375,13.625,11.125,14.25],"rotation":90,"texture":"#0"},"down":{"uv":[10.4375,13.625,11.125,14.25],"rotation":90,"texture":"#0"}}},{"from":[4,0.5,-9],"to":[5.5,2.5,-2],"rotation":{"angle":-22.5,"axis":"x","origin":[8.5,8.5,-7.75]},"faces":{"north":{"uv":[9.4375,12.375,9.625,12.625],"texture":"#0"},"east":{"uv":[9.6875,12,10.5625,12.25],"texture":"#0"},"south":{"uv":[9.4375,12.375,9.625,12.625],"texture":"#0"},"west":{"uv":[9.6875,12,10.5625,12.25],"texture":"#0"},"up":{"uv":[9.1875,12.1875,9.375,13.0625],"texture":"#0"},"down":{"uv":[9.1875,13.0625,9.375,12.1875],"texture":"#0"}}},{"from":[10.5,0.5,-9],"to":[12,2.5,-2],"rotation":{"angle":-22.5,"axis":"x","origin":[7.5,8.5,-7.75]},"faces":{"north":{"uv":[9.625,12.375,9.4375,12.625],"texture":"#0"},"east":{"uv":[10.5625,12,9.6875,12.25],"texture":"#0"},"south":{"uv":[9.625,12.375,9.4375,12.625],"texture":"#0"},"west":{"uv":[10.5625,12,9.6875,12.25],"texture":"#0"},"up":{"uv":[9.375,12.1875,9.1875,13.0625],"texture":"#0"},"down":{"uv":[9.375,13.0625,9.1875,12.1875],"texture":"#0"}}},{"from":[5.5,0,-9.5],"to":[10.5,3,-7],"rotation":{"angle":-22.5,"axis":"x","origin":[7.5,8.5,-7.75]},"faces":{"north":{"uv":[9.9375,12.5625,10.5625,12.9375],"texture":"#0"},"east":{"uv":[9.625,12.25,9.9375,12.625],"texture":"#0"},"south":{"uv":[9.9375,12.5625,10.5625,12.9375],"texture":"#0"},"west":{"uv":[9.625,12.25,9.9375,12.625],"texture":"#0"},"up":{"uv":[9.9375,12.25,10.5625,12.5625],"texture":"#0"},"down":{"uv":[9.9375,12.25,10.5625,12.5625],"texture":"#0"}}},{"from":[3.5,5.4,-1.6],"to":[5.5,10.4,4.9],"rotation":{"angle":0,"axis":"y","origin":[-0.5,0.9,3.9]},"faces":{"north":{"uv":[8.875,11.5,8.625,12.125],"texture":"#0"},"east":{"uv":[8.375,10.875,7.5625,11.5],"texture":"#0"},"south":{"uv":[8.875,11.5,8.625,12.125],"texture":"#0"},"west":{"uv":[8.375,11.5,7.5625,12.125],"texture":"#0"},"up":{"uv":[8.625,11.3125,8.375,12.125],"texture":"#0"},"down":{"uv":[8.625,11.3125,8.375,12.125],"texture":"#0"}}},{"from":[10.5,5.4,-1.6],"to":[12.5,10.4,4.9],"rotation":{"angle":0,"axis":"y","origin":[16.5,0.9,3.9]},"faces":{"north":{"uv":[8.625,11.5,8.875,12.125],"texture":"#0"},"east":{"uv":[7.5625,11.5,8.375,12.125],"texture":"#0"},"south":{"uv":[8.625,11.5,8.875,12.125],"texture":"#0"},"west":{"uv":[7.5625,10.875,8.375,11.5],"texture":"#0"},"up":{"uv":[8.375,11.3125,8.625,12.125],"texture":"#0"},"down":{"uv":[8.375,11.3125,8.625,12.125],"texture":"#0"}}},{"from":[8.5,4.5,-1],"to":[15.5,10.5,2],"rotation":{"angle":-22.5,"axis":"y","origin":[18.52078,8.225,4.48921]},"faces":{"north":{"uv":[7.1875,13.25,8.0625,14],"texture":"#0"},"east":{"uv":[7.1875,11.375,7.5625,12.125],"texture":"#0"},"south":{"uv":[7.1875,12.5,8.0625,13.25],"texture":"#0"},"west":{"uv":[6.4375,9.1875,6.8125,9.9375],"texture":"#0"},"up":{"uv":[7.1875,12.125,8.0625,12.5],"texture":"#0"},"down":{"uv":[7.1875,12.125,8.0625,12.5],"texture":"#0"}}},{"from":[13.22089,5.7,1.45726],"to":[18.72089,10.2,3.45726],"rotation":{"angle":-45,"axis":"y","origin":[18.52078,8.225,4.48921]},"faces":{"north":{"uv":[9.9375,12.875,9.375,13.5625],"rotation":90,"texture":"#0"},"east":{"uv":[9.375,12.875,9.9375,12.625],"rotation":90,"texture":"#0"},"south":{"uv":[9.9375,13.5625,9.375,12.875],"rotation":90,"texture":"#0"},"west":{"uv":[9.375,12.875,9.9375,12.625],"rotation":90,"texture":"#0"},"up":{"uv":[11.125,13.125,10.4375,13.375],"rotation":180,"texture":"#0"},"down":{"uv":[11.125,13.125,10.4375,13.375],"rotation":180,"texture":"#0"}}},{"from":[-2,0,-7],"to":[18,20,-7],"rotation":{"angle":0,"axis":"y","origin":[8,10,-7]},"faces":{"north":{"uv":[0,0,8,8],"texture":"#1"},"east":{"uv":[0,0,0,16],"texture":"#1"},"south":{"uv":[8,0,0,8],"texture":"#1"},"west":{"uv":[0,0,0,16],"texture":"#1"},"up":{"uv":[0,16,0,0],"rotation":90,"texture":"#1"},"down":{"uv":[0,0,0,16],"rotation":270,"texture":"#1"}}},{"from":[-2,0,-7],"to":[18,20,-7],"rotation":{"angle":22.5,"axis":"z","origin":[8,10,-7]},"faces":{"north":{"uv":[8,0,16,8],"texture":"#1"},"east":{"uv":[0,0,0,16],"texture":"#1"},"south":{"uv":[16,0,8,8],"texture":"#1"},"west":{"uv":[0,0,0,16],"texture":"#1"},"up":{"uv":[0,16,0,0],"rotation":90,"texture":"#1"},"down":{"uv":[0,0,0,16],"rotation":270,"texture":"#1"}}},{"from":[-2,0,-7],"to":[18,20,-7],"rotation":{"angle":45,"axis":"z","origin":[8,10,-7]},"faces":{"north":{"uv":[0,8,8,16],"texture":"#1"},"east":{"uv":[0,0,0,16],"texture":"#1"},"south":{"uv":[8,8,0,16],"texture":"#1"},"west":{"uv":[0,0,0,16],"texture":"#1"},"up":{"uv":[0,16,0,0],"rotation":90,"texture":"#1"},"down":{"uv":[0,0,0,16],"rotation":270,"texture":"#1"}}},{"from":[-2,0,-7],"to":[18,20,-7],"rotation":{"angle":-22.5,"axis":"z","origin":[8,10,-7]},"faces":{"north":{"uv":[8,8,16,16],"rotation":90,"texture":"#1"},"east":{"uv":[0,0,0,16],"rotation":180,"texture":"#1"},"south":{"uv":[16,8,8,16],"rotation":90,"texture":"#1"},"west":{"uv":[0,16,0,0],"texture":"#1"},"up":{"uv":[0,0,0,16],"rotation":270,"texture":"#1"},"down":{"uv":[0,0,0,16],"rotation":270,"texture":"#1"}}},{"from":[3.9,5.8,-3],"to":[11.9,13.8,-3],"rotation":{"angle":0,"axis":"y","origin":[5.9,7.8,-5]},"faces":{"north":{"uv":[4.875,0,3.875,1],"texture":"#0"},"east":{"uv":[0,0,0,1],"texture":"#missing"},"south":{"uv":[3.875,0,4.875,1],"texture":"#0"},"west":{"uv":[0,0,0,1],"texture":"#missing"},"up":{"uv":[0,1,0,0],"rotation":90,"texture":"#missing"},"down":{"uv":[0,1,0,0],"rotation":270,"texture":"#missing"}}}],"gui_light":"front","display":{"thirdperson_righthand":{"translation":[0,1.5,2],"scale":[0.55,0.55,0.55]},"thirdperson_lefthand":{"translation":[0,1.5,2],"scale":[0.55,0.55,0.55]},"firstperson_righthand":{"rotation":[9,-4,14],"translation":[11.25,-5,-8.75]},"firstperson_lefthand":{"rotation":[9,-4,14],"translation":[11.25,-5,-8.75]},"ground":{"translation":[0,0.25,0],"scale":[0.57,0.57,0.57]},"gui":{"rotation":[48,128,0],"translation":[1,0.5,0],"scale":[0.5,0.5,0.5]},"head":{"translation":[0,14,0]},"fixed":{"rotation":[-90,0,0],"translation":[0,0,-12.5],"scale":[1.62305,1.62305,1.62305]}}}