{"credit":"Made with Blockbench","texture_size":[128,128],"textures":{"0":"elitecreatures:loki_animated/loki_texture","1":"elitecreatures:loki_animated/loki_animation1","2":"elitecreatures:loki_animated/loki_animation2","3":"elitecreatures:loki_animated/loki_animation_3","particle":"elitecreatures:loki_animated/loki_texture"},"elements":[{"from":[7,-10,7],"to":[9,10,9],"rotation":{"angle":0,"axis":"y","origin":[8,4,8]},"faces":{"north":{"uv":[0.5,6.75,0.25,9.25],"texture":"#0"},"east":{"uv":[0.25,6.75,0,9.25],"texture":"#0"},"south":{"uv":[0.5,6.75,0.25,9.25],"texture":"#0"},"west":{"uv":[0.25,6.75,0,9.25],"texture":"#0"},"up":{"uv":[0.25,0,0,0.25],"texture":"#0"},"down":{"uv":[0.25,0,0,0.25],"texture":"#0"}}},{"from":[6.5,10,6.5],"to":[9.5,11.5,9.5],"rotation":{"angle":0,"axis":"y","origin":[8.5,11,8.5]},"faces":{"north":{"uv":[1.3125,0.4375,1.6875,0.625],"texture":"#0"},"east":{"uv":[1.3125,0.4375,1.6875,0.625],"texture":"#0"},"south":{"uv":[1.3125,0.4375,1.6875,0.625],"texture":"#0"},"west":{"uv":[1.3125,0.4375,1.6875,0.625],"texture":"#0"},"up":{"uv":[1.75,1,2.125,1.375],"texture":"#0"},"down":{"uv":[1.75,1,2.125,1.375],"texture":"#0"}}},{"from":[6.95,11.55,10.5],"to":[9.05,14.95,12.5],"rotation":{"angle":-45,"axis":"y","origin":[8,13.25,11.5]},"faces":{"north":{"uv":[1.6875,1.8125,1.95,1.375],"texture":"#0"},"east":{"uv":[1.95,1.8125,1.6875,1.375],"texture":"#0"},"south":{"uv":[1.6875,1.8125,1.95,1.375],"texture":"#0"},"west":{"uv":[0.75,1.5625,1,1.125],"texture":"#0"},"up":{"uv":[0.825,0.6875,0.5625,0.4375],"texture":"#0"},"down":{"uv":[1.2,0.6875,0.9375,0.4375],"texture":"#0"}}},{"from":[6.95,11.55,3.5],"to":[9.05,14.95,5.5],"rotation":{"angle":45,"axis":"y","origin":[8,13.25,4.5]},"faces":{"north":{"uv":[1.95,1.8125,1.6875,1.375],"texture":"#0"},"east":{"uv":[1.6875,1.8125,1.95,1.375],"texture":"#0"},"south":{"uv":[1.95,1.8125,1.6875,1.375],"texture":"#0"},"west":{"uv":[1,1.5625,0.75,1.125],"texture":"#0"},"up":{"uv":[0.825,0.4375,0.5625,0.6875],"texture":"#0"},"down":{"uv":[1.2,0.4375,0.9375,0.6875],"texture":"#0"}}},{"from":[8,-8,0.5],"to":[8,5,6.5],"rotation":{"angle":22.5,"axis":"x","origin":[8,-2,2.5]},"faces":{"north":{"uv":[0,0,0,24],"texture":"#missing"},"east":{"uv":[13.125,0,13.875,1.625],"texture":"#0"},"south":{"uv":[0,0,0,24],"texture":"#missing"},"west":{"uv":[13.875,0,13.125,1.625],"texture":"#0"},"up":{"uv":[0,12,0,0],"texture":"#missing"},"down":{"uv":[0,12,0,0],"texture":"#missing"}}},{"from":[6.5,11.5,4.5],"to":[9.5,15,11.5],"rotation":{"angle":0,"axis":"y","origin":[8,6.38858,8.0625]},"faces":{"north":{"uv":[1.6875,1.8125,2.0625,1.375],"texture":"#0"},"east":{"uv":[0.25,1.125,1.125,0.6875],"texture":"#0"},"south":{"uv":[1.6875,1.8125,2.0625,1.375],"texture":"#0"},"west":{"uv":[0.25,1.125,1.125,0.6875],"texture":"#0"},"up":{"uv":[0.375,2,0.75,1.125],"texture":"#0"},"down":{"uv":[0,2,0.375,1.125],"texture":"#0"}}},{"from":[5.5,12.5,6.25],"to":[10.5,16,9.75],"rotation":{"angle":-45,"axis":"x","origin":[6,14.25,8]},"faces":{"north":{"uv":[2.75,0,3.375,0.4375],"texture":"#0"},"east":{"uv":[3.8125,0,3.375,0.4375],"texture":"#0"},"south":{"uv":[2.125,0.4375,2.75,0],"texture":"#0"},"west":{"uv":[3.375,0,3.8125,0.4375],"texture":"#0"},"up":{"uv":[2.125,0,2.75,0.4375],"texture":"#0"},"down":{"uv":[2.75,0,3.375,0.4375],"texture":"#0"}}},{"from":[6.5,-15.5,6.25],"to":[9.5,-12,9.75],"rotation":{"angle":-45,"axis":"x","origin":[7,-13.75,8]},"faces":{"north":{"uv":[1.375,0.4375,1.75,0],"texture":"#0"},"east":{"uv":[1,0.4375,0.5625,0],"texture":"#0"},"south":{"uv":[1,0.4375,1.375,0],"texture":"#0"},"west":{"uv":[0.5625,0.4375,1,0],"texture":"#0"},"up":{"uv":[1,0,1.375,0.4375],"texture":"#0"},"down":{"uv":[1.375,0.4375,1.75,0],"texture":"#0"}}},{"from":[5,13,6.75],"to":[6,15.5,9.25],"rotation":{"angle":-45,"axis":"x","origin":[6,14.25,8]},"faces":{"north":{"uv":[2.1875,0.6875,2.3125,1],"texture":"#0"},"east":{"uv":[1.75,1,2.0625,0.6875],"texture":"#0"},"south":{"uv":[2.0625,0.6875,2.1875,1],"texture":"#0"},"west":{"uv":[1.75,1,2.0625,0.6875],"texture":"#0"},"up":{"uv":[2.0625,1,2.1875,0.6875],"texture":"#0"},"down":{"uv":[2.1875,0.6875,2.3125,1],"texture":"#0"}}},{"from":[10,13,6.75],"to":[11,15.5,9.25],"rotation":{"angle":-45,"axis":"x","origin":[10,14.25,8]},"faces":{"north":{"uv":[2.3125,0.6875,2.1875,1],"texture":"#0"},"east":{"uv":[2.0625,1,1.75,0.6875],"texture":"#0"},"south":{"uv":[2.1875,0.6875,2.0625,1],"texture":"#0"},"west":{"uv":[2.0625,1,1.75,0.6875],"texture":"#0"},"up":{"uv":[2.1875,1,2.0625,0.6875],"texture":"#0"},"down":{"uv":[2.3125,0.6875,2.1875,1],"texture":"#0"}}},{"from":[6.75,-13,6.75],"to":[9.25,-10,9.25],"rotation":{"angle":0,"axis":"y","origin":[8,-14,8]},"faces":{"north":{"uv":[0.25,0,0.5625,0.375],"texture":"#0"},"east":{"uv":[0.25,0,0.5625,0.375],"texture":"#0"},"south":{"uv":[0.25,0,0.5625,0.375],"texture":"#0"},"west":{"uv":[0.25,0,0.5625,0.375],"texture":"#0"},"up":{"uv":[0.25,0.375,0.5625,0.6875],"texture":"#0"},"down":{"uv":[0.25,0.375,0.5625,0.6875],"texture":"#0"}}},{"from":[6.75,4,6.75],"to":[9.25,7,9.25],"rotation":{"angle":0,"axis":"y","origin":[8,3,8]},"faces":{"north":{"uv":[0.25,0,0.5625,0.375],"texture":"#0"},"east":{"uv":[0.25,0,0.5625,0.375],"texture":"#0"},"south":{"uv":[0.25,0,0.5625,0.375],"texture":"#0"},"west":{"uv":[0.25,0,0.5625,0.375],"texture":"#0"},"up":{"uv":[0.25,0.375,0.5625,0.6875],"texture":"#0"},"down":{"uv":[0.25,0.375,0.5625,0.6875],"texture":"#0"}}},{"from":[11,10.5,4],"to":[11,18.5,12],"rotation":{"angle":0,"axis":"y","origin":[11,14.5,8]},"faces":{"north":{"uv":[0,0,0,16],"rotation":180,"texture":"#2"},"east":{"uv":[0,8,8,0],"rotation":90,"texture":"#2"},"south":{"uv":[0,16,0,0],"texture":"#2"},"west":{"uv":[8,8,0,0],"rotation":270,"texture":"#2"},"up":{"uv":[0,0,0,16],"rotation":180,"texture":"#2"},"down":{"uv":[0,0,0,16],"texture":"#2"}}},{"from":[11,10.5,4],"to":[11,18.5,12],"rotation":{"angle":22.5,"axis":"x","origin":[11,14.5,8]},"faces":{"north":{"uv":[0,0,0,16],"rotation":180,"texture":"#2"},"east":{"uv":[8,8,16,0],"rotation":90,"texture":"#2"},"south":{"uv":[0,16,0,0],"texture":"#2"},"west":{"uv":[16,8,8,0],"rotation":270,"texture":"#2"},"up":{"uv":[0,0,0,16],"rotation":180,"texture":"#2"},"down":{"uv":[0,0,0,16],"texture":"#2"}}},{"from":[11,10.5,4],"to":[11,18.5,12],"rotation":{"angle":45,"axis":"x","origin":[11,14.5,8]},"faces":{"north":{"uv":[0,0,0,16],"rotation":180,"texture":"#2"},"east":{"uv":[8,16,0,8],"rotation":90,"texture":"#2"},"south":{"uv":[0,16,0,0],"texture":"#2"},"west":{"uv":[0,16,8,8],"rotation":270,"texture":"#2"},"up":{"uv":[0,0,0,16],"rotation":180,"texture":"#2"},"down":{"uv":[0,0,0,16],"texture":"#2"}}},{"from":[11,10.5,4],"to":[11,18.5,12],"rotation":{"angle":-22.5,"axis":"x","origin":[11,14.5,8]},"faces":{"north":{"uv":[0,0,0,16],"rotation":180,"texture":"#2"},"east":{"uv":[16,16,8,8],"rotation":90,"texture":"#2"},"south":{"uv":[0,16,0,0],"texture":"#2"},"west":{"uv":[8,16,16,8],"rotation":270,"texture":"#2"},"up":{"uv":[0,0,0,16],"rotation":180,"texture":"#2"},"down":{"uv":[0,0,0,16],"texture":"#2"}}},{"from":[5,10.5,4],"to":[5,18.5,12],"rotation":{"angle":0,"axis":"y","origin":[5,14.5,8]},"faces":{"north":{"uv":[0,0,0,16],"rotation":180,"texture":"#2"},"east":{"uv":[8,0,0,8],"rotation":270,"texture":"#2"},"south":{"uv":[0,16,0,0],"texture":"#2"},"west":{"uv":[0,0,8,8],"rotation":90,"texture":"#2"},"up":{"uv":[0,0,0,16],"rotation":180,"texture":"#2"},"down":{"uv":[0,0,0,16],"texture":"#2"}}},{"from":[5,10.5,4],"to":[5,18.5,12],"rotation":{"angle":22.5,"axis":"x","origin":[5,14.5,8]},"faces":{"north":{"uv":[0,0,0,16],"rotation":180,"texture":"#2"},"east":{"uv":[16,0,8,8],"rotation":270,"texture":"#2"},"south":{"uv":[0,16,0,0],"texture":"#2"},"west":{"uv":[8,0,16,8],"rotation":90,"texture":"#2"},"up":{"uv":[0,0,0,16],"rotation":180,"texture":"#2"},"down":{"uv":[0,0,0,16],"texture":"#2"}}},{"from":[5,10.5,4],"to":[5,18.5,12],"rotation":{"angle":45,"axis":"x","origin":[5,14.5,8]},"faces":{"north":{"uv":[0,0,0,16],"rotation":180,"texture":"#2"},"east":{"uv":[0,8,8,16],"rotation":270,"texture":"#2"},"south":{"uv":[0,16,0,0],"texture":"#2"},"west":{"uv":[8,8,0,16],"rotation":90,"texture":"#2"},"up":{"uv":[0,0,0,16],"rotation":180,"texture":"#2"},"down":{"uv":[0,0,0,16],"texture":"#2"}}},{"from":[5,10.5,4],"to":[5,18.5,12],"rotation":{"angle":-22.5,"axis":"x","origin":[5,14.5,8]},"faces":{"north":{"uv":[0,0,0,16],"rotation":180,"texture":"#2"},"east":{"uv":[8,8,16,16],"rotation":270,"texture":"#2"},"south":{"uv":[0,16,0,0],"texture":"#2"},"west":{"uv":[16,8,8,16],"rotation":90,"texture":"#2"},"up":{"uv":[0,0,0,16],"rotation":180,"texture":"#2"},"down":{"uv":[0,0,0,16],"texture":"#2"}}},{"from":[8,3,-3],"to":[8,25,19],"rotation":{"angle":0,"axis":"y","origin":[8,14,8]},"faces":{"north":{"uv":[0,0,0,16],"texture":"#1"},"east":{"uv":[8,0,0,8],"texture":"#1"},"south":{"uv":[0,0,0,16],"texture":"#1"},"west":{"uv":[0,0,8,8],"texture":"#1"},"up":{"uv":[0,16,0,0],"texture":"#1"},"down":{"uv":[0,0,0,16],"texture":"#1"}}},{"from":[8,3,-3],"to":[8,25,19],"rotation":{"angle":22.5,"axis":"x","origin":[8,14,8]},"faces":{"north":{"uv":[0,0,0,16],"texture":"#1"},"east":{"uv":[16,0,8,8],"texture":"#1"},"south":{"uv":[0,0,0,16],"texture":"#1"},"west":{"uv":[8,0,16,8],"texture":"#1"},"up":{"uv":[0,16,0,0],"texture":"#1"},"down":{"uv":[0,0,0,16],"texture":"#1"}}},{"from":[8,3,-3],"to":[8,25,19],"rotation":{"angle":45,"axis":"x","origin":[8,14,8]},"faces":{"north":{"uv":[0,0,0,16],"texture":"#1"},"east":{"uv":[8,8,0,16],"texture":"#1"},"south":{"uv":[0,0,0,16],"texture":"#1"},"west":{"uv":[0,8,8,16],"texture":"#1"},"up":{"uv":[0,16,0,0],"texture":"#1"},"down":{"uv":[0,0,0,16],"texture":"#1"}}},{"from":[8,3,-3],"to":[8,25,19],"rotation":{"angle":-22.5,"axis":"x","origin":[8,14,8]},"faces":{"north":{"uv":[0,0,0,16],"rotation":180,"texture":"#1"},"east":{"uv":[16,8,8,16],"rotation":90,"texture":"#1"},"south":{"uv":[0,16,0,0],"texture":"#1"},"west":{"uv":[8,8,16,16],"rotation":90,"texture":"#1"},"up":{"uv":[0,0,0,16],"rotation":180,"texture":"#1"},"down":{"uv":[0,0,0,16],"texture":"#1"}}},{"from":[11.3,13,5],"to":[11.3,25,11],"rotation":{"angle":0,"axis":"y","origin":[16.8,13,0]},"faces":{"north":{"uv":[0,0,0,96],"texture":"#missing"},"east":{"uv":[6,0,0,12],"texture":"#3"},"south":{"uv":[0,0,0,96],"texture":"#missing"},"west":{"uv":[0,0,6,12],"texture":"#3"},"up":{"uv":[0,48,0,0],"texture":"#missing"},"down":{"uv":[0,0,0,48],"texture":"#missing"}}},{"from":[4.7,13,5],"to":[4.7,25,11],"rotation":{"angle":0,"axis":"y","origin":[-0.8,13,0]},"faces":{"north":{"uv":[0,0,0,96],"texture":"#missing"},"east":{"uv":[6,0,0,12],"texture":"#3"},"south":{"uv":[0,0,0,96],"texture":"#missing"},"west":{"uv":[0,0,6,12],"texture":"#3"},"up":{"uv":[0,48,0,0],"texture":"#missing"},"down":{"uv":[0,0,0,48],"texture":"#missing"}}},{"from":[10,10.3,4],"to":[10,18.3,12],"rotation":{"angle":0,"axis":"y","origin":[12,12.3,6]},"faces":{"north":{"uv":[0,0,0,1],"texture":"#missing"},"east":{"uv":[4.875,0,3.875,1],"texture":"#0"},"south":{"uv":[0,0,0,1],"texture":"#missing"},"west":{"uv":[3.875,0,4.875,1],"texture":"#0"},"up":{"uv":[0,0,0,1],"texture":"#missing"},"down":{"uv":[0,0,0,1],"texture":"#missing"}}},{"from":[6,10.3,4],"to":[6,18.3,12],"rotation":{"angle":0,"axis":"y","origin":[4,12.3,6]},"faces":{"north":{"uv":[0,0,0,1],"texture":"#missing"},"east":{"uv":[4.875,0,3.875,1],"texture":"#0"},"south":{"uv":[0,0,0,1],"texture":"#missing"},"west":{"uv":[3.875,0,4.875,1],"texture":"#0"},"up":{"uv":[0,0,0,1],"texture":"#missing"},"down":{"uv":[0,0,0,1],"texture":"#missing"}}},{"from":[7.8,8.51231,0.76231],"to":[8.2,12.01231,6.86231],"rotation":{"angle":-22.5,"axis":"x","origin":[8,10.91231,1.11231]},"faces":{"east":{"uv":[2.125,1.4375,2.875,1],"texture":"#0"},"west":{"uv":[2.125,1,2.875,1.4375],"texture":"#0"},"up":{"uv":[2.875,0.4375,2.9375,1.1875],"texture":"#0"},"down":{"uv":[2.875,0.4375,2.9375,1.1875],"texture":"#0"}}},{"from":[7.75,12,0.4],"to":[8.25,15,4.5],"rotation":{"angle":0,"axis":"y","origin":[8,15,1.5]},"faces":{"east":{"uv":[2.8125,0.4375,2.3125,0.8125],"texture":"#0"},"west":{"uv":[2.3125,0.4375,2.8125,0.8125],"texture":"#0"},"up":{"uv":[2.8125,0.4375,2.875,0.9375],"texture":"#0"},"down":{"uv":[2.8125,0.4375,2.875,0.9375],"texture":"#0"}}},{"from":[7.75,12,11.5],"to":[8.25,15,15.6],"rotation":{"angle":0,"axis":"y","origin":[8,15,14.5]},"faces":{"east":{"uv":[2.3125,0.4375,2.8125,0.8125],"texture":"#0"},"west":{"uv":[2.8125,0.4375,2.3125,0.8125],"texture":"#0"},"up":{"uv":[2.8125,0.9375,2.875,0.4375],"texture":"#0"},"down":{"uv":[2.8125,0.9375,2.875,0.4375],"texture":"#0"}}},{"from":[7.8,8.51231,9.13769],"to":[8.2,12.01231,15.23769],"rotation":{"angle":22.5,"axis":"x","origin":[8,10.91231,14.88769]},"faces":{"east":{"uv":[2.125,1,2.875,1.4375],"texture":"#0"},"west":{"uv":[2.875,1,2.125,1.4375],"texture":"#0"},"up":{"uv":[2.875,1.1875,2.9375,0.4375],"texture":"#0"},"down":{"uv":[2.875,1.1875,2.9375,0.4375],"texture":"#0"}}},{"from":[7.8,13.98769,0.76231],"to":[8.2,17.48769,6.86231],"rotation":{"angle":22.5,"axis":"x","origin":[8,15.08769,1.11231]},"faces":{"east":{"uv":[2.125,1,2.875,1.4375],"texture":"#0"},"west":{"uv":[2.125,1.4375,2.875,1],"texture":"#0"},"up":{"uv":[2.875,1.1875,2.9375,0.4375],"texture":"#0"},"down":{"uv":[2.875,1.1875,2.9375,0.4375],"texture":"#0"}}},{"from":[7.8,13.98769,9.13769],"to":[8.2,17.48769,15.23769],"rotation":{"angle":-22.5,"axis":"x","origin":[8,15.08769,14.88769]},"faces":{"east":{"uv":[2.125,1.4375,2.875,1],"texture":"#0"},"west":{"uv":[2.875,1.4375,2.125,1],"texture":"#0"},"up":{"uv":[2.875,0.4375,2.9375,1.1875],"texture":"#0"},"down":{"uv":[2.875,0.4375,2.9375,1.1875],"texture":"#0"}}},{"from":[4.5,9.4,-3],"to":[11.5,15.9,3.5],"rotation":{"angle":-45,"axis":"x","origin":[7.5,12.9,-0.25]},"faces":{"north":{"uv":[2.0625,6.5625,2.9375,7.375],"texture":"#0"},"east":{"uv":[1.3125,7.25,0.5,8.0625],"texture":"#0"},"south":{"uv":[2.9375,5.75,3.8125,6.5625],"texture":"#0"},"west":{"uv":[0.5,7.25,1.3125,8.0625],"texture":"#0"},"up":{"uv":[2.0625,5.75,2.9375,6.5625],"texture":"#0"},"down":{"uv":[3.8125,7.375,2.9375,6.5625],"texture":"#0"}}},{"from":[4,8.4,-0.5],"to":[12,17.9,2],"rotation":{"angle":0,"axis":"y","origin":[8,11.9,0.25]},"faces":{"north":{"uv":[0.75,5.75,1.75,6.9375],"texture":"#0"},"east":{"uv":[1.75,5.75,2.0625,6.9375],"texture":"#0"},"south":{"uv":[0.75,5.75,1.75,6.9375],"texture":"#0"},"west":{"uv":[1.75,5.75,2.0625,6.9375],"texture":"#0"},"up":{"uv":[0.75,6.9375,1.75,7.25],"texture":"#0"},"down":{"uv":[1.3125,7.375,2.3125,7.6875],"texture":"#0"}}},{"from":[4,8.4,14],"to":[12,17.9,16.5],"rotation":{"angle":0,"axis":"y","origin":[8,11.9,15.75]},"faces":{"north":{"uv":[1.75,5.75,0.75,6.9375],"texture":"#0"},"east":{"uv":[2.0625,5.75,1.75,6.9375],"texture":"#0"},"south":{"uv":[1.75,5.75,0.75,6.9375],"texture":"#0"},"west":{"uv":[2.0625,5.75,1.75,6.9375],"texture":"#0"},"up":{"uv":[0.75,7.25,1.75,6.9375],"texture":"#0"},"down":{"uv":[1.3125,7.6875,2.3125,7.375],"texture":"#0"}}},{"from":[4.5,9.4,12.5],"to":[11.5,15.9,19],"rotation":{"angle":45,"axis":"x","origin":[7.5,12.9,16.25]},"faces":{"north":{"uv":[3.8125,5.75,2.9375,6.5625],"texture":"#0"},"east":{"uv":[0.5,7.25,1.3125,8.0625],"texture":"#0"},"south":{"uv":[2.9375,6.5625,2.0625,7.375],"texture":"#0"},"west":{"uv":[1.3125,7.25,0.5,8.0625],"texture":"#0"},"up":{"uv":[2.0625,6.5625,2.9375,5.75],"texture":"#0"},"down":{"uv":[3.8125,6.5625,2.9375,7.375],"texture":"#0"}}}],"gui_light":"front","display":{"thirdperson_righthand":{"translation":[0,6,1.25],"scale":[0.6,0.6,0.6]},"thirdperson_lefthand":{"translation":[0,6,1.25],"scale":[0.6,0.6,0.6]},"firstperson_righthand":{"rotation":[0,16,0],"translation":[5.25,3.75,-5.5],"scale":[0.6,0.6,0.6]},"firstperson_lefthand":{"rotation":[0,16,0],"translation":[5.25,3.75,-5.5],"scale":[0.6,0.6,0.6]},"ground":{"rotation":[0,0,88],"translation":[-2,2.5,0.25],"scale":[0.45,0.45,0.45]},"gui":{"rotation":[-114,-135,-115],"translation":[-0.75,0.75,-1.5],"scale":[0.45,0.45,0.45]},"head":{"rotation":[90,-156,90],"translation":[-6.5,10.5,1.75],"scale":[0.6,0.6,0.6]},"fixed":{"rotation":[-90,-90,-90],"translation":[0,2.75,-1.75],"scale":[1.2,1.2,1.2]}}}