{"credit":"Made with Blockbench","texture_size":[128,128],"textures":{"0":"elitecreatures:loki_animated/loki_texture","2":"elitecreatures:loki_animated/loki_animation2","3":"elitecreatures:loki_animated/loki_animation_3","particle":"elitecreatures:loki_animated/loki_texture"},"elements":[{"from":[7,-10,7],"to":[9,10,9],"rotation":{"angle":0,"axis":"y","origin":[8,4,8]},"faces":{"north":{"uv":[0.5,6.75,0.25,9.25],"texture":"#0"},"east":{"uv":[0.25,6.75,0,9.25],"texture":"#0"},"south":{"uv":[0.5,6.75,0.25,9.25],"texture":"#0"},"west":{"uv":[0.25,6.75,0,9.25],"texture":"#0"},"up":{"uv":[0.25,0,0,0.25],"texture":"#0"},"down":{"uv":[0.25,0,0,0.25],"texture":"#0"}}},{"from":[6.5,10,6.5],"to":[9.5,11.5,9.5],"rotation":{"angle":0,"axis":"y","origin":[8.5,11,8.5]},"faces":{"north":{"uv":[1.3125,0.4375,1.6875,0.625],"texture":"#0"},"east":{"uv":[1.3125,0.4375,1.6875,0.625],"texture":"#0"},"south":{"uv":[1.3125,0.4375,1.6875,0.625],"texture":"#0"},"west":{"uv":[1.3125,0.4375,1.6875,0.625],"texture":"#0"},"up":{"uv":[1.75,1,2.125,1.375],"texture":"#0"},"down":{"uv":[1.75,1,2.125,1.375],"texture":"#0"}}},{"from":[6.95,11.55,10.5],"to":[9.05,14.95,12.5],"rotation":{"angle":-45,"axis":"y","origin":[8,13.25,11.5]},"faces":{"north":{"uv":[1.6875,1.8125,1.95,1.375],"texture":"#0"},"east":{"uv":[1.95,1.8125,1.6875,1.375],"texture":"#0"},"south":{"uv":[1.6875,1.8125,1.95,1.375],"texture":"#0"},"west":{"uv":[0.75,1.5625,1,1.125],"texture":"#0"},"up":{"uv":[0.825,0.6875,0.5625,0.4375],"texture":"#0"},"down":{"uv":[1.2,0.6875,0.9375,0.4375],"texture":"#0"}}},{"from":[6.95,11.55,3.5],"to":[9.05,14.95,5.5],"rotation":{"angle":45,"axis":"y","origin":[8,13.25,4.5]},"faces":{"north":{"uv":[1.95,1.8125,1.6875,1.375],"texture":"#0"},"east":{"uv":[1.6875,1.8125,1.95,1.375],"texture":"#0"},"south":{"uv":[1.95,1.8125,1.6875,1.375],"texture":"#0"},"west":{"uv":[1,1.5625,0.75,1.125],"texture":"#0"},"up":{"uv":[0.825,0.4375,0.5625,0.6875],"texture":"#0"},"down":{"uv":[1.2,0.4375,0.9375,0.6875],"texture":"#0"}}},{"from":[8,-8,0.5],"to":[8,5,6.5],"rotation":{"angle":22.5,"axis":"x","origin":[8,-2,2.5]},"faces":{"north":{"uv":[0,0,0,24],"texture":"#missing"},"east":{"uv":[13.125,0,13.875,1.625],"texture":"#0"},"south":{"uv":[0,0,0,24],"texture":"#missing"},"west":{"uv":[13.875,0,13.125,1.625],"texture":"#0"},"up":{"uv":[0,12,0,0],"texture":"#missing"},"down":{"uv":[0,12,0,0],"texture":"#missing"}}},{"from":[6.5,11.5,4.5],"to":[9.5,15,11.5],"rotation":{"angle":0,"axis":"y","origin":[8,6.38858,8.0625]},"faces":{"north":{"uv":[1.6875,1.8125,2.0625,1.375],"texture":"#0"},"east":{"uv":[0.25,1.125,1.125,0.6875],"texture":"#0"},"south":{"uv":[1.6875,1.8125,2.0625,1.375],"texture":"#0"},"west":{"uv":[0.25,1.125,1.125,0.6875],"texture":"#0"},"up":{"uv":[0.375,2,0.75,1.125],"texture":"#0"},"down":{"uv":[0,2,0.375,1.125],"texture":"#0"}}},{"from":[5.5,12.5,6.25],"to":[10.5,16,9.75],"rotation":{"angle":-45,"axis":"x","origin":[6,14.25,8]},"faces":{"north":{"uv":[2.75,0,3.375,0.4375],"texture":"#0"},"east":{"uv":[3.8125,0,3.375,0.4375],"texture":"#0"},"south":{"uv":[2.125,0.4375,2.75,0],"texture":"#0"},"west":{"uv":[3.375,0,3.8125,0.4375],"texture":"#0"},"up":{"uv":[2.125,0,2.75,0.4375],"texture":"#0"},"down":{"uv":[2.75,0,3.375,0.4375],"texture":"#0"}}},{"from":[6.5,-15.5,6.25],"to":[9.5,-12,9.75],"rotation":{"angle":-45,"axis":"x","origin":[7,-13.75,8]},"faces":{"north":{"uv":[1.375,0.4375,1.75,0],"texture":"#0"},"east":{"uv":[1,0.4375,0.5625,0],"texture":"#0"},"south":{"uv":[1,0.4375,1.375,0],"texture":"#0"},"west":{"uv":[0.5625,0.4375,1,0],"texture":"#0"},"up":{"uv":[1,0,1.375,0.4375],"texture":"#0"},"down":{"uv":[1.375,0.4375,1.75,0],"texture":"#0"}}},{"from":[5,13,6.75],"to":[6,15.5,9.25],"rotation":{"angle":-45,"axis":"x","origin":[6,14.25,8]},"faces":{"north":{"uv":[2.1875,0.6875,2.3125,1],"texture":"#0"},"east":{"uv":[1.75,1,2.0625,0.6875],"texture":"#0"},"south":{"uv":[2.0625,0.6875,2.1875,1],"texture":"#0"},"west":{"uv":[1.75,1,2.0625,0.6875],"texture":"#0"},"up":{"uv":[2.0625,1,2.1875,0.6875],"texture":"#0"},"down":{"uv":[2.1875,0.6875,2.3125,1],"texture":"#0"}}},{"from":[10,13,6.75],"to":[11,15.5,9.25],"rotation":{"angle":-45,"axis":"x","origin":[10,14.25,8]},"faces":{"north":{"uv":[2.3125,0.6875,2.1875,1],"texture":"#0"},"east":{"uv":[2.0625,1,1.75,0.6875],"texture":"#0"},"south":{"uv":[2.1875,0.6875,2.0625,1],"texture":"#0"},"west":{"uv":[2.0625,1,1.75,0.6875],"texture":"#0"},"up":{"uv":[2.1875,1,2.0625,0.6875],"texture":"#0"},"down":{"uv":[2.3125,0.6875,2.1875,1],"texture":"#0"}}},{"from":[6.75,-13,6.75],"to":[9.25,-10,9.25],"rotation":{"angle":0,"axis":"y","origin":[8,-14,8]},"faces":{"north":{"uv":[0.25,0,0.5625,0.375],"texture":"#0"},"east":{"uv":[0.25,0,0.5625,0.375],"texture":"#0"},"south":{"uv":[0.25,0,0.5625,0.375],"texture":"#0"},"west":{"uv":[0.25,0,0.5625,0.375],"texture":"#0"},"up":{"uv":[0.25,0.375,0.5625,0.6875],"texture":"#0"},"down":{"uv":[0.25,0.375,0.5625,0.6875],"texture":"#0"}}},{"from":[6.75,4,6.75],"to":[9.25,7,9.25],"rotation":{"angle":0,"axis":"y","origin":[8,3,8]},"faces":{"north":{"uv":[0.25,0,0.5625,0.375],"texture":"#0"},"east":{"uv":[0.25,0,0.5625,0.375],"texture":"#0"},"south":{"uv":[0.25,0,0.5625,0.375],"texture":"#0"},"west":{"uv":[0.25,0,0.5625,0.375],"texture":"#0"},"up":{"uv":[0.25,0.375,0.5625,0.6875],"texture":"#0"},"down":{"uv":[0.25,0.375,0.5625,0.6875],"texture":"#0"}}},{"from":[11.5,10.5,4],"to":[11.5,18.5,12],"rotation":{"angle":0,"axis":"y","origin":[11.5,14.5,8]},"faces":{"north":{"uv":[0,0,0,16],"rotation":180,"texture":"#2"},"east":{"uv":[0,8,8,0],"rotation":90,"texture":"#2"},"south":{"uv":[0,16,0,0],"texture":"#2"},"west":{"uv":[8,8,0,0],"rotation":270,"texture":"#2"},"up":{"uv":[0,0,0,16],"rotation":180,"texture":"#2"},"down":{"uv":[0,0,0,16],"texture":"#2"}}},{"from":[11.5,10.5,4],"to":[11.5,18.5,12],"rotation":{"angle":22.5,"axis":"x","origin":[11.5,14.5,8]},"faces":{"north":{"uv":[0,0,0,16],"rotation":180,"texture":"#2"},"east":{"uv":[8,8,16,0],"rotation":90,"texture":"#2"},"south":{"uv":[0,16,0,0],"texture":"#2"},"west":{"uv":[16,8,8,0],"rotation":270,"texture":"#2"},"up":{"uv":[0,0,0,16],"rotation":180,"texture":"#2"},"down":{"uv":[0,0,0,16],"texture":"#2"}}},{"from":[11.5,10.5,4],"to":[11.5,18.5,12],"rotation":{"angle":45,"axis":"x","origin":[11.5,14.5,8]},"faces":{"north":{"uv":[0,0,0,16],"rotation":180,"texture":"#2"},"east":{"uv":[8,16,0,8],"rotation":90,"texture":"#2"},"south":{"uv":[0,16,0,0],"texture":"#2"},"west":{"uv":[0,16,8,8],"rotation":270,"texture":"#2"},"up":{"uv":[0,0,0,16],"rotation":180,"texture":"#2"},"down":{"uv":[0,0,0,16],"texture":"#2"}}},{"from":[11.5,10.5,4],"to":[11.5,18.5,12],"rotation":{"angle":-22.5,"axis":"x","origin":[11.5,14.5,8]},"faces":{"north":{"uv":[0,0,0,16],"rotation":180,"texture":"#2"},"east":{"uv":[16,16,8,8],"rotation":90,"texture":"#2"},"south":{"uv":[0,16,0,0],"texture":"#2"},"west":{"uv":[8,16,16,8],"rotation":270,"texture":"#2"},"up":{"uv":[0,0,0,16],"rotation":180,"texture":"#2"},"down":{"uv":[0,0,0,16],"texture":"#2"}}},{"from":[11.7,13,5],"to":[11.7,25,11],"rotation":{"angle":0,"axis":"y","origin":[17.2,13,0]},"faces":{"north":{"uv":[0,0,0,96],"texture":"#missing"},"east":{"uv":[6,0,0,12],"texture":"#3"},"south":{"uv":[0,0,0,96],"texture":"#missing"},"west":{"uv":[0,0,6,12],"texture":"#3"},"up":{"uv":[0,48,0,0],"texture":"#missing"},"down":{"uv":[0,0,0,48],"texture":"#missing"}}},{"from":[10,10.3,4],"to":[10,18.3,12],"rotation":{"angle":0,"axis":"y","origin":[12,12.3,6]},"faces":{"north":{"uv":[0,0,0,1],"texture":"#missing"},"east":{"uv":[4.875,0,3.875,1],"texture":"#0"},"south":{"uv":[0,0,0,1],"texture":"#missing"},"west":{"uv":[3.875,0,4.875,1],"texture":"#0"},"up":{"uv":[0,0,0,1],"texture":"#missing"},"down":{"uv":[0,0,0,1],"texture":"#missing"}}},{"from":[6,10.3,4],"to":[6,18.3,12],"rotation":{"angle":0,"axis":"y","origin":[4,12.3,6]},"faces":{"north":{"uv":[0,0,0,1],"texture":"#missing"},"east":{"uv":[4.875,0,3.875,1],"texture":"#0"},"south":{"uv":[0,0,0,1],"texture":"#missing"},"west":{"uv":[3.875,0,4.875,1],"texture":"#0"},"up":{"uv":[0,0,0,1],"texture":"#missing"},"down":{"uv":[0,0,0,1],"texture":"#missing"}}},{"from":[7.25,15.5,4.5],"to":[8.75,17.5,11.5],"rotation":{"angle":0,"axis":"y","origin":[16,2.5,0]},"faces":{"north":{"uv":[1.9375,6.9375,1.75,7.1875],"texture":"#0"},"east":{"uv":[2.1875,7.9375,1.3125,8.1875],"texture":"#0"},"south":{"uv":[1.75,6.9375,1.9375,7.1875],"texture":"#0"},"west":{"uv":[2.1875,7.6875,1.3125,7.9375],"texture":"#0"},"up":{"uv":[2.0625,4.25,1.875,5.125],"texture":"#0"},"down":{"uv":[2.0625,4.25,1.875,5.125],"texture":"#0"}}},{"from":[3.7937,22.14716,10.25],"to":[7.7937,23.14716,11.25],"rotation":{"angle":-45,"axis":"z","origin":[6.67069,21.54851,10.7]},"faces":{"north":{"uv":[1.6875,5.25,2.1875,5.375],"rotation":180,"texture":"#0"},"east":{"uv":[1.875,5.25,2,5.125],"rotation":180,"texture":"#0"},"south":{"uv":[2.1875,5.25,1.6875,5.375],"rotation":180,"texture":"#0"},"west":{"uv":[1.875,5.25,2,5.125],"rotation":180,"texture":"#0"},"up":{"uv":[2.25,5.5625,2.75,5.4375],"rotation":180,"texture":"#0"},"down":{"uv":[2.25,5.4375,2.75,5.3125],"rotation":180,"texture":"#0"}}},{"from":[7.26327,17.5,10],"to":[8.76327,22,11.5],"rotation":{"angle":0,"axis":"y","origin":[6.67069,22.04851,10.6]},"faces":{"north":{"uv":[2.25,5.375,1.6875,5.5625],"rotation":90,"texture":"#0"},"east":{"uv":[2.8125,5.5625,2.25,5.75],"rotation":90,"texture":"#0"},"south":{"uv":[2.25,5.5625,1.6875,5.375],"rotation":90,"texture":"#0"},"west":{"uv":[2.25,5.5625,1.6875,5.75],"rotation":90,"texture":"#0"},"up":{"uv":[3,5.5625,2.8125,5.75],"rotation":270,"texture":"#0"},"down":{"uv":[3,5.5625,2.8125,5.75],"rotation":270,"texture":"#0"}}},{"from":[3.7937,22.14716,4.75],"to":[7.7937,23.14716,5.75],"rotation":{"angle":-45,"axis":"z","origin":[6.67069,21.54851,5.3]},"faces":{"north":{"uv":[1.6875,5.25,2.1875,5.375],"rotation":180,"texture":"#0"},"east":{"uv":[2,5.25,1.875,5.125],"rotation":180,"texture":"#0"},"south":{"uv":[2.1875,5.25,1.6875,5.375],"rotation":180,"texture":"#0"},"west":{"uv":[2,5.25,1.875,5.125],"rotation":180,"texture":"#0"},"up":{"uv":[2.25,5.4375,2.75,5.5625],"rotation":180,"texture":"#0"},"down":{"uv":[2.25,5.3125,2.75,5.4375],"rotation":180,"texture":"#0"}}},{"from":[7.26327,17.5,4.5],"to":[8.76327,22,6],"rotation":{"angle":0,"axis":"y","origin":[6.67069,22.04851,5.4]},"faces":{"north":{"uv":[2.25,5.375,1.6875,5.5625],"rotation":90,"texture":"#0"},"east":{"uv":[2.8125,5.75,2.25,5.5625],"rotation":90,"texture":"#0"},"south":{"uv":[1.6875,5.5625,2.25,5.375],"rotation":90,"texture":"#0"},"west":{"uv":[2.25,5.75,1.6875,5.5625],"rotation":90,"texture":"#0"},"up":{"uv":[2.8125,5.5625,3,5.75],"rotation":270,"texture":"#0"},"down":{"uv":[2.8125,5.5625,3,5.75],"rotation":270,"texture":"#0"}}},{"from":[3.7937,22.14716,7.5],"to":[7.7937,23.14716,8.5],"rotation":{"angle":-45,"axis":"z","origin":[6.67069,21.54851,8.1]},"faces":{"north":{"uv":[1.6875,5.25,2.1875,5.375],"rotation":180,"texture":"#0"},"east":{"uv":[2,5.25,1.875,5.125],"rotation":180,"texture":"#0"},"south":{"uv":[2.1875,5.25,1.6875,5.375],"rotation":180,"texture":"#0"},"west":{"uv":[2,5.25,1.875,5.125],"rotation":180,"texture":"#0"},"up":{"uv":[2.25,5.4375,2.75,5.5625],"rotation":180,"texture":"#0"},"down":{"uv":[2.25,5.3125,2.75,5.4375],"rotation":180,"texture":"#0"}}},{"from":[7.26327,17.5,7.25],"to":[8.76327,22,8.75],"rotation":{"angle":0,"axis":"y","origin":[6.67069,22.04851,8.2]},"faces":{"north":{"uv":[2.25,5.375,1.6875,5.5625],"rotation":90,"texture":"#0"},"east":{"uv":[2.8125,5.75,2.25,5.5625],"rotation":90,"texture":"#0"},"south":{"uv":[2.25,5.5625,1.6875,5.375],"rotation":90,"texture":"#0"},"west":{"uv":[2.25,5.75,1.6875,5.5625],"rotation":90,"texture":"#0"},"up":{"uv":[2.8125,5.5625,3,5.75],"rotation":270,"texture":"#0"},"down":{"uv":[2.8125,5.5625,3,5.75],"rotation":270,"texture":"#0"}}}],"gui_light":"front","display":{"thirdperson_righthand":{"translation":[0,4.25,1],"scale":[0.5,0.5,0.5]},"thirdperson_lefthand":{"rotation":[0,180,0],"translation":[0,5,1],"scale":[0.6,0.6,0.6]},"firstperson_righthand":{"rotation":[-24,-84,-10],"translation":[2.75,2.75,-0.75],"scale":[0.5,0.5,0.5]},"firstperson_lefthand":{"rotation":[-20,91,-2],"translation":[2.75,2.75,-0.75],"scale":[0.5,0.5,0.5]},"ground":{"rotation":[180,0,90],"translation":[-4.75,0.25,0],"scale":[0.5,0.5,0.5]},"gui":{"rotation":[39,135,-64],"translation":[-1.25,1,-1.25],"scale":[0.45,0.45,0.45]},"head":{"rotation":[90,-168,90],"translation":[-0.5,11.75,0],"scale":[0.56,0.56,0.56]},"fixed":{"rotation":[0,90,0],"translation":[0,4,-2.25],"scale":[1.07898,1.07898,1.07898]}}}