{"credit":"Made with Blockbench","texture_size":[128,128],"textures":{"0":"elitecreatures:loki_animated/loki_texture","1":"elitecreatures:loki_animated/loki_animation1","2":"elitecreatures:loki_animated/loki_animation2","3":"elitecreatures:loki_animated/loki_animation_3","particle":"elitecreatures:loki_animated/loki_texture"},"elements":[{"from":[4.8,0,-4.5],"to":[4.8,13,1.5],"rotation":{"angle":45,"axis":"y","origin":[4.8,6.5,-1.5]},"faces":{"north":{"uv":[0,0,0,24],"texture":"#missing"},"east":{"uv":[13.125,0,13.875,1.625],"texture":"#0"},"south":{"uv":[0,0,0,24],"texture":"#missing"},"west":{"uv":[13.875,0,13.125,1.625],"texture":"#0"},"up":{"uv":[0,12,0,0],"texture":"#missing"},"down":{"uv":[0,12,0,0],"texture":"#missing"}}},{"from":[4.8,0,14.5],"to":[4.8,13,20.5],"rotation":{"angle":-45,"axis":"y","origin":[4.8,6.5,17.5]},"faces":{"north":{"uv":[0,0,0,24],"texture":"#missing"},"east":{"uv":[13.875,0,13.125,1.625],"texture":"#0"},"south":{"uv":[0,0,0,24],"texture":"#missing"},"west":{"uv":[13.125,0,13.875,1.625],"texture":"#0"},"up":{"uv":[0,0,0,12],"texture":"#missing"},"down":{"uv":[0,0,0,12],"texture":"#missing"}}},{"from":[7.5,4.5,6.25],"to":[10.5,8,9.75],"rotation":{"angle":-45,"axis":"x","origin":[6,6.25,8]},"faces":{"north":{"uv":[2.75,0,3.125,0.4375],"texture":"#0"},"east":{"uv":[3.8125,0,3.375,0.4375],"texture":"#0"},"south":{"uv":[2.375,0.4375,2.75,0],"texture":"#0"},"west":{"uv":[3.375,0,3.8125,0.4375],"texture":"#0"},"up":{"uv":[2.375,0,2.75,0.4375],"texture":"#0"},"down":{"uv":[3,0,3.375,0.4375],"texture":"#0"}}},{"from":[8.5,-7.5,6.25],"to":[10.5,-4,9.75],"rotation":{"angle":-45,"axis":"x","origin":[8,-5.75,8]},"faces":{"north":{"uv":[1.375,0.4375,1.625,0],"texture":"#0"},"east":{"uv":[1,0.4375,0.5625,0],"texture":"#0"},"south":{"uv":[1.125,0.4375,1.375,0],"texture":"#0"},"west":{"uv":[0.5625,0.4375,1,0],"texture":"#0"},"up":{"uv":[1.125,0,1.375,0.4375],"texture":"#0"},"down":{"uv":[1.5,0.4375,1.75,0],"texture":"#0"}}},{"from":[7,5,6.75],"to":[8,7.5,9.25],"rotation":{"angle":-45,"axis":"x","origin":[8,6.25,8]},"faces":{"north":{"uv":[2.1875,0.6875,2.3125,1],"texture":"#0"},"east":{"uv":[1.75,1,2.0625,0.6875],"texture":"#0"},"south":{"uv":[2.0625,0.6875,2.1875,1],"texture":"#0"},"west":{"uv":[1.75,1,2.0625,0.6875],"texture":"#0"},"up":{"uv":[2.0625,1,2.1875,0.6875],"texture":"#0"},"down":{"uv":[2.1875,0.6875,2.3125,1],"texture":"#0"}}},{"from":[10,5,6.75],"to":[11,7.5,9.25],"rotation":{"angle":-45,"axis":"x","origin":[10,6.25,8]},"faces":{"north":{"uv":[2.3125,0.6875,2.1875,1],"texture":"#0"},"east":{"uv":[2.0625,1,1.75,0.6875],"texture":"#0"},"south":{"uv":[2.1875,0.6875,2.0625,1],"texture":"#0"},"west":{"uv":[2.0625,1,1.75,0.6875],"texture":"#0"},"up":{"uv":[2.1875,1,2.0625,0.6875],"texture":"#0"},"down":{"uv":[2.3125,0.6875,2.1875,1],"texture":"#0"}}},{"from":[11.1,2.5,4],"to":[11.1,10.5,12],"rotation":{"angle":0,"axis":"y","origin":[11.1,6.5,8]},"faces":{"north":{"uv":[0,0,0,16],"rotation":180,"texture":"#2"},"east":{"uv":[0,8,8,0],"rotation":90,"texture":"#2"},"south":{"uv":[0,16,0,0],"texture":"#2"},"west":{"uv":[8,8,0,0],"rotation":270,"texture":"#2"},"up":{"uv":[0,0,0,16],"rotation":180,"texture":"#2"},"down":{"uv":[0,0,0,16],"texture":"#2"}}},{"from":[11.1,2.5,4],"to":[11.1,10.5,12],"rotation":{"angle":22.5,"axis":"x","origin":[11.1,6.5,8]},"faces":{"north":{"uv":[0,0,0,16],"rotation":180,"texture":"#2"},"east":{"uv":[8,8,16,0],"rotation":90,"texture":"#2"},"south":{"uv":[0,16,0,0],"texture":"#2"},"west":{"uv":[16,8,8,0],"rotation":270,"texture":"#2"},"up":{"uv":[0,0,0,16],"rotation":180,"texture":"#2"},"down":{"uv":[0,0,0,16],"texture":"#2"}}},{"from":[11.1,2.5,4],"to":[11.1,10.5,12],"rotation":{"angle":45,"axis":"x","origin":[11.1,6.5,8]},"faces":{"north":{"uv":[0,0,0,16],"rotation":180,"texture":"#2"},"east":{"uv":[8,16,0,8],"rotation":90,"texture":"#2"},"south":{"uv":[0,16,0,0],"texture":"#2"},"west":{"uv":[0,16,8,8],"rotation":270,"texture":"#2"},"up":{"uv":[0,0,0,16],"rotation":180,"texture":"#2"},"down":{"uv":[0,0,0,16],"texture":"#2"}}},{"from":[11.1,2.5,4],"to":[11.1,10.5,12],"rotation":{"angle":-22.5,"axis":"x","origin":[11.1,6.5,8]},"faces":{"north":{"uv":[0,0,0,16],"rotation":180,"texture":"#2"},"east":{"uv":[16,16,8,8],"rotation":90,"texture":"#2"},"south":{"uv":[0,16,0,0],"texture":"#2"},"west":{"uv":[8,16,16,8],"rotation":270,"texture":"#2"},"up":{"uv":[0,0,0,16],"rotation":180,"texture":"#2"},"down":{"uv":[0,0,0,16],"texture":"#2"}}},{"from":[10,-4.5,-3],"to":[10,17.5,19],"rotation":{"angle":0,"axis":"y","origin":[10,6.5,8]},"faces":{"north":{"uv":[0,0,0,16],"texture":"#1"},"east":{"uv":[8,0,0,8],"texture":"#1"},"south":{"uv":[0,0,0,16],"texture":"#1"},"west":{"uv":[0,0,8,8],"texture":"#1"},"up":{"uv":[0,16,0,0],"texture":"#1"},"down":{"uv":[0,0,0,16],"texture":"#1"}}},{"from":[10,-4.5,-3],"to":[10,17.5,19],"rotation":{"angle":22.5,"axis":"x","origin":[10,6.5,8]},"faces":{"north":{"uv":[0,0,0,16],"texture":"#1"},"east":{"uv":[16,0,8,8],"texture":"#1"},"south":{"uv":[0,0,0,16],"texture":"#1"},"west":{"uv":[8,0,16,8],"texture":"#1"},"up":{"uv":[0,16,0,0],"texture":"#1"},"down":{"uv":[0,0,0,16],"texture":"#1"}}},{"from":[10,-4.5,-3],"to":[10,17.5,19],"rotation":{"angle":45,"axis":"x","origin":[10,6.5,8]},"faces":{"north":{"uv":[0,0,0,16],"texture":"#1"},"east":{"uv":[8,8,0,16],"texture":"#1"},"south":{"uv":[0,0,0,16],"texture":"#1"},"west":{"uv":[0,8,8,16],"texture":"#1"},"up":{"uv":[0,16,0,0],"texture":"#1"},"down":{"uv":[0,0,0,16],"texture":"#1"}}},{"from":[10,-4.5,-3],"to":[10,17.5,19],"rotation":{"angle":-22.5,"axis":"x","origin":[10,6.5,8]},"faces":{"north":{"uv":[0,0,0,16],"rotation":180,"texture":"#1"},"east":{"uv":[16,8,8,16],"rotation":90,"texture":"#1"},"south":{"uv":[0,16,0,0],"texture":"#1"},"west":{"uv":[8,8,16,16],"rotation":90,"texture":"#1"},"up":{"uv":[0,0,0,16],"rotation":180,"texture":"#1"},"down":{"uv":[0,0,0,16],"texture":"#1"}}},{"from":[11.2,5.5,5],"to":[11.2,17.5,11],"rotation":{"angle":0,"axis":"y","origin":[16.7,5.5,0]},"faces":{"north":{"uv":[0,0,0,96],"texture":"#missing"},"east":{"uv":[6,0,0,12],"texture":"#3"},"south":{"uv":[0,0,0,96],"texture":"#missing"},"west":{"uv":[0,0,6,12],"texture":"#3"},"up":{"uv":[0,48,0,0],"texture":"#missing"},"down":{"uv":[0,0,0,48],"texture":"#missing"}}},{"from":[10,2.3,4],"to":[10,10.3,12],"rotation":{"angle":0,"axis":"y","origin":[8,4.3,6]},"faces":{"north":{"uv":[0,0,0,1],"texture":"#missing"},"east":{"uv":[4.875,0,3.875,1],"texture":"#0"},"south":{"uv":[0,0,0,1],"texture":"#missing"},"west":{"uv":[3.875,0,4.875,1],"texture":"#0"},"up":{"uv":[0,0,0,1],"texture":"#missing"},"down":{"uv":[0,0,0,1],"texture":"#missing"}}},{"from":[9,-1,-1],"to":[10,13,8],"rotation":{"angle":22.5,"axis":"y","origin":[10,3,8]},"faces":{"north":{"uv":[1.3125,11,1.4375,9.25],"texture":"#0"},"east":{"uv":[0.1875,11,1.3125,9.25],"texture":"#0"},"south":{"uv":[1.3125,11,1.4375,9.25],"texture":"#0"},"west":{"uv":[1.3125,11,0.1875,9.25],"texture":"#0"},"up":{"uv":[0.625,8.0625,0.5,9.1875],"texture":"#0"},"down":{"uv":[0.625,8.0625,0.5,9.1875],"texture":"#0"}}},{"from":[9,-1,8],"to":[10,13,17],"rotation":{"angle":-22.5,"axis":"y","origin":[10,3,8]},"faces":{"north":{"uv":[1.4375,11,1.3125,9.25],"texture":"#0"},"east":{"uv":[1.3125,11,0.1875,9.25],"texture":"#0"},"south":{"uv":[1.4375,11,1.3125,9.25],"texture":"#0"},"west":{"uv":[0.1875,11,1.3125,9.25],"texture":"#0"},"up":{"uv":[0.625,9.1875,0.5,8.0625],"texture":"#0"},"down":{"uv":[0.625,9.1875,0.5,8.0625],"texture":"#0"}}},{"from":[10,13,8],"to":[10,17,17],"rotation":{"angle":-22.5,"axis":"y","origin":[10,4,8]},"faces":{"north":{"uv":[0.625,7.75,0.5,10.375],"texture":"#missing"},"east":{"uv":[2.875,8.625,1.75,9.125],"texture":"#0"},"south":{"uv":[0.625,7.75,0.5,10.375],"texture":"#missing"},"west":{"uv":[1.75,8.625,2.875,9.125],"texture":"#0"},"up":{"uv":[0.75,7.625,0.625,8],"texture":"#missing"},"down":{"uv":[0.75,7.625,0.625,8],"texture":"#missing"}}},{"from":[10,13,-1],"to":[10,17,8],"rotation":{"angle":22.5,"axis":"y","origin":[10,4,8]},"faces":{"north":{"uv":[0.5,7.75,0.625,10.375],"texture":"#missing"},"east":{"uv":[1.75,8.625,2.875,9.125],"texture":"#0"},"south":{"uv":[0.5,7.75,0.625,10.375],"texture":"#missing"},"west":{"uv":[2.875,8.625,1.75,9.125],"texture":"#0"},"up":{"uv":[0.75,8,0.625,7.625],"texture":"#missing"},"down":{"uv":[0.75,8,0.625,7.625],"texture":"#missing"}}},{"from":[10,-7,8],"to":[10,-1,17],"rotation":{"angle":-22.5,"axis":"y","origin":[10,8,8]},"faces":{"north":{"uv":[0.625,10.375,0.5,7.75],"texture":"#missing"},"east":{"uv":[1.75,9.25,0.625,8.5],"texture":"#0"},"south":{"uv":[0.625,10.375,0.5,7.75],"texture":"#missing"},"west":{"uv":[0.625,9.25,1.75,8.5],"texture":"#0"},"up":{"uv":[0.75,8,0.625,7.625],"texture":"#missing"},"down":{"uv":[0.75,8,0.625,7.625],"texture":"#missing"}}},{"from":[10,-7,-1],"to":[10,-1,8],"rotation":{"angle":22.5,"axis":"y","origin":[10,8,8]},"faces":{"north":{"uv":[0.5,10.375,0.625,7.75],"texture":"#missing"},"east":{"uv":[0.625,9.25,1.75,8.5],"texture":"#0"},"south":{"uv":[0.5,10.375,0.625,7.75],"texture":"#missing"},"west":{"uv":[1.75,9.25,0.625,8.5],"texture":"#0"},"up":{"uv":[0.75,7.625,0.625,8],"texture":"#missing"},"down":{"uv":[0.75,7.625,0.625,8],"texture":"#missing"}}},{"from":[2.5,1.5,7],"to":[4.5,10.5,9],"rotation":{"angle":0,"axis":"y","origin":[3.5,4.5,8]},"faces":{"north":{"uv":[1.6875,1.375,1.4375,2.5],"texture":"#0"},"east":{"uv":[0.25,0,0,1.125],"texture":"#0"},"south":{"uv":[1.6875,1.375,1.4375,2.5],"texture":"#0"},"west":{"uv":[0.25,0,0,1.125],"texture":"#0"},"up":{"uv":[0.25,0,0,0.25],"texture":"#0"},"down":{"uv":[0.25,0,0,0.25],"texture":"#0"}}},{"from":[2.5,10.8,7],"to":[9.5,12.8,9],"rotation":{"angle":0,"axis":"y","origin":[3.5,11.8,8]},"faces":{"north":{"uv":[1.6875,2.25,1.4375,1.375],"rotation":90,"texture":"#0"},"east":{"uv":[0.25,0.25,0,0],"rotation":270,"texture":"#0"},"south":{"uv":[1.6875,2.25,1.4375,1.375],"rotation":270,"texture":"#0"},"west":{"uv":[0.25,0.25,0,0],"rotation":270,"texture":"#0"},"up":{"uv":[0.25,0.875,0,0],"rotation":270,"texture":"#0"},"down":{"uv":[0.25,0.875,0,0],"rotation":270,"texture":"#0"}}},{"from":[2.25,-0.5,6.75],"to":[4.75,2.5,9.25],"rotation":{"angle":0,"axis":"y","origin":[3.5,-1.5,8]},"faces":{"north":{"uv":[0.25,0,0.5625,0.375],"texture":"#0"},"east":{"uv":[0.25,0,0.5625,0.375],"texture":"#0"},"south":{"uv":[0.25,0,0.5625,0.375],"texture":"#0"},"west":{"uv":[0.25,0,0.5625,0.375],"texture":"#0"},"up":{"uv":[0.25,0.375,0.5625,0.6875],"texture":"#0"},"down":{"uv":[0.25,0.375,0.5625,0.6875],"texture":"#0"}}},{"from":[2.25,10.5,6.75],"to":[4.75,13.5,9.25],"rotation":{"angle":0,"axis":"y","origin":[3.5,9.5,8]},"faces":{"north":{"uv":[0.25,0,0.5625,0.375],"texture":"#0"},"east":{"uv":[0.25,0,0.5625,0.375],"texture":"#0"},"south":{"uv":[0.25,0,0.5625,0.375],"texture":"#0"},"west":{"uv":[0.25,0,0.5625,0.375],"texture":"#0"},"up":{"uv":[0.25,0.375,0.5625,0.6875],"texture":"#0"},"down":{"uv":[0.25,0.375,0.5625,0.6875],"texture":"#0"}}},{"from":[2,-3,6.25],"to":[5,0.5,9.75],"rotation":{"angle":-45,"axis":"x","origin":[2.5,-1.25,8]},"faces":{"north":{"uv":[1.375,0.4375,1.75,0],"texture":"#0"},"east":{"uv":[1,0.4375,0.5625,0],"texture":"#0"},"south":{"uv":[1,0.4375,1.375,0],"texture":"#0"},"west":{"uv":[0.5625,0.4375,1,0],"texture":"#0"},"up":{"uv":[1,0,1.375,0.4375],"texture":"#0"},"down":{"uv":[1.375,0.4375,1.75,0],"texture":"#0"}}}],"gui_light":"front","display":{"thirdperson_righthand":{"translation":[4,-1.5,1.25],"scale":[0.7,0.7,0.7]},"thirdperson_lefthand":{"rotation":[0,180,0],"translation":[4,-1.75,1.25],"scale":[0.7,0.7,0.7]},"firstperson_righthand":{"rotation":[10,72,0],"translation":[-0.25,2,0.75],"scale":[0.6,0.6,0.6]},"firstperson_lefthand":{"rotation":[10,-90,0],"translation":[-0.5,2,0.75],"scale":[0.6,0.6,0.6]},"ground":{"rotation":[0,0,69],"translation":[0,3.25,0],"scale":[0.6,0.6,0.6]},"gui":{"rotation":[7,-123,12],"translation":[-0.5,1.75,-1.5],"scale":[0.6,0.6,0.6]},"head":{"rotation":[90,55,-90],"translation":[2.25,15.5,1.75],"scale":[0.6,0.6,0.6]},"fixed":{"rotation":[0,90,0],"translation":[0,4.25,-6.25],"scale":[1.6,1.6,1.6]}}}