{"credit":"Pologony Creation Co.,Ltd.","textures":{"2":"little_unicorn_set:bow","3":"little_unicorn_set:unicorn","particle":"little_unicorn_set:bow"},"elements":[{"from":[6.6,16.75,7],"to":[6.6,19.25,9.5],"rotation":{"angle":22.5,"axis":"x","origin":[6.6,18,8.25]},"faces":{"west":{"uv":[5.25,0,5.875,0.625],"texture":"#2"}}},{"from":[9.4,16.75,7],"to":[9.4,19.25,9.5],"rotation":{"angle":22.5,"axis":"x","origin":[9.4,18,8.25]},"faces":{"east":{"uv":[5.875,0,5.25,0.625],"texture":"#2"}}},{"from":[9.4,-2.25,7],"to":[9.4,0.25,9.5],"rotation":{"angle":-22.5,"axis":"x","origin":[9.4,-1,8.25]},"faces":{"east":{"uv":[5.875,0,5.25,0.625],"texture":"#2"}}},{"from":[6.6,-2.25,7],"to":[6.6,0.25,9.5],"rotation":{"angle":-22.5,"axis":"x","origin":[6.6,-1,8.25]},"faces":{"west":{"uv":[5.25,0,5.875,0.625],"texture":"#2"}}},{"from":[7.5,5.5,7.5],"to":[8.5,10.5,8.5],"rotation":{"angle":45,"axis":"y","origin":[8,7,8]},"faces":{"north":{"uv":[3,5.25,3.25,6.5],"texture":"#2"},"east":{"uv":[5.25,3,5.5,4.25],"texture":"#2"},"south":{"uv":[3.5,5.25,3.75,6.5],"texture":"#2"},"west":{"uv":[4,5.25,4.25,6.5],"texture":"#2"},"up":{"uv":[2.75,7.25,2.5,7],"texture":"#2"},"down":{"uv":[7.5,3.5,7.25,3.75],"texture":"#2"}}},{"from":[7,10.5,7],"to":[9,11.5,9],"rotation":{"angle":0,"axis":"y","origin":[7,10.5,7]},"faces":{"north":{"uv":[9,3,9.5,3.25],"texture":"#2"},"east":{"uv":[5.25,9,5.75,9.25],"texture":"#2"},"south":{"uv":[9,5.75,9.5,6],"texture":"#2"},"west":{"uv":[9,6.25,9.5,6.5],"texture":"#2"},"up":{"uv":[7,3.75,6.5,3.25],"texture":"#2"},"down":{"uv":[3.5,6.75,3,7.25],"texture":"#2"}}},{"from":[7,4.5,7],"to":[9,5.5,9],"rotation":{"angle":0,"axis":"y","origin":[7,5.5,7]},"faces":{"north":{"uv":[3.5,9.75,4,10],"texture":"#2"},"east":{"uv":[9.75,3.5,10.25,3.75],"texture":"#2"},"south":{"uv":[9.75,4,10.25,4.25],"texture":"#2"},"west":{"uv":[4.25,9.75,4.75,10],"texture":"#2"},"up":{"uv":[7.75,0.5,7.25,0],"texture":"#2"},"down":{"uv":[7.75,0.75,7.25,1.25],"texture":"#2"}}},{"from":[7.1,10.6,8.1],"to":[8.9,12.9,10.4],"rotation":{"angle":-45,"axis":"x","origin":[7,10.5,8]},"faces":{"north":{"uv":[4.5,5.25,5,5.875],"texture":"#2"},"east":{"uv":[1,5.25,1.625,5.875],"texture":"#2"},"south":{"uv":[5.25,4.5,5.75,5.125],"texture":"#2"},"west":{"uv":[5.25,1,5.875,1.625],"texture":"#2"},"up":{"uv":[5.75,6.125,5.25,5.5],"texture":"#2"},"down":{"uv":[6.25,3,5.75,3.625],"texture":"#2"}}},{"from":[6.85,10.85,8.35],"to":[9.15,12.65,10.15],"rotation":{"angle":-45,"axis":"x","origin":[7,10.5,8]},"faces":{"north":{"uv":[6,4,6.625,4.5],"texture":"#2"},"east":{"uv":[3.75,6.75,4.25,7.25],"texture":"#2"},"south":{"uv":[6,4.75,6.625,5.25],"texture":"#2"},"west":{"uv":[6.75,6.25,7.25,6.75],"texture":"#2"},"up":{"uv":[6.625,6,6,5.5],"texture":"#2"},"down":{"uv":[6.875,0,6.25,0.5],"texture":"#2"}}},{"from":[7.25,12.01537,5.84776],"to":[8.75,13.51537,7.09776],"rotation":{"angle":22.5,"axis":"x","origin":[7.25,12.01537,7.09776]},"faces":{"north":{"uv":[8.5,3.5,8.875,3.875],"texture":"#2"},"east":{"uv":[8.5,4.25,8.875,4.625],"texture":"#2"},"west":{"uv":[8.5,5,8.875,5.375],"texture":"#2"},"up":{"uv":[6.625,8.875,6.25,8.5],"texture":"#2"},"down":{"uv":[7.375,8.5,7,8.875],"texture":"#2"}}},{"from":[7.2535,11.25,4.75],"to":[8.7465,12.425,7.25],"rotation":{"angle":-22.5,"axis":"x","origin":[7.2535,11.25,5.25]},"faces":{"north":{"uv":[9.75,4.5,10.125,4.75],"texture":"#2"},"east":{"uv":[8,3,8.625,3.25],"texture":"#2"},"west":{"uv":[8.25,8,8.875,8.25],"texture":"#2"},"up":{"uv":[7.625,2.125,7.25,1.5],"texture":"#2"},"down":{"uv":[7.625,2.5,7.25,3.125],"texture":"#2"}}},{"from":[7.5,11.73214,4.85797],"to":[8.5,13.73214,5.85797],"rotation":{"angle":-45,"axis":"x","origin":[7.5,12.23214,6.00797]},"faces":{"north":{"uv":[4,7.5,4.25,8],"texture":"#2"},"east":{"uv":[9,6.75,9.25,7.25],"texture":"#2"},"south":{"uv":[9.25,3.5,9.5,4],"texture":"#2"},"west":{"uv":[9.25,4.25,9.5,4.75],"texture":"#2"},"up":{"uv":[8,6,7.75,5.75],"texture":"#2"},"down":{"uv":[2.25,8.5,2,8.75],"texture":"#2"}}},{"from":[7.3785,12.39418,3.95236],"to":[8.6215,13.89418,5.20236],"rotation":{"angle":22.5,"axis":"x","origin":[7.6285,12.04418,5.57736]},"faces":{"north":{"uv":[9.75,5.5,10,5.875],"texture":"#2"},"east":{"uv":[8.5,9.75,8.75,10.125],"texture":"#2"},"south":{"uv":[9.75,9.5,10,9.875],"texture":"#2"},"west":{"uv":[10,2,10.25,2.375],"texture":"#2"},"down":{"uv":[7.5,10,7.25,10.25],"texture":"#2"}}},{"from":[7.2535,13.89418,3.82736],"to":[8.7465,15.89418,5.32736],"rotation":{"angle":22.5,"axis":"x","origin":[7.5035,12.04418,5.57736]},"faces":{"north":{"uv":[2.5,7.5,2.875,8],"texture":"#2"},"east":{"uv":[3.25,7.5,3.625,8],"texture":"#2"},"south":{"uv":[5.25,7.5,5.625,8],"texture":"#2"},"west":{"uv":[7.5,6.25,7.875,6.75],"texture":"#2"},"up":{"uv":[8.125,8.875,7.75,8.5],"texture":"#2"},"down":{"uv":[8.875,8.5,8.5,8.875],"texture":"#2"}}},{"from":[7.2585,15.44759,5.92134],"to":[8.7415,17.44759,7.30684],"rotation":{"angle":45,"axis":"x","origin":[8.005,16.44759,6.67134]},"faces":{"north":{"uv":[7.75,4.25,8.125,4.75],"texture":"#2"},"east":{"uv":[7.75,5,8.125,5.5],"texture":"#2"},"south":{"uv":[6.75,7.75,7.125,8.25],"texture":"#2"},"west":{"uv":[7.5,7.75,7.875,8.25],"texture":"#2"}}},{"from":[7.2535,15.85944,7.21125],"to":[8.7465,17.35944,9.21125],"rotation":{"angle":-22.5,"axis":"x","origin":[8,16.60944,6.21125]},"faces":{"north":{"uv":[8.75,0,9.125,0.375],"texture":"#2"},"east":{"uv":[7.5,7,8,7.375],"texture":"#2"},"south":{"uv":[8.75,0.75,9.125,1.125],"texture":"#2"},"west":{"uv":[1,7.75,1.5,8.125],"texture":"#2"},"up":{"uv":[2.125,8.25,1.75,7.75],"texture":"#2"},"down":{"uv":[8.125,3.5,7.75,4],"texture":"#2"}}},{"from":[7.625,12.32026,5.21251],"to":[8.375,13.07026,7.21251],"rotation":{"angle":-22.5,"axis":"x","origin":[7.625,12.32026,5.36251]},"faces":{"east":{"uv":[9,7.5,9.5,7.75],"texture":"#2"},"west":{"uv":[9.25,5,9.75,5.25],"texture":"#2"},"up":{"uv":[6.25,9.75,6,9.25],"texture":"#2"}}},{"from":[7.5,17.5,8.54289],"to":[8.5,19.5,10.54289],"rotation":{"angle":45,"axis":"x","origin":[7.5,18,9.04289]},"faces":{"north":{"uv":[6.5,9.25,6.75,9.75],"texture":"#2"},"east":{"uv":[1,7,1.5,7.5],"texture":"#2"},"south":{"uv":[7,9.25,7.25,9.75],"texture":"#2"},"west":{"uv":[1.75,7,2.25,7.5],"texture":"#2"},"up":{"uv":[7.75,9.75,7.5,9.25],"texture":"#2"},"down":{"uv":[8.25,9.25,8,9.75],"texture":"#2"}}},{"from":[7,18,9.04289],"to":[9,19,10.04289],"rotation":{"angle":45,"axis":"x","origin":[7.5,18,9.04289]},"faces":{"north":{"uv":[9.25,8,9.75,8.25],"texture":"#2"},"east":{"uv":[10,5,10.25,5.25],"texture":"#2"},"south":{"uv":[8.5,9.25,9,9.5],"texture":"#2"},"west":{"uv":[10,7,10.25,7.25],"texture":"#2"},"up":{"uv":[9.75,8.75,9.25,8.5],"texture":"#2"},"down":{"uv":[9.75,9,9.25,9.25],"texture":"#2"}}},{"from":[7.1,3.1,8.1],"to":[8.9,5.4,10.4],"rotation":{"angle":45,"axis":"x","origin":[7,5.5,8]},"faces":{"north":{"uv":[4.5,6.25,5,6.875],"texture":"#2"},"east":{"uv":[2,5.25,2.625,5.875],"texture":"#2"},"south":{"uv":[6,6.25,6.5,6.875],"texture":"#2"},"west":{"uv":[5.25,2,5.875,2.625],"texture":"#2"},"up":{"uv":[7,2.875,6.5,2.25],"texture":"#2"},"down":{"uv":[5.75,6.5,5.25,7.125],"texture":"#2"}}},{"from":[6.85,3.35,8.35],"to":[9.15,5.15,10.15],"rotation":{"angle":45,"axis":"x","origin":[7,5.5,8]},"faces":{"north":{"uv":[6.25,0.75,6.875,1.25],"texture":"#2"},"east":{"uv":[7,5.5,7.5,6],"texture":"#2"},"south":{"uv":[1,6.25,1.625,6.75],"texture":"#2"},"west":{"uv":[6.75,7,7.25,7.5],"texture":"#2"},"up":{"uv":[6.875,2,6.25,1.5],"texture":"#2"},"down":{"uv":[2.625,6.25,2,6.75],"texture":"#2"}}},{"from":[7.25,2.48463,5.84776],"to":[8.75,3.98463,7.09776],"rotation":{"angle":-22.5,"axis":"x","origin":[7.25,3.98463,7.09776]},"faces":{"north":{"uv":[1.5,9,1.875,9.375],"texture":"#2"},"east":{"uv":[2.25,9,2.625,9.375],"texture":"#2"},"west":{"uv":[3,9,3.375,9.375],"texture":"#2"},"up":{"uv":[4.125,9.375,3.75,9],"texture":"#2"},"down":{"uv":[4.875,9,4.5,9.375],"texture":"#2"}}},{"from":[7.2535,3.575,4.75],"to":[8.7465,4.75,7.25],"rotation":{"angle":22.5,"axis":"x","origin":[7.2535,4.75,5.25]},"faces":{"north":{"uv":[9.75,7.5,10.125,7.75],"texture":"#2"},"east":{"uv":[0,8.5,0.625,8.75],"texture":"#2"},"west":{"uv":[1,8.5,1.625,8.75],"texture":"#2"},"up":{"uv":[4.875,7.875,4.5,7.25],"texture":"#2"},"down":{"uv":[6.375,7.25,6,7.875],"texture":"#2"}}},{"from":[7.5,2.26786,4.85797],"to":[8.5,4.26786,5.85797],"rotation":{"angle":45,"axis":"x","origin":[7.5,3.76786,6.00797]},"faces":{"north":{"uv":[2,9.75,2.25,10.25],"texture":"#2"},"east":{"uv":[2.5,9.75,2.75,10.25],"texture":"#2"},"south":{"uv":[9.75,2.75,10,3.25],"texture":"#2"},"west":{"uv":[3,9.75,3.25,10.25],"texture":"#2"},"up":{"uv":[10.25,9.25,10,9],"texture":"#2"},"down":{"uv":[0.25,10.25,0,10.5],"texture":"#2"}}},{"from":[7.625,2.92974,5.21251],"to":[8.375,3.67974,7.21251],"rotation":{"angle":22.5,"axis":"x","origin":[7.625,3.67974,5.36251]},"faces":{"east":{"uv":[0,9.75,0.5,10],"texture":"#2"},"west":{"uv":[0.75,9.75,1.25,10],"texture":"#2"},"down":{"uv":[1.75,9.75,1.5,10.25],"texture":"#2"}}},{"from":[7.5,-3.5,8.54289],"to":[8.5,-1.5,10.54289],"rotation":{"angle":-45,"axis":"x","origin":[7.5,-2,9.04289]},"faces":{"north":{"uv":[9.5,2,9.75,2.5],"texture":"#2"},"east":{"uv":[7,4,7.5,4.5],"texture":"#2"},"south":{"uv":[5.25,9.5,5.5,10],"texture":"#2"},"west":{"uv":[7,4.75,7.5,5.25],"texture":"#2"},"up":{"uv":[9.75,7.25,9.5,6.75],"texture":"#2"},"down":{"uv":[9.5,9.5,9.25,10],"texture":"#2"}}},{"from":[7.2535,0.10582,3.82736],"to":[8.7465,2.10582,5.32736],"rotation":{"angle":-22.5,"axis":"x","origin":[7.5035,3.95582,5.57736]},"faces":{"north":{"uv":[5.5,8.25,5.875,8.75],"texture":"#2"},"east":{"uv":[8.25,5.75,8.625,6.25],"texture":"#2"},"south":{"uv":[8.25,6.5,8.625,7],"texture":"#2"},"west":{"uv":[8.25,7.25,8.625,7.75],"texture":"#2"},"up":{"uv":[0.375,9.375,0,9],"texture":"#2"},"down":{"uv":[1.125,9,0.75,9.375],"texture":"#2"}}},{"from":[7.2535,-1.35944,7.21125],"to":[8.7465,0.14056,9.21125],"rotation":{"angle":22.5,"axis":"x","origin":[8,-0.60944,6.21125]},"faces":{"north":{"uv":[8.75,1.5,9.125,1.875],"texture":"#2"},"east":{"uv":[2.5,8.25,3,8.625],"texture":"#2"},"south":{"uv":[8.75,2.25,9.125,2.625],"texture":"#2"},"west":{"uv":[3.25,8.25,3.75,8.625],"texture":"#2"},"up":{"uv":[4.375,8.75,4,8.25],"texture":"#2"},"down":{"uv":[5.125,8.25,4.75,8.75],"texture":"#2"}}},{"from":[7,-3,9.04289],"to":[9,-2,10.04289],"rotation":{"angle":-45,"axis":"x","origin":[7.5,-2,9.04289]},"faces":{"north":{"uv":[9.5,0,10,0.25],"texture":"#2"},"east":{"uv":[10,8,10.25,8.25],"texture":"#2"},"south":{"uv":[9.5,0.5,10,0.75],"texture":"#2"},"west":{"uv":[10,8.5,10.25,8.75],"texture":"#2"},"up":{"uv":[10,1.25,9.5,1],"texture":"#2"},"down":{"uv":[10,1.5,9.5,1.75],"texture":"#2"}}},{"from":[7.3785,2.10582,3.95236],"to":[8.6215,3.60582,5.20236],"rotation":{"angle":-22.5,"axis":"x","origin":[7.6285,3.95582,5.57736]},"faces":{"north":{"uv":[5.75,10,6,10.375],"texture":"#2"},"east":{"uv":[6.25,10,6.5,10.375],"texture":"#2"},"south":{"uv":[10,6.25,10.25,6.625],"texture":"#2"},"west":{"uv":[6.75,10,7,10.375],"texture":"#2"},"up":{"uv":[8,10.25,7.75,10],"texture":"#2"}}},{"from":[7.2585,-1.44759,5.92134],"to":[8.7415,0.55241,7.30684],"rotation":{"angle":-45,"axis":"x","origin":[8.005,-0.44759,6.67134]},"faces":{"north":{"uv":[8,0,8.375,0.5],"texture":"#2"},"east":{"uv":[8,0.75,8.375,1.25],"texture":"#2"},"south":{"uv":[8,1.5,8.375,2],"texture":"#2"},"west":{"uv":[8,2.25,8.375,2.75],"texture":"#2"}}},{"from":[7.985,-1.75,10],"to":[8.015,17.75,16],"rotation":{"angle":0,"axis":"y","origin":[7.985,-2,5]},"faces":{"east":{"uv":[1.5,0,0,4.875],"texture":"#2"},"west":{"uv":[0,0,1.5,4.875],"texture":"#2"}}},{"from":[6.51737,15.06582,4.97199],"to":[7.51737,16.06582,6.97199],"rotation":{"angle":-22.5,"axis":"x","origin":[8,15.82082,3.13492]},"faces":{"north":{"uv":[12,5.33333,12.66667,4.66667],"texture":"#3"},"east":{"uv":[10,7.33333,10.66667,6],"rotation":270,"texture":"#3"},"south":{"uv":[11.33333,12,12,12.66667],"rotation":180,"texture":"#3"},"west":{"uv":[10,9.33333,10.66667,8],"rotation":90,"texture":"#3"},"up":{"uv":[4.66667,10.66667,5.33333,9.33333],"rotation":180,"texture":"#3"},"down":{"uv":[8,11.33333,8.66667,10],"texture":"#3"}}},{"from":[7,13.88309,3.25855],"to":[9,17.88309,5.25855],"rotation":{"angle":22.5,"axis":"x","origin":[8,15.82082,3.13492]},"faces":{"north":{"uv":[6,4.66667,7.33333,2],"texture":"#3"},"east":{"uv":[0,6.66667,2.66667,5.33333],"rotation":270,"texture":"#3"},"south":{"uv":[6,5.33333,7.33333,8],"rotation":180,"texture":"#3"},"west":{"uv":[6,1.33333,8.66667,0],"rotation":90,"texture":"#3"},"up":{"uv":[8,3.33333,9.33333,2],"rotation":180,"texture":"#3"},"down":{"uv":[8,5.33333,9.33333,4],"texture":"#3"}}},{"from":[6.75,16.38309,1.75855],"to":[9.25,19.88309,4.25855],"rotation":{"angle":22.5,"axis":"x","origin":[8,15.82082,3.13492]},"faces":{"north":{"uv":[3.33333,2.33333,5,0],"texture":"#3"},"east":{"uv":[0,1.66667,2.33333,0],"rotation":270,"texture":"#3"},"south":{"uv":[3.33333,3.33333,5,5.66667],"rotation":180,"texture":"#3"},"west":{"uv":[0,4.33333,2.33333,2.66667],"rotation":90,"texture":"#3"},"up":{"uv":[3.33333,8.33333,5,6.66667],"rotation":180,"texture":"#3"},"down":{"uv":[0,9,1.66667,7.33333],"texture":"#3"}}},{"from":[6.7,16.69521,1.69215],"to":[7.2,17.69521,2.69215],"rotation":{"angle":0,"axis":"x","origin":[8,15.82082,3.13492]},"faces":{"north":{"uv":[13.33333,9.33333,13.66667,8.66667],"texture":"#3"},"east":{"uv":[12.66667,6.66667,13.33333,6],"rotation":270,"texture":"#3"},"south":{"uv":[13.33333,10,13.66667,10.66667],"rotation":180,"texture":"#3"},"west":{"uv":[12.66667,12,13.33333,11.33333],"rotation":90,"texture":"#3"},"up":{"uv":[13.33333,5.33333,13.66667,4.66667],"rotation":180,"texture":"#3"},"down":{"uv":[13.33333,8,13.66667,7.33333],"texture":"#3"}}},{"from":[7.375,17.83974,3.2967],"to":[8.625,19.08974,4.5467],"rotation":{"angle":-22.5,"axis":"x","origin":[8,15.82082,3.13492]},"faces":{"north":{"uv":[3.66667,9.33333,2.66667,10.33333],"texture":"#3"},"east":{"uv":[10.33333,0,9.33333,1],"texture":"#3"},"south":{"uv":[7,8.66667,6,9.66667],"texture":"#3"},"west":{"uv":[1,10,0,11],"texture":"#3"},"up":{"uv":[11,2,10,3],"texture":"#3"},"down":{"uv":[11,5,10,4],"texture":"#3"}}},{"from":[7.5,19.08974,3.4217],"to":[8.5,20.58974,4.4217],"rotation":{"angle":-22.5,"axis":"x","origin":[8,15.82082,3.13492]},"faces":{"north":{"uv":[12.66667,9.33333,12,10.33333],"texture":"#3"},"east":{"uv":[9.33333,12,8.66667,13],"texture":"#3"},"south":{"uv":[8,12,7.33333,13],"texture":"#3"},"west":{"uv":[10.66667,12,10,13],"texture":"#3"},"up":{"uv":[13.33333,12.66667,12.66667,13.33333],"texture":"#3"}}},{"from":[7.5,15.38309,0.75855],"to":[8.5,17.38309,2.75855],"rotation":{"angle":22.5,"axis":"x","origin":[8,15.82082,3.13492]},"faces":{"north":{"uv":[4.66667,12.66667,5.33333,11.33333],"texture":"#3"},"east":{"uv":[8,7.33333,9.33333,6],"rotation":270,"texture":"#3"},"south":{"uv":[11.33333,6,12,7.33333],"rotation":180,"texture":"#3"},"west":{"uv":[8,9.33333,9.33333,8],"rotation":90,"texture":"#3"},"up":{"uv":[2,12.66667,2.66667,11.33333],"rotation":180,"texture":"#3"},"down":{"uv":[3.33333,12.66667,4,11.33333],"texture":"#3"}}},{"from":[7.5,14.95575,0.39544],"to":[8.5,14.96575,1.39544],"rotation":{"angle":-45,"axis":"x","origin":[8,15.82082,3.13492]},"faces":{"up":{"uv":[0,14,0.66667,13.33333],"rotation":180,"texture":"#3"},"down":{"uv":[1.33333,13.33333,2,14],"rotation":180,"texture":"#3"}}},{"from":[7.5,13.97316,-0.06536],"to":[8.5,13.98316,0.93464],"rotation":{"angle":-22.5,"axis":"x","origin":[8,15.82082,3.13492]},"faces":{"north":{"uv":[14.66667,2.66667,14,2.66667],"texture":"#3"},"east":{"uv":[14.66667,2,14,2],"texture":"#3"},"south":{"uv":[14.66667,1.33333,14,1.33333],"texture":"#3"},"west":{"uv":[14.66667,3.33333,14,3.33333],"texture":"#3"},"up":{"uv":[3.33333,13.33333,2.66667,14],"texture":"#3"},"down":{"uv":[4.66667,14,4,13.33333],"texture":"#3"}}},{"from":[7,14.57306,-0.52844],"to":[9,14.58306,0.47156],"rotation":{"angle":-45,"axis":"x","origin":[8,15.82082,3.13492]},"faces":{"up":{"uv":[11.33333,8.66667,12.66667,8],"rotation":180,"texture":"#3"},"down":{"uv":[0,12,1.33333,12.66667],"rotation":180,"texture":"#3"}}},{"from":[7,12.88309,3.25855],"to":[9,13.88309,3.26855],"rotation":{"angle":22.5,"axis":"x","origin":[8,15.82082,3.13492]},"faces":{"north":{"uv":[12,2.66667,13.33333,2],"texture":"#3"},"south":{"uv":[12,3.33333,13.33333,4],"rotation":180,"texture":"#3"}}},{"from":[8.8,16.69521,1.69215],"to":[9.3,17.69521,2.69215],"rotation":{"angle":0,"axis":"x","origin":[8,15.82082,3.13492]},"faces":{"north":{"uv":[13.66667,9.33333,13.33333,8.66667],"texture":"#3"},"east":{"uv":[13.33333,12,12.66667,11.33333],"rotation":270,"texture":"#3"},"south":{"uv":[13.66667,10,13.33333,10.66667],"rotation":180,"texture":"#3"},"west":{"uv":[13.33333,6.66667,12.66667,6],"rotation":90,"texture":"#3"},"up":{"uv":[13.66667,5.33333,13.33333,4.66667],"rotation":180,"texture":"#3"},"down":{"uv":[13.66667,8,13.33333,7.33333],"texture":"#3"}}},{"from":[7.5,11.96265,3.64055],"to":[8.5,12.96265,3.65055],"rotation":{"angle":22.5,"axis":"x","origin":[8,15.82082,3.13492]},"faces":{"north":{"uv":[2.66667,14,3.33333,13.33333],"texture":"#3"},"east":{"uv":[14,2,14.66667,2],"rotation":270,"texture":"#3"},"south":{"uv":[4,13.33333,4.66667,14],"rotation":180,"texture":"#3"},"west":{"uv":[14,3.33333,14.66667,3.33333],"rotation":90,"texture":"#3"},"up":{"uv":[14,1.33333,14.66667,1.33333],"rotation":180,"texture":"#3"},"down":{"uv":[14,2.66667,14.66667,2.66667],"texture":"#3"}}},{"from":[7.5,12.98327,2.5076],"to":[8.5,13.98327,2.5176],"rotation":{"angle":0,"axis":"x","origin":[8,15.82082,3.13492]},"faces":{"north":{"uv":[0,14,0.66667,13.33333],"texture":"#3"},"south":{"uv":[1.33333,13.33333,2,14],"rotation":180,"texture":"#3"}}},{"from":[6.55875,12.12292,2.09381],"to":[7.55875,14.12292,3.09381],"rotation":{"angle":-45,"axis":"x","origin":[8,15.82082,3.13492]},"faces":{"north":{"uv":[8,11.33333,8.66667,10],"rotation":180,"texture":"#3"},"east":{"uv":[10,7.33333,10.66667,6],"rotation":180,"texture":"#3"},"south":{"uv":[4.66667,10.66667,5.33333,9.33333],"rotation":180,"texture":"#3"},"west":{"uv":[10,9.33333,10.66667,8],"rotation":180,"texture":"#3"},"up":{"uv":[12,5.33333,12.66667,4.66667],"rotation":180,"texture":"#3"},"down":{"uv":[11.33333,12,12,12.66667],"rotation":180,"texture":"#3"}}},{"from":[8.48263,15.06582,4.97199],"to":[9.48263,16.06582,6.97199],"rotation":{"angle":-22.5,"axis":"x","origin":[8,15.82082,3.13492]},"faces":{"north":{"uv":[12.66667,5.33333,12,4.66667],"texture":"#3"},"east":{"uv":[10.66667,9.33333,10,8],"rotation":270,"texture":"#3"},"south":{"uv":[12,12,11.33333,12.66667],"rotation":180,"texture":"#3"},"west":{"uv":[10.66667,7.33333,10,6],"rotation":90,"texture":"#3"},"up":{"uv":[5.33333,10.66667,4.66667,9.33333],"rotation":180,"texture":"#3"},"down":{"uv":[8.66667,11.33333,8,10],"texture":"#3"}}},{"from":[8.44125,12.12292,2.09381],"to":[9.44125,14.12292,3.09381],"rotation":{"angle":-45,"axis":"x","origin":[8,15.82082,3.13492]},"faces":{"north":{"uv":[8.66667,11.33333,8,10],"rotation":180,"texture":"#3"},"east":{"uv":[10.66667,9.33333,10,8],"rotation":180,"texture":"#3"},"south":{"uv":[5.33333,10.66667,4.66667,9.33333],"rotation":180,"texture":"#3"},"west":{"uv":[10.66667,7.33333,10,6],"rotation":180,"texture":"#3"},"up":{"uv":[12.66667,5.33333,12,4.66667],"rotation":180,"texture":"#3"},"down":{"uv":[12,12,11.33333,12.66667],"rotation":180,"texture":"#3"}}}],"gui_light":"front","display":{"thirdperson_righthand":{"translation":[-1.5,-2,1]},"thirdperson_lefthand":{"translation":[-1.5,-2,1]},"firstperson_righthand":{"translation":[1,4.5,0.75],"scale":[0.7,0.7,0.7]},"firstperson_lefthand":{"translation":[1,4.5,0.75],"scale":[0.7,0.7,0.7]},"ground":{"rotation":[45,0,0],"translation":[0,3,0],"scale":[0.7,0.7,0.7]},"gui":{"rotation":[-90,135,90],"translation":[-0.75,0.25,0],"scale":[0.9,0.9,0.9]},"head":{"rotation":[0,-90,0]},"fixed":{"rotation":[0,-90,0],"translation":[0,0,-2.25],"scale":[2,2,2]}}}