{"credit":"Pologony Creation Co.,Ltd.","textures":{"0":"little_unicorn_set:chest","1":"little_unicorn_set:animations/chest_animation","particle":"little_unicorn_set:chest"},"elements":[{"from":[0.5,7,0.5],"to":[15.5,8,15.5],"rotation":{"angle":0,"axis":"y","origin":[8,7.5,8]},"faces":{"north":{"uv":[10.88889,4.66667,14.22222,4.88889],"texture":"#0"},"east":{"uv":[11.33333,1.11111,14.66667,1.33333],"texture":"#0"},"south":{"uv":[11.33333,1.55556,14.66667,1.77778],"texture":"#0"},"west":{"uv":[11.33333,2,14.66667,2.22222],"texture":"#0"},"up":{"uv":[3.33333,3.33333,0,0],"texture":"#0"},"down":{"uv":[3.33333,3.55556,0,6.88889],"texture":"#0"}}},{"from":[0,6.5,0],"to":[3,9,3],"rotation":{"angle":0,"axis":"y","origin":[1,7,1]},"faces":{"north":{"uv":[11.11111,12.22222,11.77778,12.77778],"texture":"#0"},"east":{"uv":[12,12.22222,12.66667,12.77778],"texture":"#0"},"south":{"uv":[12.44444,0,13.11111,0.55556],"texture":"#0"},"west":{"uv":[12.44444,2.44444,13.11111,3],"texture":"#0"},"up":{"uv":[4.44444,12.88889,3.77778,12.22222],"texture":"#0"},"down":{"uv":[5.33333,12.22222,4.66667,12.88889],"texture":"#0"}}},{"from":[-0.25007,7.89105,0.1],"to":[2.24993,13.89105,2.9],"rotation":{"angle":22.5,"axis":"z","origin":[-0.07507,9.89105,0]},"faces":{"north":{"uv":[0.66667,11.55556,1.22222,12.88889],"texture":"#0"},"east":{"uv":[6.88889,10,7.55556,11.33333],"texture":"#0"},"south":{"uv":[1.55556,11.55556,2.11111,12.88889],"texture":"#0"},"west":{"uv":[7.77778,10,8.44444,11.33333],"texture":"#0"},"up":{"uv":[6.11111,13.11111,5.55556,12.44444],"texture":"#0"}}},{"from":[-0.25007,7.89105,13.1],"to":[2.24993,13.89105,15.9],"rotation":{"angle":22.5,"axis":"z","origin":[-0.07507,9.89105,16]},"faces":{"north":{"uv":[2.11111,11.55556,1.55556,12.88889],"texture":"#0"},"east":{"uv":[7.55556,10,6.88889,11.33333],"texture":"#0"},"south":{"uv":[1.22222,11.55556,0.66667,12.88889],"texture":"#0"},"west":{"uv":[8.44444,10,7.77778,11.33333],"texture":"#0"},"up":{"uv":[6.11111,12.44444,5.55556,13.11111],"texture":"#0"}}},{"from":[0,6.5,13],"to":[3,9,16],"rotation":{"angle":0,"axis":"y","origin":[1,7,15]},"faces":{"north":{"uv":[13.11111,0,12.44444,0.55556],"texture":"#0"},"east":{"uv":[12.66667,12.22222,12,12.77778],"texture":"#0"},"south":{"uv":[11.77778,12.22222,11.11111,12.77778],"texture":"#0"},"west":{"uv":[13.11111,2.44444,12.44444,3],"texture":"#0"},"up":{"uv":[4.44444,12.22222,3.77778,12.88889],"texture":"#0"},"down":{"uv":[5.33333,12.88889,4.66667,12.22222],"texture":"#0"}}},{"from":[-0.25007,10.89105,2.9],"to":[2.24993,13.89105,13.1],"rotation":{"angle":22.5,"axis":"z","origin":[-0.07507,9.89105,16.2]},"faces":{"east":{"uv":[8.88889,0,11.11111,0.66667],"texture":"#0"},"west":{"uv":[8.88889,0.88889,11.11111,1.55556],"texture":"#0"},"up":{"uv":[4.77778,12,4.22222,9.77778],"texture":"#0"},"down":{"uv":[5.66667,9.77778,5.11111,12],"texture":"#0"}}},{"from":[6,7,0],"to":[10,11,2],"rotation":{"angle":-45,"axis":"z","origin":[8,9,0.5]},"faces":{"north":{"uv":[10.88889,3.55556,11.77778,4.44444],"texture":"#0"},"east":{"uv":[8.22222,12.22222,8.66667,13.11111],"texture":"#0"},"south":{"uv":[11.11111,9.55556,12,10.44444],"texture":"#0"},"west":{"uv":[12.22222,8.66667,12.66667,9.55556],"texture":"#0"},"up":{"uv":[7.77778,6.44444,6.88889,6],"texture":"#0"},"down":{"uv":[9.77778,2.66667,8.88889,3.11111],"texture":"#0"}}},{"from":[6.75,14.325,2.9],"to":[9.25,17.25,13.1],"rotation":{"angle":0,"axis":"z","origin":[8,15,8]},"faces":{"east":{"uv":[8.88889,1.77778,11.11111,2.44444],"texture":"#0"},"west":{"uv":[0,9.77778,2.22222,10.44444],"texture":"#0"},"up":{"uv":[9.22222,12,8.66667,9.77778],"texture":"#0"},"down":{"uv":[10.11111,9.77778,9.55556,12],"texture":"#0"}}},{"from":[6.75,8,0.1],"to":[9.25,17.25,2.9],"rotation":{"angle":0,"axis":"z","origin":[8,15,8]},"faces":{"north":{"uv":[10,2.66667,10.55556,4.77778],"texture":"#0"},"east":{"uv":[2.44444,9.77778,3.11111,11.88889],"texture":"#0"},"south":{"uv":[6,10,6.55556,12.11111],"texture":"#0"},"west":{"uv":[3.33333,9.77778,4,11.88889],"texture":"#0"},"up":{"uv":[10.77778,13.11111,10.22222,12.44444],"texture":"#0"}}},{"from":[2,8.8,0.75],"to":[7.5,11.8,1.75],"rotation":{"angle":22.5,"axis":"z","origin":[8,11.3,8.25]},"faces":{"north":{"uv":[10.66667,8.66667,11.88889,9.33333],"texture":"#0"},"south":{"uv":[10.88889,2.66667,12.11111,3.33333],"texture":"#0"},"up":{"uv":[13.88889,5.33333,12.66667,5.11111],"texture":"#0"}}},{"from":[6.75,8,13.1],"to":[9.25,17.25,15.9],"rotation":{"angle":0,"axis":"z","origin":[8,15,8]},"faces":{"north":{"uv":[6.55556,10,6,12.11111],"texture":"#0"},"east":{"uv":[3.11111,9.77778,2.44444,11.88889],"texture":"#0"},"south":{"uv":[10.55556,2.66667,10,4.77778],"texture":"#0"},"west":{"uv":[4,9.77778,3.33333,11.88889],"texture":"#0"},"up":{"uv":[10.77778,12.44444,10.22222,13.11111],"texture":"#0"}}},{"from":[6,7,14],"to":[10,11,16],"rotation":{"angle":-45,"axis":"z","origin":[8,9,15.5]},"faces":{"north":{"uv":[12,9.55556,11.11111,10.44444],"texture":"#0"},"east":{"uv":[8.66667,12.22222,8.22222,13.11111],"texture":"#0"},"south":{"uv":[11.77778,3.55556,10.88889,4.44444],"texture":"#0"},"west":{"uv":[12.66667,8.66667,12.22222,9.55556],"texture":"#0"},"up":{"uv":[7.77778,6,6.88889,6.44444],"texture":"#0"},"down":{"uv":[9.77778,3.11111,8.88889,2.66667],"texture":"#0"}}},{"from":[2,8.8,14.25],"to":[7.5,11.8,15.25],"rotation":{"angle":22.5,"axis":"z","origin":[8,11.3,7.75]},"faces":{"north":{"uv":[12.11111,2.66667,10.88889,3.33333],"texture":"#0"},"south":{"uv":[11.88889,8.66667,10.66667,9.33333],"texture":"#0"},"up":{"uv":[13.88889,5.11111,12.66667,5.33333],"texture":"#0"}}},{"from":[0.66099,16.03265,1.25],"to":[8.16099,16.03265,14.75],"rotation":{"angle":22.5,"axis":"z","origin":[6.66099,14.53265,0.75]},"faces":{"up":{"uv":[8.55556,3,6.88889,0],"texture":"#0"}}},{"from":[2,11.8,1.25],"to":[9.5,16.3,1.25],"rotation":{"angle":22.5,"axis":"z","origin":[8,11.3,8.25]},"faces":{"north":{"uv":[8.66667,8.44444,10.33333,9.44444],"texture":"#0"}}},{"from":[2,11.8,14.75],"to":[9.5,16.3,14.75],"rotation":{"angle":22.5,"axis":"z","origin":[8,11.3,7.75]},"faces":{"south":{"uv":[10.33333,8.44444,8.66667,9.44444],"texture":"#0"}}},{"from":[0.99161,7.41923,2.75],"to":[0.99161,10.91923,13.25],"rotation":{"angle":22.5,"axis":"z","origin":[0.24161,8.66923,9.5]},"faces":{"west":{"uv":[8.66667,6,11,6.77778],"texture":"#0"}}},{"from":[13.75007,7.89105,0.1],"to":[16.25007,13.89105,2.9],"rotation":{"angle":-22.5,"axis":"z","origin":[16.07507,9.89105,0]},"faces":{"north":{"uv":[1.22222,11.55556,0.66667,12.88889],"texture":"#0"},"east":{"uv":[8.44444,10,7.77778,11.33333],"texture":"#0"},"south":{"uv":[2.11111,11.55556,1.55556,12.88889],"texture":"#0"},"west":{"uv":[7.55556,10,6.88889,11.33333],"texture":"#0"},"up":{"uv":[5.55556,13.11111,6.11111,12.44444],"texture":"#0"}}},{"from":[13.75007,10.89105,2.9],"to":[16.25007,13.89105,13.1],"rotation":{"angle":-22.5,"axis":"z","origin":[16.07507,9.89105,16.2]},"faces":{"east":{"uv":[11.11111,0.88889,8.88889,1.55556],"texture":"#0"},"west":{"uv":[11.11111,0,8.88889,0.66667],"texture":"#0"},"up":{"uv":[4.22222,12,4.77778,9.77778],"texture":"#0"},"down":{"uv":[5.11111,9.77778,5.66667,12],"texture":"#0"}}},{"from":[8.5,8.8,0.75],"to":[14,11.8,1.75],"rotation":{"angle":-22.5,"axis":"z","origin":[8,11.3,8.25]},"faces":{"north":{"uv":[11.88889,8.66667,10.66667,9.33333],"texture":"#0"},"south":{"uv":[12.11111,2.66667,10.88889,3.33333],"texture":"#0"},"up":{"uv":[12.66667,5.33333,13.88889,5.11111],"texture":"#0"}}},{"from":[7.83901,16.03265,1.25],"to":[15.33901,16.03265,14.75],"rotation":{"angle":-22.5,"axis":"z","origin":[9.33901,14.53265,0.75]},"faces":{"up":{"uv":[6.88889,3,8.55556,0],"texture":"#0"}}},{"from":[6.5,11.8,1.25],"to":[14,16.3,1.25],"rotation":{"angle":-22.5,"axis":"z","origin":[8,11.3,8.25]},"faces":{"north":{"uv":[10.33333,8.44444,8.66667,9.44444],"texture":"#0"}}},{"from":[15.00839,7.41923,2.75],"to":[15.00839,10.91923,13.25],"rotation":{"angle":-22.5,"axis":"z","origin":[15.75839,8.66923,9.5]},"faces":{"east":{"uv":[11,6,8.66667,6.77778],"texture":"#0"}}},{"from":[13.75007,7.89105,13.1],"to":[16.25007,13.89105,15.9],"rotation":{"angle":-22.5,"axis":"z","origin":[16.07507,9.89105,16]},"faces":{"north":{"uv":[1.55556,11.55556,2.11111,12.88889],"texture":"#0"},"east":{"uv":[7.77778,10,8.44444,11.33333],"texture":"#0"},"south":{"uv":[0.66667,11.55556,1.22222,12.88889],"texture":"#0"},"west":{"uv":[6.88889,10,7.55556,11.33333],"texture":"#0"},"up":{"uv":[5.55556,12.44444,6.11111,13.11111],"texture":"#0"}}},{"from":[8.5,8.8,14.25],"to":[14,11.8,15.25],"rotation":{"angle":-22.5,"axis":"z","origin":[8,11.3,7.75]},"faces":{"north":{"uv":[10.88889,2.66667,12.11111,3.33333],"texture":"#0"},"south":{"uv":[10.66667,8.66667,11.88889,9.33333],"texture":"#0"},"up":{"uv":[12.66667,5.11111,13.88889,5.33333],"texture":"#0"}}},{"from":[6.5,11.8,14.75],"to":[14,16.3,14.75],"rotation":{"angle":-22.5,"axis":"z","origin":[8,11.3,7.75]},"faces":{"south":{"uv":[8.66667,8.44444,10.33333,9.44444],"texture":"#0"}}},{"from":[13,6.5,13],"to":[16,9,16],"rotation":{"angle":0,"axis":"y","origin":[15,7,15]},"faces":{"north":{"uv":[12.44444,0,13.11111,0.55556],"texture":"#0"},"east":{"uv":[12.44444,2.44444,13.11111,3],"texture":"#0"},"south":{"uv":[11.11111,12.22222,11.77778,12.77778],"texture":"#0"},"west":{"uv":[12,12.22222,12.66667,12.77778],"texture":"#0"},"up":{"uv":[3.77778,12.22222,4.44444,12.88889],"texture":"#0"},"down":{"uv":[4.66667,12.88889,5.33333,12.22222],"texture":"#0"}}},{"from":[13,6.5,0],"to":[16,9,3],"rotation":{"angle":0,"axis":"y","origin":[15,7,1]},"faces":{"north":{"uv":[11.77778,12.22222,11.11111,12.77778],"texture":"#0"},"east":{"uv":[13.11111,2.44444,12.44444,3],"texture":"#0"},"south":{"uv":[13.11111,0,12.44444,0.55556],"texture":"#0"},"west":{"uv":[12.66667,12.22222,12,12.77778],"texture":"#0"},"up":{"uv":[3.77778,12.88889,4.44444,12.22222],"texture":"#0"},"down":{"uv":[4.66667,12.22222,5.33333,12.88889],"texture":"#0"}}},{"from":[11.60476,11.38134,15.25],"to":[14.10476,16.38134,15.25],"rotation":{"angle":-22.5,"axis":"z","origin":[10.10476,16.38134,16]},"faces":{"south":{"uv":[6.5,11,4,6],"texture":"#1"}}},{"from":[11.35698,15.13669,0.75],"to":[13.85698,15.13669,15.25],"rotation":{"angle":-22.5,"axis":"z","origin":[13.10698,15.13669,3.25]},"faces":{"up":{"uv":[0,14.5,2.5,0],"texture":"#1"}}},{"from":[2.14302,15.13669,0.75],"to":[4.64302,15.13669,15.25],"rotation":{"angle":22.5,"axis":"z","origin":[2.89302,15.13669,3.25]},"faces":{"up":{"uv":[2.5,14.5,0,0],"texture":"#1"}}},{"from":[1.89524,11.38134,15.25],"to":[4.39524,16.38134,15.25],"rotation":{"angle":22.5,"axis":"z","origin":[5.89524,16.38134,16]},"faces":{"south":{"uv":[4,11,6.5,6],"texture":"#1"}}},{"from":[11.60476,11.38134,0.75],"to":[14.10476,16.38134,0.75],"rotation":{"angle":-22.5,"axis":"z","origin":[10.10476,16.38134,0]},"faces":{"north":{"uv":[6.5,0,4,5],"texture":"#1"}}},{"from":[1.89524,11.38134,0.75],"to":[4.39524,16.38134,0.75],"rotation":{"angle":22.5,"axis":"z","origin":[5.89524,16.38134,0]},"faces":{"north":{"uv":[4,0,6.5,5],"texture":"#1"}}},{"from":[0,0,0],"to":[2.5,1.5,2.5],"rotation":{"angle":0,"axis":"y","origin":[1,0,1]},"faces":{"north":{"uv":[0.66667,13.11111,1.22222,13.44444],"texture":"#0"},"east":{"uv":[1.55556,13.11111,2.11111,13.44444],"texture":"#0"},"south":{"uv":[3.77778,13.11111,4.33333,13.44444],"texture":"#0"},"west":{"uv":[4.66667,13.11111,5.22222,13.44444],"texture":"#0"},"up":{"uv":[13.44444,9.22222,12.88889,8.66667],"texture":"#0"},"down":{"uv":[13.44444,12.22222,12.88889,12.77778],"texture":"#0"}}},{"from":[1,1,1],"to":[15,2,15],"rotation":{"angle":0,"axis":"y","origin":[2,1,1]},"faces":{"north":{"uv":[11.33333,5.77778,14.44444,6],"texture":"#0"},"east":{"uv":[11.33333,6.22222,14.44444,6.44444],"texture":"#0"},"south":{"uv":[11.33333,6.66667,14.44444,6.88889],"texture":"#0"},"west":{"uv":[11.11111,11.77778,14.22222,12],"texture":"#0"},"up":{"uv":[6.66667,3.11111,3.55556,0],"texture":"#0"},"down":{"uv":[6.66667,3.33333,3.55556,6.44444],"texture":"#0"}}},{"from":[0.5,1.5,0.5],"to":[2.5,7,2.5],"rotation":{"angle":0,"axis":"y","origin":[1,1.5,1]},"faces":{"north":{"uv":[6.88889,11.55556,7.33333,12.77778],"texture":"#0"},"east":{"uv":[7.55556,11.55556,8,12.77778],"texture":"#0"},"south":{"uv":[2.44444,12.22222,2.88889,13.44444],"texture":"#0"},"west":{"uv":[3.11111,12.22222,3.55556,13.44444],"texture":"#0"},"up":{"uv":[8.44444,6.44444,8,6],"texture":"#0"}}},{"from":[0.5,1.5,13.5],"to":[2.5,7,15.5],"rotation":{"angle":0,"axis":"y","origin":[1,1.5,15]},"faces":{"north":{"uv":[2.88889,12.22222,2.44444,13.44444],"texture":"#0"},"east":{"uv":[8,11.55556,7.55556,12.77778],"texture":"#0"},"south":{"uv":[7.33333,11.55556,6.88889,12.77778],"texture":"#0"},"west":{"uv":[3.55556,12.22222,3.11111,13.44444],"texture":"#0"},"up":{"uv":[8.44444,6,8,6.44444],"texture":"#0"}}},{"from":[0,0,13.5],"to":[2.5,1.5,16],"rotation":{"angle":0,"axis":"y","origin":[1,0,15]},"faces":{"north":{"uv":[4.33333,13.11111,3.77778,13.44444],"texture":"#0"},"east":{"uv":[2.11111,13.11111,1.55556,13.44444],"texture":"#0"},"south":{"uv":[1.22222,13.11111,0.66667,13.44444],"texture":"#0"},"west":{"uv":[5.22222,13.11111,4.66667,13.44444],"texture":"#0"},"up":{"uv":[13.44444,8.66667,12.88889,9.22222],"texture":"#0"},"down":{"uv":[13.44444,12.77778,12.88889,12.22222],"texture":"#0"}}},{"from":[13.5,1.5,13.5],"to":[15.5,7,15.5],"rotation":{"angle":0,"axis":"y","origin":[15,1.5,15]},"faces":{"north":{"uv":[2.44444,12.22222,2.88889,13.44444],"texture":"#0"},"east":{"uv":[3.11111,12.22222,3.55556,13.44444],"texture":"#0"},"south":{"uv":[6.88889,11.55556,7.33333,12.77778],"texture":"#0"},"west":{"uv":[7.55556,11.55556,8,12.77778],"texture":"#0"},"up":{"uv":[8,6,8.44444,6.44444],"texture":"#0"}}},{"from":[13.5,0,13.5],"to":[16,1.5,16],"rotation":{"angle":0,"axis":"y","origin":[15,0,15]},"faces":{"north":{"uv":[3.77778,13.11111,4.33333,13.44444],"texture":"#0"},"east":{"uv":[4.66667,13.11111,5.22222,13.44444],"texture":"#0"},"south":{"uv":[0.66667,13.11111,1.22222,13.44444],"texture":"#0"},"west":{"uv":[1.55556,13.11111,2.11111,13.44444],"texture":"#0"},"up":{"uv":[12.88889,8.66667,13.44444,9.22222],"texture":"#0"},"down":{"uv":[12.88889,12.77778,13.44444,12.22222],"texture":"#0"}}},{"from":[13.5,1.5,0.5],"to":[15.5,7,2.5],"rotation":{"angle":0,"axis":"y","origin":[15,1.5,1]},"faces":{"north":{"uv":[7.33333,11.55556,6.88889,12.77778],"texture":"#0"},"east":{"uv":[3.55556,12.22222,3.11111,13.44444],"texture":"#0"},"south":{"uv":[2.88889,12.22222,2.44444,13.44444],"texture":"#0"},"west":{"uv":[8,11.55556,7.55556,12.77778],"texture":"#0"},"up":{"uv":[8,6.44444,8.44444,6],"texture":"#0"}}},{"from":[13.5,0,0],"to":[16,1.5,2.5],"rotation":{"angle":0,"axis":"y","origin":[15,0,1]},"faces":{"north":{"uv":[1.22222,13.11111,0.66667,13.44444],"texture":"#0"},"east":{"uv":[5.22222,13.11111,4.66667,13.44444],"texture":"#0"},"south":{"uv":[4.33333,13.11111,3.77778,13.44444],"texture":"#0"},"west":{"uv":[2.11111,13.11111,1.55556,13.44444],"texture":"#0"},"up":{"uv":[12.88889,9.22222,13.44444,8.66667],"texture":"#0"},"down":{"uv":[12.88889,12.22222,13.44444,12.77778],"texture":"#0"}}},{"from":[1,6,2.5],"to":[2.5,7,13.5],"rotation":{"angle":0,"axis":"y","origin":[1,6,2.5]},"faces":{"east":{"uv":[12,3.55556,14.44444,3.77778],"texture":"#0"},"west":{"uv":[12,4,14.44444,4.22222],"texture":"#0"},"up":{"uv":[10.77778,12.22222,10.44444,9.77778],"texture":"#0"},"down":{"uv":[0.33333,10.66667,0,13.11111],"texture":"#0"}}},{"from":[13.5,6,2.5],"to":[15,7,13.5],"rotation":{"angle":0,"axis":"y","origin":[15,6,13.5]},"faces":{"east":{"uv":[12,4,14.44444,4.22222],"texture":"#0"},"west":{"uv":[12,3.55556,14.44444,3.77778],"texture":"#0"},"up":{"uv":[10.44444,9.77778,10.77778,12.22222],"texture":"#0"},"down":{"uv":[0,13.11111,0.33333,10.66667],"texture":"#0"}}},{"from":[2.5,6,13.5],"to":[13.5,7,15],"rotation":{"angle":0,"axis":"y","origin":[2.5,6,15]},"faces":{"north":{"uv":[12,3.55556,14.44444,3.77778],"texture":"#0"},"south":{"uv":[12,4,14.44444,4.22222],"texture":"#0"},"up":{"uv":[10.77778,12.22222,10.44444,9.77778],"rotation":270,"texture":"#0"},"down":{"uv":[0.33333,10.66667,0,13.11111],"rotation":90,"texture":"#0"}}},{"from":[2.5,6,1],"to":[13.5,7,2.5],"rotation":{"angle":0,"axis":"y","origin":[13.5,6,1]},"faces":{"north":{"uv":[12,4,14.44444,4.22222],"texture":"#0"},"south":{"uv":[12,3.55556,14.44444,3.77778],"texture":"#0"},"up":{"uv":[10.77778,12.22222,10.44444,9.77778],"rotation":90,"texture":"#0"},"down":{"uv":[0.33333,10.66667,0,13.11111],"rotation":270,"texture":"#0"}}},{"from":[1.5,2,1.5],"to":[14.5,6.5,14.5],"rotation":{"angle":0,"axis":"y","origin":[2,2,1]},"faces":{"north":{"uv":[6.88889,3.33333,9.77778,4.33333],"texture":"#0"},"east":{"uv":[6.88889,4.66667,9.77778,5.66667],"texture":"#0"},"south":{"uv":[0,7.11111,2.88889,8.11111],"texture":"#0"},"west":{"uv":[0,8.44444,2.88889,9.44444],"texture":"#0"},"up":{"uv":[6.44444,9.55556,3.55556,6.66667],"texture":"#0"}}},{"from":[4,3.25,-0.5],"to":[8,7.25,1.5],"rotation":{"angle":-45,"axis":"z","origin":[7,3.25,0.5]},"faces":{"north":{"uv":[11.11111,10.66667,12,11.55556],"texture":"#0"},"east":{"uv":[8.88889,12.22222,9.33333,13.11111],"texture":"#0"},"south":{"uv":[11.33333,0,12.22222,0.88889],"texture":"#0"},"west":{"uv":[9.55556,12.22222,10,13.11111],"texture":"#0"},"up":{"uv":[13.11111,10.22222,12.22222,9.77778],"texture":"#0"},"down":{"uv":[13.11111,10.44444,12.22222,10.88889],"texture":"#0"}}},{"from":[15.65,2,1],"to":[15.65,6.5,2],"rotation":{"angle":0,"axis":"y","origin":[8,4.25,8]},"faces":{"east":{"uv":[8,0,9,4.5],"texture":"#1"}}},{"from":[15.65,2,14],"to":[15.65,6.5,15],"rotation":{"angle":0,"axis":"y","origin":[8,4.25,8]},"faces":{"east":{"uv":[9,0,8,4.5],"texture":"#1"}}},{"from":[0.35,2,14],"to":[0.35,6.5,15],"rotation":{"angle":0,"axis":"y","origin":[8,4.25,8]},"faces":{"west":{"uv":[8,0,9,4.5],"texture":"#1"}}},{"from":[0.35,2,1],"to":[0.35,6.5,2],"rotation":{"angle":0,"axis":"y","origin":[8,4.25,8]},"faces":{"west":{"uv":[9,0,8,4.5],"texture":"#1"}}},{"from":[14,2,0.35],"to":[15,6.5,0.35],"rotation":{"angle":0,"axis":"y","origin":[15,1.5,0.35]},"faces":{"north":{"uv":[9,0,8,4.5],"texture":"#1"}}},{"from":[14,2,15.65],"to":[15,6.5,15.65],"rotation":{"angle":0,"axis":"y","origin":[15,1.5,15.65]},"faces":{"south":{"uv":[8,0,9,4.5],"texture":"#1"}}},{"from":[1,2,15.65],"to":[2,6.5,15.65],"rotation":{"angle":0,"axis":"y","origin":[1,1.5,15.65]},"faces":{"south":{"uv":[9,0,8,4.5],"texture":"#1"}}},{"from":[1,2,0.35],"to":[2,6.5,0.35],"rotation":{"angle":0,"axis":"y","origin":[1,1.5,0.35]},"faces":{"north":{"uv":[8,0,9,4.5],"texture":"#1"}}}],"gui_light":"front","display":{"thirdperson_righthand":{"rotation":[59.75,0,0],"translation":[0,3.75,2],"scale":[0.5,0.5,0.5]},"thirdperson_lefthand":{"rotation":[59.75,0,0],"translation":[0,3.75,2],"scale":[0.5,0.5,0.5]},"firstperson_righthand":{"rotation":[154.5,0,180],"translation":[0,3.5,0],"scale":[0.5,0.5,0.5]},"firstperson_lefthand":{"rotation":[154.5,0,180],"translation":[0,3.5,0],"scale":[0.5,0.5,0.5]},"ground":{"translation":[0,3,0],"scale":[0.7,0.7,0.7]},"gui":{"rotation":[35,135,0],"translation":[0,0.25,0],"scale":[0.7,0.7,0.7]},"head":{"rotation":[0,180,0],"translation":[0,-30.25,0],"scale":[1.6,1.6,1.6]},"fixed":{"rotation":[-90,0,0],"translation":[0,0,-16],"scale":[2,2,2]}}}