{"credit":"Pologony Creation Co.,Ltd.","texture_size":[40,40],"textures":{"3":"little_unicorn_set:unicorn","5":"little_unicorn_set:crossbow"},"elements":[{"from":[12.27151,8.3484,-2.60706],"to":[14.27151,9.8314,-1.22156],"rotation":{"angle":-45,"axis":"y","origin":[12.8,9.6899,-0.33778]},"faces":{"north":{"uv":[10.8,10,11.4,10.8],"rotation":270,"texture":"#5"},"south":{"uv":[10.8,11.2,11.4,12],"rotation":90,"texture":"#5"},"up":{"uv":[11.6,0,12.2,0.8],"rotation":90,"texture":"#5"},"down":{"uv":[9.6,11.2,10.2,12],"rotation":90,"texture":"#5"}}},{"from":[9.68015,8.4684,-2.51156],"to":[11.18015,9.7114,-1.26156],"rotation":{"angle":-22.5,"axis":"y","origin":[12.8,9.6899,-0.33778]},"faces":{"north":{"uv":[14,0,14.4,0.6],"rotation":270,"texture":"#5"},"south":{"uv":[14,1.2,14.4,1.8],"rotation":90,"texture":"#5"},"west":{"uv":[2.8,14,2.4,14.4],"rotation":90,"texture":"#5"},"up":{"uv":[1.6,14,2,14.6],"rotation":90,"texture":"#5"},"down":{"uv":[0.8,14,1.2,14.6],"rotation":90,"texture":"#5"}}},{"from":[16.04617,8.0899,-1.27783],"to":[17.04617,10.0899,-0.27783],"rotation":{"angle":-45,"axis":"y","origin":[12.8,9.6899,-0.33778]},"faces":{"north":{"uv":[9.6,1.6,10.4,2],"rotation":270,"texture":"#5"},"east":{"uv":[13.6,6.4,12.8,6],"rotation":90,"texture":"#5"},"south":{"uv":[6,12.8,6.8,13.2],"rotation":90,"texture":"#5"},"west":{"uv":[13.6,6.8,12.8,7.2],"rotation":90,"texture":"#5"},"up":{"uv":[3.2,14,3.6,14.4],"rotation":90,"texture":"#5"},"down":{"uv":[14,2.4,14.4,2.8],"rotation":90,"texture":"#5"}}},{"from":[13.95966,8.3434,0.1533],"to":[15.45966,9.8364,2.1533],"rotation":{"angle":22.5,"axis":"y","origin":[12.8,9.6899,-0.33778]},"faces":{"north":{"uv":[12.8,0,13.4,0.6],"rotation":270,"texture":"#5"},"east":{"uv":[4.2,12.4,3.6,11.6],"rotation":90,"texture":"#5"},"south":{"uv":[1.2,12.8,1.8,13.4],"rotation":90,"texture":"#5"},"west":{"uv":[5.4,11.6,4.8,12.4],"rotation":90,"texture":"#5"},"up":{"uv":[2.4,11.6,3.2,12.2],"rotation":90,"texture":"#5"},"down":{"uv":[1.2,11.6,2,12.2],"rotation":90,"texture":"#5"}}},{"from":[11.18015,8.3434,-2.63656],"to":[13.18015,9.8364,-1.13656],"rotation":{"angle":-22.5,"axis":"y","origin":[12.8,9.6899,-0.33778]},"faces":{"north":{"uv":[11.6,4.8,12.2,5.6],"rotation":270,"texture":"#5"},"east":{"uv":[13.4,1.8,12.8,1.2],"rotation":90,"texture":"#5"},"south":{"uv":[7.2,11.6,7.8,12.4],"rotation":90,"texture":"#5"},"west":{"uv":[3,12.8,2.4,13.4],"rotation":90,"texture":"#5"},"up":{"uv":[0,12,0.6,12.8],"rotation":90,"texture":"#5"},"down":{"uv":[6,11.6,6.6,12.4],"rotation":90,"texture":"#5"}}},{"from":[15.54617,8.5899,-1.77783],"to":[17.54617,9.5899,0.22217],"rotation":{"angle":-45,"axis":"y","origin":[12.8,9.6899,-0.33778]},"faces":{"north":{"uv":[5.6,7.2,6,8],"rotation":270,"texture":"#5"},"east":{"uv":[13.2,8.4,12.8,7.6],"rotation":90,"texture":"#5"},"south":{"uv":[7.2,12.8,7.6,13.6],"rotation":90,"texture":"#5"},"west":{"uv":[13.2,8.8,12.8,9.6],"rotation":90,"texture":"#5"},"up":{"uv":[6.4,10.4,7.2,11.2],"rotation":90,"texture":"#5"},"down":{"uv":[9.6,10,10.4,10.8],"rotation":90,"texture":"#5"}}},{"from":[11.07177,8.7149,-3.42223],"to":[11.82177,9.4649,-1.42223],"rotation":{"angle":22.5,"axis":"y","origin":[12.8,9.6899,-0.33778]},"faces":{"east":{"uv":[0.4,14,0,13.2],"rotation":90,"texture":"#5"},"up":{"uv":[12.8,10.8,13.6,11.2],"rotation":90,"texture":"#5"},"down":{"uv":[12.8,10,13.6,10.4],"rotation":90,"texture":"#5"}}},{"from":[11.30757,8.5899,-4.46612],"to":[13.30757,9.5899,-3.46612],"rotation":{"angle":45,"axis":"y","origin":[12.8,9.6899,-0.33778]},"faces":{"north":{"uv":[10.8,13.2,11.2,14],"rotation":270,"texture":"#5"},"east":{"uv":[14.4,3.6,14,3.2],"rotation":90,"texture":"#5"},"south":{"uv":[12.4,13.2,12.8,14],"rotation":90,"texture":"#5"},"west":{"uv":[4.4,14,4,14.4],"rotation":90,"texture":"#5"},"up":{"uv":[13.2,13.2,13.6,14],"rotation":90,"texture":"#5"},"down":{"uv":[11.6,13.2,12,14],"rotation":90,"texture":"#5"}}},{"from":[10.12604,8.3434,-4.28574],"to":[11.30104,9.8364,-1.78574],"rotation":{"angle":22.5,"axis":"y","origin":[12.8,9.6899,-0.33778]},"faces":{"north":{"uv":[12.8,11.6,13.4,12],"rotation":270,"texture":"#5"},"east":{"uv":[11.4,7.8,10.8,6.8],"rotation":90,"texture":"#5"},"west":{"uv":[11.4,8.4,10.8,9.4],"rotation":90,"texture":"#5"},"up":{"uv":[12.4,12.4,13.4,12.8],"rotation":90,"texture":"#5"},"down":{"uv":[10.8,12.4,11.8,12.8],"rotation":90,"texture":"#5"}}},{"from":[9.88537,8.3399,-0.72087],"to":[11.38537,9.8399,0.52913],"rotation":{"angle":-22.5,"axis":"y","origin":[12.8,9.6899,-0.33778]},"faces":{"north":{"uv":[12.8,2.4,13.4,3],"rotation":270,"texture":"#5"},"east":{"uv":[5.4,13.4,4.8,12.8],"rotation":90,"texture":"#5"},"west":{"uv":[13.4,4.8,12.8,5.4],"rotation":90,"texture":"#5"},"up":{"uv":[12.8,3.6,13.4,4.2],"rotation":90,"texture":"#5"},"down":{"uv":[3.6,12.8,4.2,13.4],"rotation":90,"texture":"#5"}}},{"from":[9.52418,7.9399,-2.78235],"to":[11.32418,10.2399,-0.98235],"rotation":{"angle":45,"axis":"y","origin":[12.8,9.6899,-0.33778]},"faces":{"north":{"uv":[9.2,4.8,10.2,5.6],"rotation":270,"texture":"#5"},"east":{"uv":[10.2,8,9.2,7.2],"rotation":90,"texture":"#5"},"south":{"uv":[9.2,6,10.2,6.8],"rotation":90,"texture":"#5"},"west":{"uv":[1,9.6,0,10.4],"rotation":90,"texture":"#5"},"up":{"uv":[0,10.8,0.8,11.6],"rotation":90,"texture":"#5"},"down":{"uv":[7.6,10.4,8.4,11.2],"rotation":90,"texture":"#5"}}},{"from":[9.27418,8.1899,-3.03235],"to":[11.57418,9.9899,-0.73235],"rotation":{"angle":45,"axis":"y","origin":[12.8,9.6899,-0.33778]},"faces":{"north":{"uv":[9.6,0,10.4,1],"rotation":270,"texture":"#5"},"east":{"uv":[2.4,11,1.6,10],"rotation":90,"texture":"#5"},"south":{"uv":[9.6,8.4,10.4,9.4],"rotation":90,"texture":"#5"},"west":{"uv":[3.6,10,2.8,11],"rotation":90,"texture":"#5"},"up":{"uv":[7.6,4,8.6,5],"rotation":90,"texture":"#5"},"down":{"uv":[7.6,2.4,8.6,3.4],"rotation":90,"texture":"#5"}}},{"from":[13.05071,10.2899,1.09773],"to":[15.55071,10.2899,3.59773],"rotation":{"angle":45,"axis":"y","origin":[12.8,9.6899,-0.33778]},"faces":{"up":{"uv":[7.6,5.6,8.6,6.6],"rotation":90,"texture":"#5"}}},{"from":[0.44929,10.2899,1.09773],"to":[2.94929,10.2899,3.59773],"rotation":{"angle":-45,"axis":"y","origin":[3.2,9.6899,-0.33778]},"faces":{"up":{"uv":[7.6,6.6,8.6,5.6],"rotation":90,"texture":"#5"}}},{"from":[4.42582,8.1899,-3.03235],"to":[6.72582,9.9899,-0.73235],"rotation":{"angle":-45,"axis":"y","origin":[3.2,9.6899,-0.33778]},"faces":{"north":{"uv":[9.6,1,10.4,0],"rotation":270,"texture":"#5"},"east":{"uv":[3.6,11,2.8,10],"rotation":90,"texture":"#5"},"south":{"uv":[9.6,9.4,10.4,8.4],"rotation":90,"texture":"#5"},"west":{"uv":[2.4,10,1.6,11],"rotation":90,"texture":"#5"},"up":{"uv":[7.6,5,8.6,4],"rotation":90,"texture":"#5"},"down":{"uv":[7.6,3.4,8.6,2.4],"rotation":90,"texture":"#5"}}},{"from":[4.67582,7.9399,-2.78235],"to":[6.47582,10.2399,-0.98235],"rotation":{"angle":-45,"axis":"y","origin":[3.2,9.6899,-0.33778]},"faces":{"north":{"uv":[9.2,5.6,10.2,4.8],"rotation":270,"texture":"#5"},"east":{"uv":[1,10.4,0,9.6],"rotation":90,"texture":"#5"},"south":{"uv":[9.2,6.8,10.2,6],"rotation":90,"texture":"#5"},"west":{"uv":[10.2,7.2,9.2,8],"rotation":90,"texture":"#5"},"up":{"uv":[0,11.6,0.8,10.8],"rotation":90,"texture":"#5"},"down":{"uv":[7.6,11.2,8.4,10.4],"rotation":90,"texture":"#5"}}},{"from":[4.61463,8.3399,-0.72087],"to":[6.11463,9.8399,0.52913],"rotation":{"angle":22.5,"axis":"y","origin":[3.2,9.6899,-0.33778]},"faces":{"north":{"uv":[12.8,3,13.4,2.4],"rotation":270,"texture":"#5"},"east":{"uv":[13.4,5.4,12.8,4.8],"rotation":90,"texture":"#5"},"west":{"uv":[5.4,12.8,4.8,13.4],"rotation":90,"texture":"#5"},"up":{"uv":[12.8,4.2,13.4,3.6],"rotation":90,"texture":"#5"},"down":{"uv":[3.6,13.4,4.2,12.8],"rotation":90,"texture":"#5"}}},{"from":[4.69896,8.3434,-4.28574],"to":[5.87396,9.8364,-1.78574],"rotation":{"angle":-22.5,"axis":"y","origin":[3.2,9.6899,-0.33778]},"faces":{"north":{"uv":[12.8,12,13.4,11.6],"rotation":270,"texture":"#5"},"east":{"uv":[11.4,9.4,10.8,8.4],"rotation":90,"texture":"#5"},"west":{"uv":[11.4,6.8,10.8,7.8],"rotation":90,"texture":"#5"},"up":{"uv":[12.4,12.8,13.4,12.4],"rotation":90,"texture":"#5"},"down":{"uv":[10.8,12.8,11.8,12.4],"rotation":90,"texture":"#5"}}},{"from":[2.69243,8.5899,-4.46612],"to":[4.69243,9.5899,-3.46612],"rotation":{"angle":-45,"axis":"y","origin":[3.2,9.6899,-0.33778]},"faces":{"north":{"uv":[10.8,14,11.2,13.2],"rotation":270,"texture":"#5"},"east":{"uv":[4.4,14.4,4,14],"rotation":90,"texture":"#5"},"south":{"uv":[12.4,14,12.8,13.2],"rotation":90,"texture":"#5"},"west":{"uv":[14.4,3.2,14,3.6],"rotation":90,"texture":"#5"},"up":{"uv":[13.2,14,13.6,13.2],"rotation":90,"texture":"#5"},"down":{"uv":[11.6,14,12,13.2],"rotation":90,"texture":"#5"}}},{"from":[4.17823,8.7149,-3.42223],"to":[4.92823,9.4649,-1.42223],"rotation":{"angle":-22.5,"axis":"y","origin":[3.2,9.6899,-0.33778]},"faces":{"west":{"uv":[0.4,13.2,0,14],"rotation":90,"texture":"#5"},"up":{"uv":[12.8,11.2,13.6,10.8],"rotation":90,"texture":"#5"},"down":{"uv":[12.8,10.4,13.6,10],"rotation":90,"texture":"#5"}}},{"from":[-1.54617,8.5899,-1.77783],"to":[0.45383,9.5899,0.22217],"rotation":{"angle":45,"axis":"y","origin":[3.2,9.6899,-0.33778]},"faces":{"north":{"uv":[5.6,8,6,7.2],"rotation":270,"texture":"#5"},"east":{"uv":[13.2,9.6,12.8,8.8],"rotation":90,"texture":"#5"},"south":{"uv":[7.2,13.6,7.6,12.8],"rotation":90,"texture":"#5"},"west":{"uv":[13.2,7.6,12.8,8.4],"rotation":90,"texture":"#5"},"up":{"uv":[6.4,11.2,7.2,10.4],"rotation":90,"texture":"#5"},"down":{"uv":[9.6,10.8,10.4,10],"rotation":90,"texture":"#5"}}},{"from":[2.81985,8.3434,-2.63656],"to":[4.81985,9.8364,-1.13656],"rotation":{"angle":22.5,"axis":"y","origin":[3.2,9.6899,-0.33778]},"faces":{"north":{"uv":[11.6,5.6,12.2,4.8],"rotation":270,"texture":"#5"},"east":{"uv":[3,13.4,2.4,12.8],"rotation":90,"texture":"#5"},"south":{"uv":[7.2,12.4,7.8,11.6],"rotation":90,"texture":"#5"},"west":{"uv":[13.4,1.2,12.8,1.8],"rotation":90,"texture":"#5"},"up":{"uv":[0,12.8,0.6,12],"rotation":90,"texture":"#5"},"down":{"uv":[6,12.4,6.6,11.6],"rotation":90,"texture":"#5"}}},{"from":[0.54034,8.3434,0.1533],"to":[2.04034,9.8364,2.1533],"rotation":{"angle":-22.5,"axis":"y","origin":[3.2,9.6899,-0.33778]},"faces":{"north":{"uv":[12.8,0.6,13.4,0],"rotation":270,"texture":"#5"},"east":{"uv":[5.4,12.4,4.8,11.6],"rotation":90,"texture":"#5"},"south":{"uv":[1.2,13.4,1.8,12.8],"rotation":90,"texture":"#5"},"west":{"uv":[4.2,11.6,3.6,12.4],"rotation":90,"texture":"#5"},"up":{"uv":[2.4,12.2,3.2,11.6],"rotation":90,"texture":"#5"},"down":{"uv":[1.2,12.2,2,11.6],"rotation":90,"texture":"#5"}}},{"from":[-1.04617,8.0899,-1.27783],"to":[-0.04617,10.0899,-0.27783],"rotation":{"angle":45,"axis":"y","origin":[3.2,9.6899,-0.33778]},"faces":{"north":{"uv":[9.6,2,10.4,1.6],"rotation":270,"texture":"#5"},"east":{"uv":[13.6,7.2,12.8,6.8],"rotation":90,"texture":"#5"},"south":{"uv":[6,13.2,6.8,12.8],"rotation":90,"texture":"#5"},"west":{"uv":[13.6,6,12.8,6.4],"rotation":90,"texture":"#5"},"up":{"uv":[3.2,14.4,3.6,14],"rotation":90,"texture":"#5"},"down":{"uv":[14,2.8,14.4,2.4],"rotation":90,"texture":"#5"}}},{"from":[4.81985,8.4684,-2.51156],"to":[6.31985,9.7114,-1.26156],"rotation":{"angle":22.5,"axis":"y","origin":[3.2,9.6899,-0.33778]},"faces":{"north":{"uv":[14,0.6,14.4,0],"rotation":270,"texture":"#5"},"east":{"uv":[2.8,14.4,2.4,14],"rotation":90,"texture":"#5"},"south":{"uv":[14,1.8,14.4,1.2],"rotation":90,"texture":"#5"},"up":{"uv":[1.6,14.6,2,14],"rotation":90,"texture":"#5"},"down":{"uv":[0.8,14.6,1.2,14],"rotation":90,"texture":"#5"}}},{"from":[1.72849,8.3484,-2.60706],"to":[3.72849,9.8314,-1.22156],"rotation":{"angle":45,"axis":"y","origin":[3.2,9.6899,-0.33778]},"faces":{"north":{"uv":[10.8,10.8,11.4,10],"rotation":270,"texture":"#5"},"south":{"uv":[10.8,12,11.4,11.2],"rotation":90,"texture":"#5"},"up":{"uv":[11.6,0.8,12.2,0],"rotation":90,"texture":"#5"},"down":{"uv":[9.6,12,10.2,11.2],"rotation":90,"texture":"#5"}}},{"from":[0.5,9.185,2.5],"to":[15.5,9.215,7.5],"rotation":{"angle":0,"axis":"z","origin":[8,9.2,5.5]},"faces":{"up":{"uv":[6,2,0,0],"texture":"#5"},"down":{"uv":[6,0,0,2],"texture":"#5"}}},{"from":[7,7,0],"to":[9,9,7],"rotation":{"angle":0,"axis":"y","origin":[7,7,0]},"faces":{"north":{"uv":[10.8,2,11.6,2.8],"texture":"#5"},"east":{"uv":[6.4,0,9.2,0.8],"texture":"#5"},"west":{"uv":[6.4,1.2,9.2,2],"texture":"#5"},"up":{"uv":[7.2,5.2,6.4,2.4],"texture":"#5"},"down":{"uv":[7.2,5.6,6.4,8.4],"texture":"#5"}}},{"from":[7.5,6,0],"to":[8.5,7,4],"rotation":{"angle":0,"axis":"y","origin":[6.5,7,0]},"faces":{"north":{"uv":[14,6.4,14.4,6.8],"texture":"#5"},"east":{"uv":[10.8,3.2,12.4,3.6],"texture":"#5"},"south":{"uv":[6.8,14,7.2,14.4],"texture":"#5"},"west":{"uv":[10.8,4,12.4,4.4],"texture":"#5"},"down":{"uv":[11.2,4.8,10.8,6.4],"texture":"#5"}}},{"from":[7.5,5.68934,7.76777],"to":[8.5,8.68934,9.26777],"rotation":{"angle":-45,"axis":"x","origin":[8,5.68934,8.76777]},"faces":{"north":{"uv":[9.2,12.4,9.6,13.6],"texture":"#5"},"east":{"uv":[4,10,4.6,11.2],"texture":"#5"},"south":{"uv":[10,12.4,10.4,13.6],"texture":"#5"},"west":{"uv":[5.2,10,5.8,11.2],"texture":"#5"}}},{"from":[7.4,5.18934,7.26777],"to":[8.6,5.68934,9.36777],"rotation":{"angle":-45,"axis":"x","origin":[8,5.68934,8.76777]},"faces":{"north":{"uv":[7.6,14,8,14.2],"texture":"#5"},"east":{"uv":[14,4.8,14.8,5],"texture":"#5"},"south":{"uv":[8.4,14,8.8,14.2],"texture":"#5"},"west":{"uv":[14,5.6,14.8,5.8],"texture":"#5"},"up":{"uv":[14,8.4,13.6,7.6],"texture":"#5"},"down":{"uv":[14,8.8,13.6,9.6],"texture":"#5"}}},{"from":[7.5,7,8.5],"to":[8.5,9,11.5],"rotation":{"angle":22.5,"axis":"x","origin":[6.5,7,8.5]},"faces":{"east":{"uv":[9.2,2.4,10.4,3.2],"texture":"#5"},"south":{"uv":[6,13.6,6.4,14.4],"texture":"#5"},"west":{"uv":[9.2,3.6,10.4,4.4],"texture":"#5"},"up":{"uv":[12.4,12,12,10.8],"texture":"#5"},"down":{"uv":[8.8,12.4,8.4,13.6],"texture":"#5"}}},{"from":[7.5035,5.85195,11.27164],"to":[8.4965,7.70195,15.27164],"rotation":{"angle":0,"axis":"x","origin":[8.0035,6.85195,12.77164]},"faces":{"east":{"uv":[1.6,7.2,3.2,8],"texture":"#5"},"west":{"uv":[3.6,7.2,5.2,8],"texture":"#5"},"up":{"uv":[9.2,12,8.8,10.4],"texture":"#5"},"down":{"uv":[11.2,0,10.8,1.6],"texture":"#5"}}},{"from":[6.75,6.75,7],"to":[9.25,9.25,9.5],"rotation":{"angle":0,"axis":"y","origin":[7,7,7]},"faces":{"north":{"uv":[7.6,7.2,8.6,8.2],"texture":"#5"},"east":{"uv":[1.6,8.4,2.6,9.4],"texture":"#5"},"south":{"uv":[3.2,8.4,4.2,9.4],"texture":"#5"},"west":{"uv":[4.8,8.4,5.8,9.4],"texture":"#5"},"up":{"uv":[7.4,9.8,6.4,8.8],"texture":"#5"},"down":{"uv":[9,8.8,8,9.8],"texture":"#5"}}},{"from":[7.4035,4.98031,15.41969],"to":[8.6035,8.18031,16.41969],"rotation":{"angle":-22.5,"axis":"x","origin":[7.5035,5.08031,15.41969]},"faces":{"north":{"uv":[12,1.2,12.4,2.4],"texture":"#5"},"east":{"uv":[12,6,12.4,7.2],"texture":"#5"},"south":{"uv":[12,7.6,12.4,8.8],"texture":"#5"},"west":{"uv":[12,9.2,12.4,10.4],"texture":"#5"},"up":{"uv":[14.4,4.4,14,4],"texture":"#5"},"down":{"uv":[5.2,14,4.8,14.4],"texture":"#5"}}},{"from":[6.51737,9.77085,7.12967],"to":[7.51737,10.77085,9.12967],"rotation":{"angle":-45,"axis":"x","origin":[8,10.67889,10.40052]},"faces":{"north":{"uv":[12,12,11.33333,12.66667],"rotation":180,"texture":"#3"},"east":{"uv":[10,6,10.66667,7.33333],"rotation":270,"texture":"#3"},"south":{"uv":[12.66667,5.33333,12,4.66667],"texture":"#3"},"west":{"uv":[10,8,10.66667,9.33333],"rotation":90,"texture":"#3"},"up":{"uv":[4.66667,9.33333,5.33333,10.66667],"rotation":180,"texture":"#3"},"down":{"uv":[8,10,8.66667,11.33333],"texture":"#3"}}},{"from":[7,8.34743,9.34684],"to":[9,10.34743,13.34684],"rotation":{"angle":22.5,"axis":"x","origin":[8,10.17889,10.90052]},"faces":{"north":{"uv":[8,2,9.33333,3.33333],"texture":"#3"},"east":{"uv":[0,5.33333,2.66667,6.66667],"texture":"#3"},"south":{"uv":[8,4,9.33333,5.33333],"texture":"#3"},"west":{"uv":[6,0,8.66667,1.33333],"texture":"#3"},"up":{"uv":[7.33333,4.66667,6,2],"texture":"#3"},"down":{"uv":[7.33333,5.33333,6,8],"texture":"#3"}}},{"from":[6.75,9.84743,6.84684],"to":[9.25,12.34743,10.34684],"rotation":{"angle":0,"axis":"x","origin":[8,10.67889,10.40052]},"faces":{"north":{"uv":[3.33333,6.66667,5,8.33333],"texture":"#3"},"east":{"uv":[0,0,2.33333,1.66667],"texture":"#3"},"south":{"uv":[0,7.33333,1.66667,9],"texture":"#3"},"west":{"uv":[0,2.66667,2.33333,4.33333],"texture":"#3"},"up":{"uv":[5,2.33333,3.33333,0],"texture":"#3"},"down":{"uv":[5,3.33333,3.33333,5.66667],"texture":"#3"}}},{"from":[6.7,11.58622,8.8842],"to":[7.2,12.58622,9.8842],"rotation":{"angle":22.5,"axis":"x","origin":[8,10.67889,10.40052]},"faces":{"north":{"uv":[13.33333,4.66667,13.66667,5.33333],"texture":"#3"},"east":{"uv":[12.66667,6,13.33333,6.66667],"texture":"#3"},"south":{"uv":[13.33333,7.33333,13.66667,8],"texture":"#3"},"west":{"uv":[12.66667,11.33333,13.33333,12],"texture":"#3"},"up":{"uv":[13.66667,9.33333,13.33333,8.66667],"texture":"#3"},"down":{"uv":[13.66667,10,13.33333,10.66667],"texture":"#3"}}},{"from":[7.375,12.54478,9.55496],"to":[8.625,13.79478,10.80496],"rotation":{"angle":-45,"axis":"x","origin":[8,10.67889,10.40052]},"faces":{"north":{"uv":[6,8.66667,7,9.66667],"texture":"#3"},"east":{"uv":[9.33333,0,10.33333,1],"texture":"#3"},"south":{"uv":[2.66667,9.33333,3.66667,10.33333],"texture":"#3"},"west":{"uv":[0,10,1,11],"texture":"#3"},"up":{"uv":[11,3,10,2],"texture":"#3"},"down":{"uv":[11,4,10,5],"texture":"#3"}}},{"from":[7.5,13.79478,9.67996],"to":[8.5,15.29478,10.67996],"rotation":{"angle":-45,"axis":"x","origin":[8,10.67889,10.40052]},"faces":{"north":{"uv":[7.33333,12,8,13],"texture":"#3"},"east":{"uv":[8.66667,12,9.33333,13],"texture":"#3"},"south":{"uv":[12,9.33333,12.66667,10.33333],"texture":"#3"},"west":{"uv":[10,12,10.66667,13],"texture":"#3"},"up":{"uv":[13.33333,13.33333,12.66667,12.66667],"texture":"#3"}}},{"from":[7.5,11.34743,9.34684],"to":[8.5,13.34743,11.34684],"rotation":{"angle":0,"axis":"x","origin":[8,10.67889,10.40052]},"faces":{"north":{"uv":[2,11.33333,2.66667,12.66667],"texture":"#3"},"east":{"uv":[8,6,9.33333,7.33333],"texture":"#3"},"south":{"uv":[3.33333,11.33333,4,12.66667],"texture":"#3"},"west":{"uv":[8,8,9.33333,9.33333],"texture":"#3"},"up":{"uv":[5.33333,12.66667,4.66667,11.33333],"texture":"#3"},"down":{"uv":[12,6,11.33333,7.33333],"texture":"#3"}}},{"from":[7.5,8.44012,13.07497],"to":[8.5,8.45012,14.07497],"rotation":{"angle":-22.5,"axis":"x","origin":[8,9.22989,10.7538]},"faces":{"up":{"uv":[0,13.33333,0.66667,14],"rotation":180,"texture":"#3"},"down":{"uv":[1.33333,14,2,13.33333],"rotation":180,"texture":"#3"}}},{"from":[7.5,7.2292,13.5203],"to":[8.5,7.2392,14.5203],"rotation":{"angle":-45,"axis":"x","origin":[8,9.22989,10.7538]},"faces":{"north":{"uv":[14,1.33333,14.66667,1.33333],"texture":"#3"},"east":{"uv":[14,2,14.66667,2],"texture":"#3"},"south":{"uv":[14,2.66667,14.66667,2.66667],"texture":"#3"},"west":{"uv":[14,3.33333,14.66667,3.33333],"texture":"#3"},"up":{"uv":[3.33333,14,2.66667,13.33333],"texture":"#3"},"down":{"uv":[4.66667,13.33333,4,14],"texture":"#3"}}},{"from":[7,8.05743,13.99885],"to":[9,8.06743,14.99885],"rotation":{"angle":-22.5,"axis":"x","origin":[8,9.22989,10.7538]},"faces":{"up":{"uv":[11.33333,8,12.66667,8.66667],"rotation":180,"texture":"#3"},"down":{"uv":[0,12.66667,1.33333,12],"rotation":180,"texture":"#3"}}},{"from":[7,9.38843,13.20012],"to":[9,9.39843,14.20012],"rotation":{"angle":0,"axis":"x","origin":[8,9.22989,10.7538]},"faces":{"up":{"uv":[13.33333,2.66667,12,2],"texture":"#3"},"down":{"uv":[13.33333,3.33333,12,4],"texture":"#3"}}},{"from":[8.8,11.58622,8.8842],"to":[9.3,12.58622,9.8842],"rotation":{"angle":22.5,"axis":"x","origin":[8,10.67889,10.40052]},"faces":{"north":{"uv":[13.66667,4.66667,13.33333,5.33333],"texture":"#3"},"east":{"uv":[13.33333,11.33333,12.66667,12],"texture":"#3"},"south":{"uv":[13.66667,7.33333,13.33333,8],"texture":"#3"},"west":{"uv":[13.33333,6,12.66667,6.66667],"texture":"#3"},"up":{"uv":[13.33333,9.33333,13.66667,8.66667],"texture":"#3"},"down":{"uv":[13.33333,10,13.66667,10.66667],"texture":"#3"}}},{"from":[7.5,9.00643,14.12056],"to":[8.5,9.01643,15.12056],"rotation":{"angle":0,"axis":"x","origin":[8,9.22989,10.7538]},"faces":{"north":{"uv":[14,1.33333,14.66667,1.33333],"texture":"#3"},"east":{"uv":[14,2,14.66667,2],"texture":"#3"},"south":{"uv":[14,2.66667,14.66667,2.66667],"texture":"#3"},"west":{"uv":[14,3.33333,14.66667,3.33333],"texture":"#3"},"up":{"uv":[3.33333,14,2.66667,13.33333],"texture":"#3"},"down":{"uv":[4.66667,13.33333,4,14],"texture":"#3"}}},{"from":[7.5,10.31177,12.94942],"to":[8.5,10.32177,13.94942],"rotation":{"angle":22.5,"axis":"x","origin":[8,9.22989,10.7538]},"faces":{"up":{"uv":[0.66667,14,0,13.33333],"texture":"#3"},"down":{"uv":[2,13.33333,1.33333,14],"texture":"#3"}}},{"from":[6.55875,6.05629,11.02332],"to":[7.55875,8.05629,12.02332],"rotation":{"angle":-22.5,"axis":"x","origin":[8,9.67889,10.40052]},"faces":{"north":{"uv":[5.33333,10.66667,4.66667,9.33333],"rotation":180,"texture":"#3"},"east":{"uv":[10.66667,7.33333,10,6],"rotation":180,"texture":"#3"},"south":{"uv":[8.66667,11.33333,8,10],"rotation":180,"texture":"#3"},"west":{"uv":[10.66667,9.33333,10,8],"rotation":180,"texture":"#3"},"up":{"uv":[12,4.66667,12.66667,5.33333],"rotation":180,"texture":"#3"},"down":{"uv":[11.33333,12.66667,12,12],"rotation":180,"texture":"#3"}}},{"from":[8.48263,9.77085,7.12967],"to":[9.48263,10.77085,9.12967],"rotation":{"angle":-45,"axis":"x","origin":[8,10.67889,10.40052]},"faces":{"north":{"uv":[11.33333,12,12,12.66667],"rotation":180,"texture":"#3"},"east":{"uv":[10.66667,8,10,9.33333],"rotation":270,"texture":"#3"},"south":{"uv":[12,5.33333,12.66667,4.66667],"texture":"#3"},"west":{"uv":[10.66667,6,10,7.33333],"rotation":90,"texture":"#3"},"up":{"uv":[5.33333,9.33333,4.66667,10.66667],"rotation":180,"texture":"#3"},"down":{"uv":[8.66667,10,8,11.33333],"texture":"#3"}}},{"from":[8.44125,6.05629,11.02332],"to":[9.44125,8.05629,12.02332],"rotation":{"angle":-22.5,"axis":"x","origin":[8,9.67889,10.40052]},"faces":{"north":{"uv":[4.66667,10.66667,5.33333,9.33333],"rotation":180,"texture":"#3"},"east":{"uv":[10,9.33333,10.66667,8],"rotation":180,"texture":"#3"},"south":{"uv":[8,11.33333,8.66667,10],"rotation":180,"texture":"#3"},"west":{"uv":[10,7.33333,10.66667,6],"rotation":180,"texture":"#3"},"up":{"uv":[12.66667,4.66667,12,5.33333],"rotation":180,"texture":"#3"},"down":{"uv":[12,12.66667,11.33333,12],"rotation":180,"texture":"#3"}}}],"gui_light":"front","display":{"thirdperson_righthand":{"translation":[-1.5,1,2.75]},"thirdperson_lefthand":{"translation":[-1.5,1,2.75]},"firstperson_righthand":{"translation":[1,3,2.25],"scale":[0.7,0.7,0.7]},"firstperson_lefthand":{"translation":[1,3,2.25],"scale":[0.7,0.7,0.7]},"ground":{"rotation":[25,0,0],"translation":[0,3,0],"scale":[0.7,0.7,0.7]},"gui":{"rotation":[90,45,0],"translation":[2.25,-2.25,0],"scale":[0.9,0.9,0.9]},"head":{"rotation":[24,0,0]},"fixed":{"rotation":[-90,0,0],"translation":[0,0,-4.75],"scale":[2,2,2]}}}