{"credit":"Pologony Creation Co.,Ltd.","texture_size":[8,8],"textures":{"2":"little_unicorn_set:animations/animation_1","3":"little_unicorn_set:unicorn","4":"little_unicorn_set:animations/animation_2","5":"little_unicorn_set:hammer","particle":"little_unicorn_set:hammer"},"elements":[{"from":[7.1,17.6,8.1],"to":[8.9,19.9,10.4],"rotation":{"angle":-45,"axis":"x","origin":[7,17.5,8]},"faces":{"north":{"uv":[11.6,5.6,12.4,6.6],"texture":"#5"},"east":{"uv":[10,9.2,11,10.2],"texture":"#5"},"south":{"uv":[8.8,11.6,9.6,12.6],"texture":"#5"},"west":{"uv":[10.4,1.2,11.4,2.2],"texture":"#5"},"up":{"uv":[12.4,9.8,11.6,8.8],"texture":"#5"},"down":{"uv":[12.8,0,12,1],"texture":"#5"}}},{"from":[6.85,17.85,8.35],"to":[9.15,19.65,10.15],"rotation":{"angle":-45,"axis":"x","origin":[7,17.5,8]},"faces":{"north":{"uv":[12,1.6,13,2.4],"texture":"#5"},"east":{"uv":[12.4,7.2,13.2,8],"texture":"#5"},"south":{"uv":[12,2.8,13,3.6],"texture":"#5"},"west":{"uv":[0,12.8,0.8,13.6],"texture":"#5"},"up":{"uv":[4.2,12.8,3.2,12],"texture":"#5"},"down":{"uv":[12.2,12,11.2,12.8],"texture":"#5"}}},{"from":[7.25,-6,7.25],"to":[8.75,-5.5,8.75],"rotation":{"angle":45,"axis":"y","origin":[8,-4,8]},"faces":{"north":{"uv":[1.6,14.8,2.2,15],"texture":"#5"},"east":{"uv":[14.8,1.6,15.4,1.8],"texture":"#5"},"south":{"uv":[14.8,2.4,15.4,2.6],"texture":"#5"},"west":{"uv":[14.8,3.2,15.4,3.4],"texture":"#5"},"up":{"uv":[13.8,4.6,13.2,4],"texture":"#5"},"down":{"uv":[7,13.2,6.4,13.8],"texture":"#5"}}},{"from":[7.375,-7.16161,7.46339],"to":[8.625,-5.91161,8.71339],"rotation":{"angle":-45,"axis":"x","origin":[8,-6.625,8]},"faces":{"north":{"uv":[7.6,13.2,8.2,13.8],"texture":"#5"},"east":{"uv":[8.8,13.2,9.4,13.8],"texture":"#5"},"south":{"uv":[10.8,13.2,11.4,13.8],"texture":"#5"},"west":{"uv":[13.6,1.6,14.2,2.2],"texture":"#5"},"up":{"uv":[14.2,3.4,13.6,2.8],"texture":"#5"},"down":{"uv":[14.2,6.8,13.6,7.4],"texture":"#5"}}},{"from":[6.35,24.5,8.75],"to":[6.35,27,11.25],"rotation":{"angle":22.5,"axis":"x","origin":[6.35,25.75,10]},"faces":{"west":{"uv":[10.4,2.8,11.4,3.8],"texture":"#5"}}},{"from":[7.5,5.5,7.5],"to":[8.5,10.5,8.5],"rotation":{"angle":45,"axis":"y","origin":[8,7,8]},"faces":{"north":{"uv":[4.8,10.8,5.2,12.8],"texture":"#5"},"east":{"uv":[1.2,12.4,1.6,14.4],"texture":"#5"},"south":{"uv":[2,12.4,2.4,14.4],"texture":"#5"},"west":{"uv":[10,12.4,10.4,14.4],"texture":"#5"},"up":{"uv":[10,1.6,9.6,1.2],"texture":"#5"},"down":{"uv":[1.2,14.8,0.8,15.2],"texture":"#5"}}},{"from":[7.5,11.5,7.5],"to":[8.5,18.5,8.5],"rotation":{"angle":45,"axis":"y","origin":[8,13,8]},"faces":{"north":{"uv":[5.6,9.6,6,12.4],"texture":"#5"},"east":{"uv":[6.4,10,6.8,12.8],"texture":"#5"},"south":{"uv":[7.2,10,7.6,12.8],"texture":"#5"},"west":{"uv":[8,10,8.4,12.8],"texture":"#5"}}},{"from":[7.5,-5.5,7.5],"to":[8.5,4.5,8.5],"rotation":{"angle":45,"axis":"y","origin":[8,-4,8]},"faces":{"north":{"uv":[0,6.8,0.4,10.8],"texture":"#5"},"east":{"uv":[0.8,6.8,1.2,10.8],"texture":"#5"},"south":{"uv":[1.6,8,2,12],"texture":"#5"},"west":{"uv":[2.4,8,2.8,12],"texture":"#5"}}},{"from":[7,10.5,7],"to":[9,11.5,9],"rotation":{"angle":0,"axis":"y","origin":[7,10.5,7]},"faces":{"north":{"uv":[12,13.6,12.8,14],"texture":"#5"},"east":{"uv":[13.2,13.6,14,14],"texture":"#5"},"south":{"uv":[0,14,0.8,14.4],"texture":"#5"},"west":{"uv":[14,5.2,14.8,5.6],"texture":"#5"},"up":{"uv":[13.6,6.4,12.8,5.6],"texture":"#5"},"down":{"uv":[13.6,8.4,12.8,9.2],"texture":"#5"}}},{"from":[7,4.5,7],"to":[9,5.5,9],"rotation":{"angle":0,"axis":"y","origin":[7,5.5,7]},"faces":{"north":{"uv":[14,6,14.8,6.4],"texture":"#5"},"east":{"uv":[14,8,14.8,8.4],"texture":"#5"},"south":{"uv":[14,8.8,14.8,9.2],"texture":"#5"},"west":{"uv":[14,9.6,14.8,10],"texture":"#5"},"up":{"uv":[13.6,10.4,12.8,9.6],"texture":"#5"},"down":{"uv":[13.6,10.8,12.8,11.6],"texture":"#5"}}},{"from":[6.29237,20.87854,9.04513],"to":[7.29237,22.87854,10.04513],"rotation":{"angle":-22.5,"axis":"z","origin":[6.81306,21.82903,10.84921]},"faces":{"north":{"uv":[4.66667,9.33333,5.33333,10.66667],"texture":"#3"},"east":{"uv":[10,6,10.66667,7.33333],"texture":"#3"},"south":{"uv":[8,10,8.66667,11.33333],"texture":"#3"},"west":{"uv":[10,8,10.66667,9.33333],"texture":"#3"},"up":{"uv":[12.66667,5.33333,12,4.66667],"texture":"#3"},"down":{"uv":[12,12,11.33333,12.66667],"texture":"#3"}}},{"from":[7,21.94134,8.55866],"to":[9,23.94134,12.55866],"rotation":{"angle":0,"axis":"y","origin":[8,24.07082,10.62093]},"faces":{"north":{"uv":[8,2,9.33333,3.33333],"texture":"#3"},"east":{"uv":[0,5.33333,2.66667,6.66667],"texture":"#3"},"south":{"uv":[8,4,9.33333,5.33333],"texture":"#3"},"west":{"uv":[6,0,8.66667,1.33333],"texture":"#3"},"up":{"uv":[7.33333,4.66667,6,2],"texture":"#3"},"down":{"uv":[7.33333,5.33333,6,8],"texture":"#3"}}},{"from":[6.75,22.94134,6.55866],"to":[9.25,25.44134,10.05866],"rotation":{"angle":0,"axis":"y","origin":[8,24.07082,10.62093]},"faces":{"north":{"uv":[3.33333,6.66667,5,8.33333],"texture":"#3"},"east":{"uv":[0,0,2.33333,1.66667],"texture":"#3"},"south":{"uv":[0,7.33333,1.66667,9],"texture":"#3"},"west":{"uv":[0,2.66667,2.33333,4.33333],"texture":"#3"},"up":{"uv":[5,2.33333,3.33333,0],"texture":"#3"},"down":{"uv":[5,3.33333,3.33333,5.66667],"texture":"#3"}}},{"from":[6.7,24.50819,8.74877],"to":[7.2,25.50819,9.74877],"rotation":{"angle":22.5,"axis":"x","origin":[8,24.07082,10.62093]},"faces":{"north":{"uv":[13.33333,4.66667,13.66667,5.33333],"texture":"#3"},"east":{"uv":[12.66667,6,13.33333,6.66667],"texture":"#3"},"south":{"uv":[13.33333,7.33333,13.66667,8],"texture":"#3"},"west":{"uv":[12.66667,11.33333,13.33333,12],"texture":"#3"},"up":{"uv":[13.66667,9.33333,13.33333,8.66667],"texture":"#3"},"down":{"uv":[13.66667,10,13.33333,10.66667],"texture":"#3"}}},{"from":[7.375,22.6549,7.35614],"to":[8.625,23.9049,8.60614],"rotation":{"angle":45,"axis":"x","origin":[8,24.07082,10.62093]},"faces":{"north":{"uv":[11,3,10,2],"rotation":180,"texture":"#3"},"east":{"uv":[9.33333,0,10.33333,1],"rotation":90,"texture":"#3"},"south":{"uv":[11,4,10,5],"texture":"#3"},"west":{"uv":[0,10,1,11],"rotation":270,"texture":"#3"},"up":{"uv":[2.66667,9.33333,3.66667,10.33333],"texture":"#3"},"down":{"uv":[6,8.66667,7,9.66667],"rotation":180,"texture":"#3"}}},{"from":[7.5,22.7799,5.85614],"to":[8.5,23.7799,7.35614],"rotation":{"angle":45,"axis":"x","origin":[8,24.07082,10.62093]},"faces":{"north":{"uv":[13.33333,13.33333,12.66667,12.66667],"rotation":180,"texture":"#3"},"east":{"uv":[8.66667,12,9.33333,13],"rotation":90,"texture":"#3"},"west":{"uv":[10,12,10.66667,13],"rotation":270,"texture":"#3"},"up":{"uv":[12,9.33333,12.66667,10.33333],"texture":"#3"},"down":{"uv":[7.33333,12,8,13],"rotation":180,"texture":"#3"}}},{"from":[7.5,24.44134,9.05866],"to":[8.5,26.44134,11.05866],"rotation":{"angle":0,"axis":"y","origin":[8,24.07082,10.62093]},"faces":{"north":{"uv":[2,11.33333,2.66667,12.66667],"texture":"#3"},"east":{"uv":[8,6,9.33333,7.33333],"texture":"#3"},"south":{"uv":[3.33333,11.33333,4,12.66667],"texture":"#3"},"west":{"uv":[8,8,9.33333,9.33333],"texture":"#3"},"up":{"uv":[5.33333,12.66667,4.66667,11.33333],"texture":"#3"},"down":{"uv":[12,6,11.33333,7.33333],"texture":"#3"}}},{"from":[7.5,23.20035,12.35817],"to":[8.5,23.21035,13.35817],"rotation":{"angle":-22.5,"axis":"x","origin":[8,24.07082,10.62093]},"faces":{"up":{"uv":[0.66667,14,0,13.33333],"texture":"#3"},"down":{"uv":[2,13.33333,1.33333,14],"texture":"#3"}}},{"from":[7.5,26.26696,12.46272],"to":[8.5,27.26696,12.47272],"rotation":{"angle":45,"axis":"x","origin":[8,24.07082,10.62093]},"faces":{"north":{"uv":[3.33333,14,2.66667,13.33333],"rotation":180,"texture":"#3"},"east":{"uv":[14,2,14.66667,2],"rotation":90,"texture":"#3"},"south":{"uv":[4.66667,13.33333,4,14],"texture":"#3"},"west":{"uv":[14,3.33333,14.66667,3.33333],"rotation":270,"texture":"#3"},"up":{"uv":[14,2.66667,14.66667,2.66667],"texture":"#3"},"down":{"uv":[14,1.33333,14.66667,1.33333],"rotation":180,"texture":"#3"}}},{"from":[7,22.81766,13.28205],"to":[9,22.82766,14.28205],"rotation":{"angle":-22.5,"axis":"x","origin":[8,24.07082,10.62093]},"faces":{"up":{"uv":[12.66667,8.66667,11.33333,8],"texture":"#3"},"down":{"uv":[1.33333,12,0,12.66667],"texture":"#3"}}},{"from":[7,23.93134,12.55866],"to":[9,23.94134,13.55866],"rotation":{"angle":0,"axis":"y","origin":[8,24.07082,10.62093]},"faces":{"up":{"uv":[13.33333,2.66667,12,2],"texture":"#3"},"down":{"uv":[13.33333,3.33333,12,4],"texture":"#3"}}},{"from":[8.8,24.50819,8.74877],"to":[9.3,25.50819,9.74877],"rotation":{"angle":22.5,"axis":"x","origin":[8,24.07082,10.62093]},"faces":{"north":{"uv":[13.66667,4.66667,13.33333,5.33333],"texture":"#3"},"east":{"uv":[13.33333,11.33333,12.66667,12],"texture":"#3"},"south":{"uv":[13.66667,7.33333,13.33333,8],"texture":"#3"},"west":{"uv":[13.33333,6,12.66667,6.66667],"texture":"#3"},"up":{"uv":[13.33333,9.33333,13.66667,8.66667],"texture":"#3"},"down":{"uv":[13.33333,10,13.66667,10.66667],"texture":"#3"}}},{"from":[7.5,23.54934,13.4791],"to":[8.5,23.55934,14.4791],"rotation":{"angle":0,"axis":"y","origin":[8,24.07082,10.62093]},"faces":{"north":{"uv":[14,1.33333,14.66667,1.33333],"texture":"#3"},"east":{"uv":[14,2,14.66667,2],"texture":"#3"},"south":{"uv":[14,2.66667,14.66667,2.66667],"texture":"#3"},"west":{"uv":[14,3.33333,14.66667,3.33333],"texture":"#3"},"up":{"uv":[3.33333,14,2.66667,13.33333],"texture":"#3"},"down":{"uv":[4.66667,13.33333,4,14],"texture":"#3"}}},{"from":[7.5,24.68274,12.46071],"to":[8.5,24.69274,13.46071],"rotation":{"angle":22.5,"axis":"x","origin":[8,24.07082,10.62093]},"faces":{"up":{"uv":[0.66667,14,0,13.33333],"texture":"#3"},"down":{"uv":[2,13.33333,1.33333,14],"texture":"#3"}}},{"from":[6.33374,20.77951,11.65329],"to":[7.33374,22.77951,12.65329],"rotation":{"angle":-22.5,"axis":"z","origin":[6.81306,21.82903,10.84921]},"faces":{"north":{"uv":[4.66667,9.33333,5.33333,10.66667],"texture":"#3"},"east":{"uv":[10,6,10.66667,7.33333],"texture":"#3"},"south":{"uv":[8,10,8.66667,11.33333],"texture":"#3"},"west":{"uv":[10,8,10.66667,9.33333],"texture":"#3"},"up":{"uv":[12.66667,5.33333,12,4.66667],"texture":"#3"},"down":{"uv":[12,12,11.33333,12.66667],"texture":"#3"}}},{"from":[8.70763,20.87854,9.04513],"to":[9.70763,22.87854,10.04513],"rotation":{"angle":22.5,"axis":"z","origin":[9.18694,21.82903,10.84921]},"faces":{"north":{"uv":[5.33333,9.33333,4.66667,10.66667],"texture":"#3"},"east":{"uv":[10.66667,8,10,9.33333],"texture":"#3"},"south":{"uv":[8.66667,10,8,11.33333],"texture":"#3"},"west":{"uv":[10.66667,6,10,7.33333],"texture":"#3"},"up":{"uv":[12,5.33333,12.66667,4.66667],"texture":"#3"},"down":{"uv":[11.33333,12,12,12.66667],"texture":"#3"}}},{"from":[8.66626,20.77951,11.65329],"to":[9.66626,22.77951,12.65329],"rotation":{"angle":22.5,"axis":"z","origin":[9.18694,21.82903,10.84921]},"faces":{"north":{"uv":[5.33333,9.33333,4.66667,10.66667],"texture":"#3"},"east":{"uv":[10.66667,8,10,9.33333],"texture":"#3"},"south":{"uv":[8.66667,10,8,11.33333],"texture":"#3"},"west":{"uv":[10.66667,6,10,7.33333],"texture":"#3"},"up":{"uv":[12,5.33333,12.66667,4.66667],"texture":"#3"},"down":{"uv":[11.33333,12,12,12.66667],"texture":"#3"}}},{"from":[6.5,17.76777,5.12365],"to":[9.5,20.76777,7.12365],"rotation":{"angle":45,"axis":"z","origin":[8,19.26777,2.87365]},"faces":{"east":{"uv":[10.4,4.4,11.2,5.6],"texture":"#5"},"south":{"uv":[3.2,8,4.4,9.2],"texture":"#5"},"west":{"uv":[10.4,6,11.2,7.2],"texture":"#5"},"up":{"uv":[4.4,11.6,3.2,10.8],"texture":"#5"},"down":{"uv":[12,7.6,10.8,8.4],"texture":"#5"}}},{"from":[6,17.26777,1.12365],"to":[10,21.26777,5.12365],"rotation":{"angle":45,"axis":"z","origin":[8,19.26777,2.87365]},"faces":{"north":{"uv":[2.4,0,4,1.6],"texture":"#5"},"east":{"uv":[2.4,2,4,3.6],"texture":"#5"},"south":{"uv":[2.4,4,4,5.6],"texture":"#5"},"west":{"uv":[4.4,0,6,1.6],"texture":"#5"},"up":{"uv":[6,3.6,4.4,2],"texture":"#5"},"down":{"uv":[6,4,4.4,5.6],"texture":"#5"}}},{"from":[6.5,17.76777,12.87365],"to":[9.5,20.76777,14.87365],"rotation":{"angle":45,"axis":"z","origin":[8,19.26777,10.62365]},"faces":{"east":{"uv":[10,10.8,10.8,12],"texture":"#5"},"south":{"uv":[4.8,8,6,9.2],"texture":"#5"},"west":{"uv":[0,11.2,0.8,12.4],"texture":"#5"},"up":{"uv":[12.4,11.6,11.2,10.8],"texture":"#5"},"down":{"uv":[12.8,4.4,11.6,5.2],"texture":"#5"}}},{"from":[6,17.26777,8.87365],"to":[10,21.26777,12.87365],"rotation":{"angle":45,"axis":"z","origin":[8,19.26777,10.62365]},"faces":{"north":{"uv":[0,4.8,1.6,6.4],"texture":"#5"},"east":{"uv":[2,6,3.6,7.6],"texture":"#5"},"south":{"uv":[4,6,5.6,7.6],"texture":"#5"},"west":{"uv":[6,6,7.6,7.6],"texture":"#5"},"up":{"uv":[8,1.6,6.4,0],"texture":"#5"},"down":{"uv":[8,2,6.4,3.6],"texture":"#5"}}},{"from":[5.5,16.76777,-0.87635],"to":[10.5,21.76777,0.62365],"rotation":{"angle":45,"axis":"z","origin":[8,19.26777,3.37365]},"faces":{"north":{"uv":[0,0,2,2],"texture":"#5"},"east":{"uv":[9.2,5.6,9.8,7.6],"texture":"#5"},"south":{"uv":[0,2.4,2,4.4],"texture":"#5"},"west":{"uv":[8.8,9.2,9.4,11.2],"texture":"#5"},"up":{"uv":[11.6,0.6,9.6,0],"texture":"#5"},"down":{"uv":[5.2,9.6,3.2,10.2],"texture":"#5"}}},{"from":[6,17.26777,-1.37635],"to":[10,21.26777,-0.87635],"rotation":{"angle":45,"axis":"z","origin":[8,19.26777,1.87365]},"faces":{"north":{"uv":[6.4,4,8,5.6],"texture":"#5"},"east":{"uv":[6.4,14.4,6.6,16],"texture":"#5"},"west":{"uv":[7.2,14.4,7.4,16],"texture":"#5"},"up":{"uv":[15.6,10.6,14,10.4],"texture":"#5"},"down":{"uv":[15.6,11.2,14,11.4],"texture":"#5"}}},{"from":[5,18.76777,0.12365],"to":[7,19.76777,4.12365],"rotation":{"angle":45,"axis":"z","origin":[8,19.26777,2.87365]},"faces":{"north":{"uv":[14.4,4,15.2,4.4],"texture":"#5"},"east":{"uv":[12.8,12,14.4,12.4],"texture":"#5"},"south":{"uv":[8,14.4,8.8,14.8],"texture":"#5"},"west":{"uv":[12.8,12.8,14.4,13.2],"texture":"#5"},"up":{"uv":[8.8,7.6,8,6],"texture":"#5"},"down":{"uv":[7.2,8,6.4,9.6],"texture":"#5"}}},{"from":[9,18.76777,0.12365],"to":[11,19.76777,4.12365],"rotation":{"angle":45,"axis":"z","origin":[8,19.26777,2.87365]},"faces":{"north":{"uv":[10.8,14.4,11.6,14.8],"texture":"#5"},"east":{"uv":[13.2,0,14.8,0.4],"texture":"#5"},"south":{"uv":[12,14.4,12.8,14.8],"texture":"#5"},"west":{"uv":[13.2,0.8,14.8,1.2],"texture":"#5"},"up":{"uv":[8.4,9.6,7.6,8],"texture":"#5"},"down":{"uv":[9.2,0,8.4,1.6],"texture":"#5"}}},{"from":[7.5,16.26777,0.12365],"to":[8.5,18.26777,4.12365],"rotation":{"angle":45,"axis":"z","origin":[8,19.26777,2.87365]},"faces":{"north":{"uv":[9.2,14.4,9.6,15.2],"texture":"#5"},"east":{"uv":[8.4,2,10,2.8],"texture":"#5"},"south":{"uv":[13.2,14.4,13.6,15.2],"texture":"#5"},"west":{"uv":[8.4,3.2,10,4],"texture":"#5"},"up":{"uv":[6,14.4,5.6,12.8],"texture":"#5"},"down":{"uv":[3.2,13.2,2.8,14.8],"texture":"#5"}}},{"from":[7.5,20.26777,0.12365],"to":[8.5,22.26777,4.12365],"rotation":{"angle":45,"axis":"z","origin":[8,19.26777,2.87365]},"faces":{"north":{"uv":[14.4,13.6,14.8,14.4],"texture":"#5"},"east":{"uv":[8.4,4.4,10,5.2],"texture":"#5"},"south":{"uv":[0,14.8,0.4,15.6],"texture":"#5"},"west":{"uv":[8.8,8,10.4,8.8],"texture":"#5"},"up":{"uv":[4,14.8,3.6,13.2],"texture":"#5"},"down":{"uv":[4.8,13.2,4.4,14.8],"texture":"#5"}}},{"from":[6.37868,19.76777,14.87365],"to":[6.38868,21.76777,20.87365],"rotation":{"angle":-45,"axis":"z","origin":[5.87868,19.26777,14.87365]},"faces":{"east":{"uv":[12,0,0,4],"texture":"#2"},"west":{"uv":[0,0,12,4],"texture":"#2"}}},{"from":[9.61132,19.76777,14.87365],"to":[9.62132,21.76777,20.87365],"rotation":{"angle":45,"axis":"z","origin":[10.12132,19.26777,14.87365]},"faces":{"east":{"uv":[12,0,0,4],"texture":"#2"},"west":{"uv":[0,0,12,4],"texture":"#2"}}},{"from":[9.61132,16.76777,14.87365],"to":[9.62132,18.76777,20.87365],"rotation":{"angle":-45,"axis":"z","origin":[10.12132,19.26777,14.87365]},"faces":{"east":{"uv":[12,4,0,0],"texture":"#2"},"west":{"uv":[0,4,12,0],"texture":"#2"}}},{"from":[6.37868,16.76777,14.87365],"to":[6.38868,18.76777,20.87365],"rotation":{"angle":45,"axis":"z","origin":[5.87868,19.26777,14.87365]},"faces":{"east":{"uv":[12,4,0,0],"texture":"#2"},"west":{"uv":[0,4,12,0],"texture":"#2"}}},{"from":[2.6967,19.70711,4.62365],"to":[2.7067,25.70711,6.12365],"rotation":{"angle":-45,"axis":"z","origin":[2.6967,18.20711,5.12365]},"faces":{"east":{"uv":[3,0,0,12],"texture":"#4"},"west":{"uv":[0,0,3,12],"texture":"#4"}}},{"from":[7.11778,21.38055,4.62365],"to":[13.11778,21.39055,6.12365],"rotation":{"angle":-45,"axis":"z","origin":[10.11778,21.38555,5.37365]},"faces":{"up":{"uv":[0,0,3,12],"rotation":90,"texture":"#4"},"down":{"uv":[3,0,0,12],"rotation":90,"texture":"#4"}}},{"from":[7.11778,17.14499,4.62365],"to":[13.11778,17.15499,6.12365],"rotation":{"angle":45,"axis":"z","origin":[10.11778,17.14999,5.37365]},"faces":{"up":{"uv":[0,12,3,0],"rotation":90,"texture":"#4"},"down":{"uv":[3,12,0,0],"rotation":90,"texture":"#4"}}},{"from":[2.6967,12.82843,4.62365],"to":[2.7067,18.82843,6.12365],"rotation":{"angle":45,"axis":"z","origin":[2.6967,20.32843,5.12365]},"faces":{"east":{"uv":[3,0,0,12],"texture":"#4"},"west":{"uv":[0,0,3,12],"texture":"#4"}}}],"display":{"thirdperson_righthand":{"translation":[0,-2,1]},"thirdperson_lefthand":{"translation":[0,-2,1]},"firstperson_righthand":{"rotation":[-3,0,0],"translation":[0.75,-0.75,1.25],"scale":[0.7,0.7,0.7]},"firstperson_lefthand":{"rotation":[-3,0,0],"translation":[0.75,-0.75,1.25],"scale":[0.7,0.7,0.7]},"ground":{"rotation":[-45,0,0],"translation":[0,3,0],"scale":[0.7,0.7,0.7]},"gui":{"rotation":[-90,45,90],"translation":[1.75,-1.75,0],"scale":[0.6,0.6,0.6]},"head":{"rotation":[0,-90,0]},"fixed":{"rotation":[0,-90,0],"translation":[0,0,-2.25],"scale":[2,2,2]}},"gui_light":"front"}