{"credit":"Pologony Creation Co.,Ltd.","textures":{"1":"little_unicorn_set:animations/helmet_animation","2":"little_unicorn_set:helmet","particle":"little_unicorn_set:animations/helmet_animation"},"elements":[{"from":[4,2.43276,11.975],"to":[12,11.18276,12.975],"rotation":{"angle":0,"axis":"y","origin":[4,4.93276,3.975]},"faces":{"north":{"uv":[0,0,2.66667,3],"texture":"#2"},"south":{"uv":[3,0,5.66667,3],"texture":"#2"},"down":{"uv":[14,3.66667,11.33333,4],"texture":"#2"}}},{"from":[4,8.93276,3.025],"to":[12,11.18276,4.025],"rotation":{"angle":0,"axis":"y","origin":[4,4.93276,-4.975]},"faces":{"north":{"uv":[7.66667,8.33333,10.33333,9],"texture":"#2"},"east":{"uv":[12.66667,13.33333,13,14],"texture":"#2"},"south":{"uv":[9,2.66667,11.66667,3.33333],"texture":"#2"},"west":{"uv":[13.33333,13.33333,13.66667,14],"texture":"#2"},"down":{"uv":[14,4.33333,11.33333,4.66667],"texture":"#2"}}},{"from":[7.7039,10.38948,3],"to":[10.7039,11.38948,13],"rotation":{"angle":-22.5,"axis":"z","origin":[10.7039,5.38948,4]},"faces":{"north":{"uv":[12.33333,6.33333,13.33333,6.66667],"texture":"#2"},"east":{"uv":[9,5.66667,12.33333,6],"texture":"#2"},"south":{"uv":[12.33333,7,13.33333,7.33333],"texture":"#2"},"west":{"uv":[0,10.33333,3.33333,10.66667],"texture":"#2"},"up":{"uv":[7.33333,6,6.33333,2.66667],"texture":"#2"},"down":{"uv":[7.33333,6.33333,6.33333,9.66667],"texture":"#2"}}},{"from":[5.2961,10.38948,3],"to":[8.2961,11.38948,13],"rotation":{"angle":22.5,"axis":"z","origin":[5.2961,5.38948,4]},"faces":{"north":{"uv":[12.33333,8.33333,13.33333,8.66667],"texture":"#2"},"east":{"uv":[10.33333,0,13.66667,0.33333],"texture":"#2"},"south":{"uv":[12.33333,9,13.33333,9.33333],"texture":"#2"},"west":{"uv":[10.33333,0.66667,13.66667,1],"texture":"#2"},"up":{"uv":[5.33333,10.33333,4.33333,7],"texture":"#2"},"down":{"uv":[8.66667,2.66667,7.66667,6],"texture":"#2"}}},{"from":[5.77125,11.08081,2.9785],"to":[10.22875,12.08081,12.9965],"rotation":{"angle":0,"axis":"z","origin":[5.77125,6.08081,4.0035]},"faces":{"north":{"uv":[0,9.66667,1.33333,10],"texture":"#2"},"east":{"uv":[10.33333,1.33333,13.66667,1.66667],"texture":"#2"},"south":{"uv":[11.33333,5,12.66667,5.33333],"texture":"#2"},"west":{"uv":[10.33333,2,13.66667,2.33333],"texture":"#2"},"up":{"uv":[6,6.66667,4.66667,3.33333],"texture":"#2"},"down":{"uv":[1.33333,6,0,9.33333],"texture":"#2"}}},{"from":[5.14693,1.54381,3],"to":[6.07193,4.54381,4],"rotation":{"angle":22.5,"axis":"z","origin":[5.07193,1.54381,3]},"faces":{"north":{"uv":[12.33333,11,12.66667,12],"texture":"#2"},"east":{"uv":[11.33333,12.33333,11.66667,13.33333],"texture":"#2"},"south":{"uv":[12,12.33333,12.33333,13.33333],"texture":"#2"},"up":{"uv":[14,6,13.66667,5.66667],"texture":"#2"},"down":{"uv":[6.33333,13.66667,6,14],"texture":"#2"}}},{"from":[3.07193,1.54381,3],"to":[5.14693,2.54381,4],"rotation":{"angle":22.5,"axis":"z","origin":[5.07193,1.54381,3]},"faces":{"north":{"uv":[13,7.66667,13.66667,8],"texture":"#2"},"south":{"uv":[13,9.66667,13.66667,10],"texture":"#2"},"west":{"uv":[13.66667,5,14,5.33333],"texture":"#2"},"up":{"uv":[13.66667,10.66667,13,10.33333],"texture":"#2"},"down":{"uv":[13.66667,11,13,11.33333],"texture":"#2"}}},{"from":[3,7.93276,3.0035],"to":[4,10.93276,6.9965],"rotation":{"angle":0,"axis":"y","origin":[3,9.93276,-1.9965]},"faces":{"north":{"uv":[12.33333,9.66667,12.66667,10.66667],"texture":"#2"},"east":{"uv":[7.66667,9.33333,9,10.33333],"texture":"#2"},"south":{"uv":[10.66667,12.33333,11,13.33333],"texture":"#2"},"west":{"uv":[9.33333,9.33333,10.66667,10.33333],"texture":"#2"},"down":{"uv":[1,12.33333,0.66667,13.66667],"texture":"#2"}}},{"from":[3,3.93276,7.0035],"to":[4,10.93276,12.9965],"rotation":{"angle":0,"axis":"y","origin":[3,4.93276,4.0035]},"faces":{"north":{"uv":[2.66667,11,3,13.33333],"texture":"#2"},"east":{"uv":[0,3.33333,2,5.66667],"texture":"#2"},"south":{"uv":[4.66667,12,5,14.33333],"texture":"#2"},"west":{"uv":[2.33333,3.33333,4.33333,5.66667],"texture":"#2"}}},{"from":[3,3.93276,3.0035],"to":[4,4.93276,6.9965],"rotation":{"angle":0,"axis":"y","origin":[3,4.93276,-1.9965]},"faces":{"north":{"uv":[7,10,7.33333,10.33333],"texture":"#2"},"east":{"uv":[11.33333,7.66667,12.66667,8],"texture":"#2"},"south":{"uv":[2.66667,13.66667,3,14],"texture":"#2"},"west":{"uv":[9,12,10.33333,12.33333],"texture":"#2"},"up":{"uv":[0.33333,13.66667,0,12.33333],"texture":"#2"}}},{"from":[3.005,4.22813,6.50453],"to":[3.988,5.72813,7.49753],"rotation":{"angle":45,"axis":"x","origin":[3.5,5.22813,7.00103]},"faces":{"north":{"uv":[1.33333,13.33333,1.66667,14],"texture":"#2"},"east":{"uv":[2,13.33333,2.33333,14],"texture":"#2"},"south":{"uv":[13.33333,2.66667,13.66667,3.33333],"texture":"#2"},"west":{"uv":[5.33333,13.33333,5.66667,14],"texture":"#2"}}},{"from":[3.005,7.48163,6.15103],"to":[3.988,8.47463,7.65103],"rotation":{"angle":45,"axis":"x","origin":[3.5,7.97813,6.65103]},"faces":{"east":{"uv":[13,11.66667,13.66667,12],"texture":"#2"},"west":{"uv":[7,13.33333,7.66667,13.66667],"texture":"#2"},"up":{"uv":[8.33333,14,8,13.33333],"texture":"#2"},"down":{"uv":[13.66667,12.33333,13.33333,13],"texture":"#2"}}},{"from":[3.76537,2.085,3],"to":[4.84037,4.085,13],"rotation":{"angle":22.5,"axis":"z","origin":[3.76537,2.085,4]},"faces":{"north":{"uv":[12.66667,12.33333,13,13],"texture":"#2"},"east":{"uv":[7.66667,6.33333,11,7],"texture":"#2"},"south":{"uv":[13,5,13.33333,5.66667],"texture":"#2"},"west":{"uv":[7.66667,7.33333,11,8],"texture":"#2"},"up":{"uv":[6,10.33333,5.66667,7],"texture":"#2"},"down":{"uv":[6.66667,10,6.33333,13.33333],"texture":"#2"}}},{"from":[6.5,9.93276,2],"to":[9.5,12.93276,14],"rotation":{"angle":0,"axis":"y","origin":[0,1.93276,0]},"faces":{"north":{"uv":[4.66667,10.66667,5.66667,11.66667],"texture":"#2"},"east":{"uv":[6,0,10,1],"texture":"#2"},"south":{"uv":[7,10.66667,8,11.66667],"texture":"#2"},"west":{"uv":[6,1.33333,10,2.33333],"texture":"#2"},"up":{"uv":[2.66667,10,1.66667,6],"texture":"#2"},"down":{"uv":[4,6,3,10],"texture":"#2"}}},{"from":[6.5,4.93276,12.5],"to":[9.5,9.93276,14],"rotation":{"angle":0,"axis":"y","origin":[0,-1.06724,0]},"faces":{"east":{"uv":[10.33333,3.66667,11,5.33333],"texture":"#2"},"south":{"uv":[9,3.66667,10,5.33333],"texture":"#2"},"west":{"uv":[3.66667,10.66667,4.33333,12.33333],"texture":"#2"},"down":{"uv":[13,2.66667,12,3.33333],"texture":"#2"}}},{"from":[6.75,3.93276,4.75],"to":[9.25,6.93276,7.25],"rotation":{"angle":-45,"axis":"x","origin":[7.75,3.93276,-4.25]},"faces":{"north":{"uv":[8.33333,10.66667,9.33333,11.66667],"texture":"#2"},"east":{"uv":[9.66667,10.66667,10.66667,11.66667],"texture":"#2"},"south":{"uv":[0,11,1,12],"texture":"#2"},"west":{"uv":[1.33333,11,2.33333,12],"texture":"#2"},"up":{"uv":[12,9.33333,11,8.33333],"texture":"#2"}}},{"from":[7,6.93276,5],"to":[9,9.93276,7],"rotation":{"angle":-45,"axis":"x","origin":[7.75,3.93276,-4.25]},"faces":{"north":{"uv":[11.33333,6.33333,12,7.33333],"texture":"#2"},"east":{"uv":[5.33333,12,6,13],"texture":"#2"},"south":{"uv":[7,12,7.66667,13],"texture":"#2"},"west":{"uv":[8,12,8.66667,13],"texture":"#2"},"up":{"uv":[2,13,1.33333,12.33333],"texture":"#2"}}},{"from":[2,4.93276,9],"to":[3,7.93276,12],"rotation":{"angle":-22.5,"axis":"x","origin":[2,4.93276,9]},"faces":{"north":{"uv":[3.33333,12.66667,3.66667,13.66667],"texture":"#2"},"east":{"uv":[11,9.66667,12,10.66667],"texture":"#2"},"south":{"uv":[4,12.66667,4.33333,13.66667],"texture":"#2"},"west":{"uv":[11,11,12,12],"texture":"#2"},"up":{"uv":[9.33333,13.66667,9,12.66667],"texture":"#2"},"down":{"uv":[10,12.66667,9.66667,13.66667],"texture":"#2"}}},{"from":[12,7.93276,3.0035],"to":[13,10.93276,6.9965],"rotation":{"angle":0,"axis":"y","origin":[13,9.93276,-1.9965]},"faces":{"north":{"uv":[12.66667,9.66667,12.33333,10.66667],"texture":"#2"},"east":{"uv":[10.66667,9.33333,9.33333,10.33333],"texture":"#2"},"south":{"uv":[11,12.33333,10.66667,13.33333],"texture":"#2"},"west":{"uv":[9,9.33333,7.66667,10.33333],"texture":"#2"},"down":{"uv":[0.66667,12.33333,1,13.66667],"texture":"#2"}}},{"from":[12,3.93276,7.0035],"to":[13,10.93276,12.9965],"rotation":{"angle":0,"axis":"y","origin":[13,4.93276,4.0035]},"faces":{"north":{"uv":[3,11,2.66667,13.33333],"texture":"#2"},"east":{"uv":[4.33333,3.33333,2.33333,5.66667],"texture":"#2"},"south":{"uv":[5,12,4.66667,14.33333],"texture":"#2"},"west":{"uv":[2,3.33333,0,5.66667],"texture":"#2"}}},{"from":[13,4.93276,9],"to":[14,7.93276,12],"rotation":{"angle":-22.5,"axis":"x","origin":[14,4.93276,9]},"faces":{"north":{"uv":[3.66667,12.66667,3.33333,13.66667],"texture":"#2"},"east":{"uv":[12,11,11,12],"texture":"#2"},"south":{"uv":[4.33333,12.66667,4,13.66667],"texture":"#2"},"west":{"uv":[12,9.66667,11,10.66667],"texture":"#2"},"up":{"uv":[9,13.66667,9.33333,12.66667],"texture":"#2"},"down":{"uv":[9.66667,12.66667,10,13.66667],"texture":"#2"}}},{"from":[12.012,7.48163,6.15103],"to":[12.995,8.47463,7.65103],"rotation":{"angle":45,"axis":"x","origin":[12.5,7.97813,6.65103]},"faces":{"east":{"uv":[7.66667,13.33333,7,13.66667],"texture":"#2"},"west":{"uv":[13.66667,11.66667,13,12],"texture":"#2"},"up":{"uv":[8,14,8.33333,13.33333],"texture":"#2"},"down":{"uv":[13.33333,12.33333,13.66667,13],"texture":"#2"}}},{"from":[12.012,4.22813,6.50453],"to":[12.995,5.72813,7.49753],"rotation":{"angle":45,"axis":"x","origin":[12.5,5.22813,7.00103]},"faces":{"north":{"uv":[1.66667,13.33333,1.33333,14],"texture":"#2"},"east":{"uv":[5.66667,13.33333,5.33333,14],"texture":"#2"},"south":{"uv":[13.66667,2.66667,13.33333,3.33333],"texture":"#2"},"west":{"uv":[2.33333,13.33333,2,14],"texture":"#2"}}},{"from":[12,3.93276,3.0035],"to":[13,4.93276,6.9965],"rotation":{"angle":0,"axis":"y","origin":[13,4.93276,-1.9965]},"faces":{"north":{"uv":[7.33333,10,7,10.33333],"texture":"#2"},"east":{"uv":[10.33333,12,9,12.33333],"texture":"#2"},"south":{"uv":[3,13.66667,2.66667,14],"texture":"#2"},"west":{"uv":[12.66667,7.66667,11.33333,8],"texture":"#2"},"up":{"uv":[0,13.66667,0.33333,12.33333],"texture":"#2"}}},{"from":[11.15963,2.085,3],"to":[12.23463,4.085,13],"rotation":{"angle":-22.5,"axis":"z","origin":[12.23463,2.085,4]},"faces":{"north":{"uv":[13,12.33333,12.66667,13],"texture":"#2"},"east":{"uv":[11,7.33333,7.66667,8],"texture":"#2"},"south":{"uv":[13.33333,5,13,5.66667],"texture":"#2"},"west":{"uv":[11,6.33333,7.66667,7],"texture":"#2"},"up":{"uv":[5.66667,10.33333,6,7],"texture":"#2"},"down":{"uv":[6.33333,10,6.66667,13.33333],"texture":"#2"}}},{"from":[9.92807,1.54381,3],"to":[10.85307,4.54381,4],"rotation":{"angle":-22.5,"axis":"z","origin":[10.92807,1.54381,3]},"faces":{"north":{"uv":[12.66667,11,12.33333,12],"texture":"#2"},"south":{"uv":[12.33333,12.33333,12,13.33333],"texture":"#2"},"west":{"uv":[11.66667,12.33333,11.33333,13.33333],"texture":"#2"},"up":{"uv":[13.66667,6,14,5.66667],"texture":"#2"},"down":{"uv":[6,13.66667,6.33333,14],"texture":"#2"}}},{"from":[10.85307,1.54381,3],"to":[12.92807,2.54381,4],"rotation":{"angle":-22.5,"axis":"z","origin":[10.92807,1.54381,3]},"faces":{"north":{"uv":[13.66667,7.66667,13,8],"texture":"#2"},"east":{"uv":[14,5,13.66667,5.33333],"texture":"#2"},"south":{"uv":[13.66667,9.66667,13,10],"texture":"#2"},"up":{"uv":[13,10.66667,13.66667,10.33333],"texture":"#2"},"down":{"uv":[13,11,13.66667,11.33333],"texture":"#2"}}},{"from":[2.5,4.93276,5],"to":[2.53,8.93276,16],"rotation":{"angle":-22.5,"axis":"x","origin":[2.5,4.93276,9]},"faces":{"east":{"uv":[11,0,0,4],"texture":"#1"},"west":{"uv":[0,0,11,4],"texture":"#1"}}},{"from":[13.47,4.93276,5],"to":[13.5,8.93276,16],"rotation":{"angle":-22.5,"axis":"x","origin":[13.5,4.93276,9]},"faces":{"east":{"uv":[11,0,0,4],"texture":"#1"},"west":{"uv":[0,0,11,4],"texture":"#1"}}}],"gui_light":"front","display":{"thirdperson_righthand":{"rotation":[60.75,0,0],"translation":[0,4.5,2.5],"scale":[0.7,0.7,0.7]},"thirdperson_lefthand":{"rotation":[60.75,0,0],"translation":[0,4.5,2.5],"scale":[0.7,0.7,0.7]},"firstperson_righthand":{"rotation":[157.5,0,180],"translation":[0,3.25,0],"scale":[0.7,0.7,0.7]},"firstperson_lefthand":{"rotation":[157.5,0,180],"translation":[0,3.25,0],"scale":[0.7,0.7,0.7]},"ground":{"translation":[0,3,0],"scale":[0.7,0.7,0.7]},"gui":{"rotation":[0,180,0],"translation":[0,-0.25,0]},"head":{"translation":[0,2.5,0],"scale":[1.6,1.6,1.6]},"fixed":{"rotation":[-90,0,0],"translation":[0,0,-14.75],"scale":[2,2,2]}}}