{"credit":"Pologony Creation Co.,Ltd.","texture_size":[24,24],"textures":{"2":"little_unicorn_set:animations/hoe_animation","3":"little_unicorn_set:unicorn","5":"little_unicorn_set:handle_2","particle":"little_unicorn_set:animations/hoe_animation"},"elements":[{"from":[7.25,1,7.25],"to":[8.75,1.5,8.75],"rotation":{"angle":45,"axis":"y","origin":[8,3,8]},"faces":{"north":{"uv":[14,5,14.75,5.25],"texture":"#5"},"east":{"uv":[6,14,6.75,14.25],"texture":"#5"},"south":{"uv":[14,6,14.75,6.25],"texture":"#5"},"west":{"uv":[14,9,14.75,9.25],"texture":"#5"},"up":{"uv":[10.25,9.75,9.5,9],"texture":"#5"},"down":{"uv":[10.75,0,10,0.75],"texture":"#5"}}},{"from":[7.375,-0.16161,7.46339],"to":[8.625,1.08839,8.71339],"rotation":{"angle":-45,"axis":"x","origin":[8,0.375,8]},"faces":{"north":{"uv":[8,10,8.75,10.75],"texture":"#5"},"east":{"uv":[10.5,1.5,11.25,2.25],"texture":"#5"},"south":{"uv":[2.5,10.5,3.25,11.25],"texture":"#5"},"west":{"uv":[9.5,10.5,10.25,11.25],"texture":"#5"},"up":{"uv":[11.75,3.75,11,3],"texture":"#5"},"down":{"uv":[4.75,11,4,11.75],"texture":"#5"}}},{"from":[6.6,18.5,7.5],"to":[6.63,21,10],"rotation":{"angle":22.5,"axis":"x","origin":[6.6,19.625,8.75]},"faces":{"east":{"uv":[4.5,0,5.75,1.25],"texture":"#5"},"west":{"uv":[1.5,5.5,2.75,6.75],"texture":"#5"}}},{"from":[7.5,1.5,7.5],"to":[8.5,6.5,8.5],"rotation":{"angle":45,"axis":"y","origin":[8,3,8]},"faces":{"north":{"uv":[5.5,4,6,6.5],"texture":"#5"},"east":{"uv":[6.5,4,7,6.5],"texture":"#5"},"south":{"uv":[0,7,0.5,9.5],"texture":"#5"},"west":{"uv":[5.5,7,6,9.5],"texture":"#5"},"up":{"uv":[6,10.5,5.5,10],"texture":"#5"},"down":{"uv":[4.5,13.5,4,14],"texture":"#5"}}},{"from":[7,6.5,7],"to":[9,7.5,9],"rotation":{"angle":0,"axis":"y","origin":[7,6.5,7]},"faces":{"north":{"uv":[10,12,11,12.5],"texture":"#5"},"east":{"uv":[11.5,12,12.5,12.5],"texture":"#5"},"south":{"uv":[3,12.5,4,13],"texture":"#5"},"west":{"uv":[12.5,3,13.5,3.5],"texture":"#5"},"up":{"uv":[9,8,8,7],"texture":"#5"},"down":{"uv":[9,8.5,8,9.5],"texture":"#5"}}},{"from":[7.1,12.6,8.1],"to":[8.9,14.9,10.4],"rotation":{"angle":-45,"axis":"x","origin":[7,12.5,8]},"faces":{"north":{"uv":[6.5,0,7.5,1.25],"texture":"#5"},"east":{"uv":[5.5,2,6.75,3.25],"texture":"#5"},"south":{"uv":[6.5,7,7.5,8.25],"texture":"#5"},"west":{"uv":[3.5,5.5,4.75,6.75],"texture":"#5"},"up":{"uv":[2,8.75,1,7.5],"texture":"#5"},"down":{"uv":[8.5,2,7.5,3.25],"texture":"#5"}}},{"from":[6.85,12.85,8.35],"to":[9.15,14.65,10.15],"rotation":{"angle":-45,"axis":"x","origin":[7,12.5,8]},"faces":{"north":{"uv":[2.5,7.5,3.75,8.5],"texture":"#5"},"east":{"uv":[9,1.5,10,2.5],"texture":"#5"},"south":{"uv":[7.5,4,8.75,5],"texture":"#5"},"west":{"uv":[2.5,9,3.5,10],"texture":"#5"},"up":{"uv":[8.75,6.5,7.5,5.5],"texture":"#5"},"down":{"uv":[9.25,0,8,1],"texture":"#5"}}},{"from":[7.2535,13.25,8.75],"to":[8.7465,14.425,11.25],"rotation":{"angle":22.5,"axis":"x","origin":[7.2535,13.25,10.75]},"faces":{"east":{"uv":[9.5,5,10.75,5.5],"texture":"#5"},"south":{"uv":[13,8,13.75,8.5],"texture":"#5"},"west":{"uv":[9.5,6,10.75,6.5],"texture":"#5"},"up":{"uv":[4.75,10.25,4,9],"texture":"#5"},"down":{"uv":[7.25,9,6.5,10.25],"texture":"#5"}}},{"from":[7.25,14.01537,8.90224],"to":[8.75,15.51537,10.15224],"rotation":{"angle":-22.5,"axis":"x","origin":[7.25,14.01537,8.90224]},"faces":{"east":{"uv":[5.5,11,6.25,11.75],"texture":"#5"},"south":{"uv":[11,9,11.75,9.75],"texture":"#5"},"west":{"uv":[11,10.5,11.75,11.25],"texture":"#5"},"up":{"uv":[0.75,12.25,0,11.5],"texture":"#5"},"down":{"uv":[12.25,0,11.5,0.75],"texture":"#5"}}},{"from":[7.625,14.32026,8.78749],"to":[8.375,15.07026,10.78749],"rotation":{"angle":22.5,"axis":"x","origin":[7.625,14.32026,10.63749]},"faces":{"east":{"uv":[4.5,12.5,5.5,13],"texture":"#5"},"west":{"uv":[12.5,9,13.5,9.5],"texture":"#5"},"up":{"uv":[5,3,4.5,2],"texture":"#5"}}},{"from":[7.5,13.73214,10.14203],"to":[8.5,15.73214,11.14203],"rotation":{"angle":45,"axis":"x","origin":[7.5,14.23214,9.99203]},"faces":{"north":{"uv":[4.5,7.5,5,8.5],"texture":"#5"},"east":{"uv":[0,10,0.5,11],"texture":"#5"},"south":{"uv":[6,12.5,6.5,13.5],"texture":"#5"},"west":{"uv":[12.5,10,13,11],"texture":"#5"},"up":{"uv":[5.5,14,5,13.5],"texture":"#5"},"down":{"uv":[9,13.5,8.5,14],"texture":"#5"}}},{"from":[7.25,14.01537,5.84776],"to":[8.75,15.51537,7.09776],"rotation":{"angle":22.5,"axis":"x","origin":[7.25,14.01537,7.09776]},"faces":{"north":{"uv":[11.5,4.5,12.25,5.25],"texture":"#5"},"east":{"uv":[11.5,6,12.25,6.75],"texture":"#5"},"west":{"uv":[7,11.5,7.75,12.25],"texture":"#5"},"up":{"uv":[12.25,8.25,11.5,7.5],"texture":"#5"},"down":{"uv":[2.25,12,1.5,12.75],"texture":"#5"}}},{"from":[7.2535,13.25,4.75],"to":[8.7465,14.425,7.25],"rotation":{"angle":-22.5,"axis":"x","origin":[7.2535,13.25,5.25]},"faces":{"north":{"uv":[11,13,11.75,13.5],"texture":"#5"},"east":{"uv":[9.5,7,10.75,7.5],"texture":"#5"},"west":{"uv":[9.5,8,10.75,8.5],"texture":"#5"},"up":{"uv":[1.75,10.75,1,9.5],"texture":"#5"},"down":{"uv":[10.25,3,9.5,4.25],"texture":"#5"}}},{"from":[7.5,13.73214,4.85797],"to":[8.5,15.73214,5.85797],"rotation":{"angle":-45,"axis":"x","origin":[7.5,14.23214,6.00797]},"faces":{"north":{"uv":[0,13,0.5,14],"texture":"#5"},"east":{"uv":[13,0,13.5,1],"texture":"#5"},"south":{"uv":[13,4,13.5,5],"texture":"#5"},"west":{"uv":[13,5.5,13.5,6.5],"texture":"#5"},"up":{"uv":[14,10.5,13.5,10],"texture":"#5"},"down":{"uv":[13,13.5,12.5,14],"texture":"#5"}}},{"from":[7.625,14.32026,5.21251],"to":[8.375,15.07026,7.21251],"rotation":{"angle":-22.5,"axis":"x","origin":[7.625,14.32026,5.36251]},"faces":{"east":{"uv":[7,13,8,13.5],"texture":"#5"},"west":{"uv":[13,7,14,7.5],"texture":"#5"},"up":{"uv":[10.5,14,10,13],"texture":"#5"}}},{"from":[6.79289,7.5,7.64645],"to":[8.29289,13.5,9.14645],"rotation":{"angle":45,"axis":"y","origin":[7.29289,7.5,7.64645]},"faces":{"north":{"uv":[0,0,0.75,3],"texture":"#5"},"east":{"uv":[1.5,0,2.25,3],"texture":"#5"},"south":{"uv":[3,0,3.75,3],"texture":"#5"},"west":{"uv":[0,3.5,0.75,6.5],"texture":"#5"},"up":{"uv":[12.75,2.25,12,1.5],"texture":"#5"},"down":{"uv":[9.25,12,8.5,12.75],"texture":"#5"}}},{"from":[7.7535,12.5,4.525],"to":[8.2465,15.5,7.525],"rotation":{"angle":0,"axis":"y","origin":[7.2535,12.5,4.525]},"faces":{"north":{"uv":[13,11.5,13.25,13],"texture":"#5"},"east":{"uv":[1.5,3.5,3,5],"texture":"#5"},"west":{"uv":[3.5,3.5,5,5],"texture":"#5"},"up":{"uv":[1.25,15,1,13.5],"texture":"#5"},"down":{"uv":[2.25,13.5,2,15],"texture":"#5"}}},{"from":[7.75,12.70711,4.025],"to":[8.25,13.70711,5.025],"rotation":{"angle":45,"axis":"x","origin":[8,13.20711,4.525]},"faces":{"north":{"uv":[14,11,14.25,11.5],"texture":"#5"},"east":{"uv":[13.5,13.5,14,14],"texture":"#5"},"west":{"uv":[14,0,14.5,0.5],"texture":"#5"},"up":{"uv":[14.25,12.5,14,12],"texture":"#5"},"down":{"uv":[0.25,14.5,0,15],"texture":"#5"}}},{"from":[7.7585,13.20711,3.81789],"to":[8.2415,14.79211,4.81789],"rotation":{"angle":0,"axis":"y","origin":[8.0085,12.71421,4.31789]},"faces":{"north":{"uv":[7.5,14,7.75,14.75],"texture":"#5"},"east":{"uv":[13.5,1.5,14,2.25],"texture":"#5"},"south":{"uv":[11,14,11.25,14.75],"texture":"#5"},"west":{"uv":[3,13.5,3.5,14.25],"texture":"#5"},"up":{"uv":[14.75,1.5,14.5,1],"texture":"#5"}}},{"from":[7.75,14.29289,4.025],"to":[8.25,15.29289,5.025],"rotation":{"angle":45,"axis":"x","origin":[8,14.79289,4.525]},"faces":{"north":{"uv":[14.5,2,14.75,2.5],"texture":"#5"},"east":{"uv":[14,3,14.5,3.5],"texture":"#5"},"west":{"uv":[14,4,14.5,4.5],"texture":"#5"},"up":{"uv":[4.25,15,4,14.5],"texture":"#5"},"down":{"uv":[5.25,14.5,5,15],"texture":"#5"}}},{"from":[7.985,10,-0.975],"to":[8.015,17,15.525],"rotation":{"angle":0,"axis":"y","origin":[7.985,8.25,0.525]},"faces":{"east":{"uv":[11,0,0,4.66667],"texture":"#2"},"west":{"uv":[0,0,11,4.66667],"texture":"#2"}}},{"from":[7.75,12.70711,10.975],"to":[8.25,13.70711,11.975],"rotation":{"angle":-45,"axis":"x","origin":[8,13.20711,11.475]},"faces":{"east":{"uv":[14,13.5,13.5,14],"texture":"#5"},"south":{"uv":[14.25,11,14,11.5],"texture":"#5"},"west":{"uv":[14.5,0,14,0.5],"texture":"#5"},"up":{"uv":[14.25,12,14,12.5],"texture":"#5"},"down":{"uv":[0.25,15,0,14.5],"texture":"#5"}}},{"from":[7.7585,13.20711,11.18211],"to":[8.2415,14.79211,12.18211],"rotation":{"angle":0,"axis":"y","origin":[8.0085,12.71421,11.68211]},"faces":{"north":{"uv":[11.25,14,11,14.75],"texture":"#5"},"east":{"uv":[14,1.5,13.5,2.25],"texture":"#5"},"south":{"uv":[7.75,14,7.5,14.75],"texture":"#5"},"west":{"uv":[3.5,13.5,3,14.25],"texture":"#5"},"up":{"uv":[14.75,1,14.5,1.5],"texture":"#5"}}},{"from":[7.75,14.29289,10.975],"to":[8.25,15.29289,11.975],"rotation":{"angle":-45,"axis":"x","origin":[8,14.79289,11.475]},"faces":{"east":{"uv":[14.5,3,14,3.5],"texture":"#5"},"south":{"uv":[14.75,2,14.5,2.5],"texture":"#5"},"west":{"uv":[14.5,4,14,4.5],"texture":"#5"},"up":{"uv":[4.25,14.5,4,15],"texture":"#5"},"down":{"uv":[5.25,15,5,14.5],"texture":"#5"}}},{"from":[7.7535,12.5,8.475],"to":[8.2465,15.5,11.475],"rotation":{"angle":0,"axis":"y","origin":[7.2535,12.5,11.475]},"faces":{"east":{"uv":[3,3.5,1.5,5],"texture":"#5"},"south":{"uv":[13.25,11.5,13,13],"texture":"#5"},"west":{"uv":[5,3.5,3.5,5],"texture":"#5"},"up":{"uv":[1.25,13.5,1,15],"texture":"#5"},"down":{"uv":[2.25,15,2,13.5],"texture":"#5"}}},{"from":[5.73271,15.41732,7.79512],"to":[6.73271,17.41732,8.79512],"rotation":{"angle":22.5,"axis":"z","origin":[8,18.07082,9.37092]},"faces":{"north":{"uv":[4.66667,9.33333,5.33333,10.66667],"texture":"#3"},"east":{"uv":[10,6,10.66667,7.33333],"texture":"#3"},"south":{"uv":[8,10,8.66667,11.33333],"texture":"#3"},"west":{"uv":[10,8,10.66667,9.33333],"texture":"#3"},"up":{"uv":[12.66667,5.33333,12,4.66667],"texture":"#3"},"down":{"uv":[12,12,11.33333,12.66667],"texture":"#3"}}},{"from":[7,15.69134,7.80866],"to":[9,17.69134,11.80866],"rotation":{"angle":22.5,"axis":"x","origin":[8,16.69134,9.80866]},"faces":{"north":{"uv":[8,2,9.33333,3.33333],"texture":"#3"},"east":{"uv":[0,5.33333,2.66667,6.66667],"texture":"#3"},"south":{"uv":[8,4,9.33333,5.33333],"texture":"#3"},"west":{"uv":[6,0,8.66667,1.33333],"texture":"#3"},"up":{"uv":[7.33333,4.66667,6,2],"texture":"#3"},"down":{"uv":[7.33333,5.33333,6,8],"texture":"#3"}}},{"from":[6.75,16.94134,5.80866],"to":[9.25,19.44134,9.30866],"rotation":{"angle":0,"axis":"y","origin":[8,18.07082,9.87092]},"faces":{"north":{"uv":[3.33333,6.66667,5,8.33333],"texture":"#3"},"east":{"uv":[0,0,2.33333,1.66667],"texture":"#3"},"south":{"uv":[0,7.33333,1.66667,9],"texture":"#3"},"west":{"uv":[0,2.66667,2.33333,4.33333],"texture":"#3"},"up":{"uv":[5,2.33333,3.33333,0],"texture":"#3"},"down":{"uv":[5,3.33333,3.33333,5.66667],"texture":"#3"}}},{"from":[6.7,18.50819,7.99877],"to":[7.2,19.50819,8.99877],"rotation":{"angle":22.5,"axis":"x","origin":[8,18.07082,9.87092]},"faces":{"north":{"uv":[13.33333,4.66667,13.66667,5.33333],"texture":"#3"},"east":{"uv":[12.66667,6,13.33333,6.66667],"texture":"#3"},"south":{"uv":[13.33333,7.33333,13.66667,8],"texture":"#3"},"west":{"uv":[12.66667,11.33333,13.33333,12],"texture":"#3"},"up":{"uv":[13.66667,9.33333,13.33333,8.66667],"texture":"#3"},"down":{"uv":[13.66667,10,13.33333,10.66667],"texture":"#3"}}},{"from":[7.375,16.65491,6.60614],"to":[8.625,17.90491,7.85614],"rotation":{"angle":45,"axis":"x","origin":[8,18.07082,9.87092]},"faces":{"north":{"uv":[11,3,10,2],"rotation":180,"texture":"#3"},"east":{"uv":[9.33333,0,10.33333,1],"rotation":90,"texture":"#3"},"south":{"uv":[11,4,10,5],"texture":"#3"},"west":{"uv":[0,10,1,11],"rotation":270,"texture":"#3"},"up":{"uv":[2.66667,9.33333,3.66667,10.33333],"texture":"#3"},"down":{"uv":[6,8.66667,7,9.66667],"rotation":180,"texture":"#3"}}},{"from":[7.5,16.77991,5.10614],"to":[8.5,17.77991,6.60614],"rotation":{"angle":45,"axis":"x","origin":[8,18.07082,9.87092]},"faces":{"north":{"uv":[13.33333,13.33333,12.66667,12.66667],"rotation":180,"texture":"#3"},"east":{"uv":[8.66667,12,9.33333,13],"rotation":90,"texture":"#3"},"west":{"uv":[10,12,10.66667,13],"rotation":270,"texture":"#3"},"up":{"uv":[12,9.33333,12.66667,10.33333],"texture":"#3"},"down":{"uv":[7.33333,12,8,13],"rotation":180,"texture":"#3"}}},{"from":[7.5,18.44134,8.30866],"to":[8.5,20.44134,10.30866],"rotation":{"angle":0,"axis":"y","origin":[8,18.07082,9.87092]},"faces":{"north":{"uv":[2,11.33333,2.66667,12.66667],"texture":"#3"},"east":{"uv":[8,6,9.33333,7.33333],"texture":"#3"},"south":{"uv":[3.33333,11.33333,4,12.66667],"texture":"#3"},"west":{"uv":[8,8,9.33333,9.33333],"texture":"#3"},"up":{"uv":[5.33333,12.66667,4.66667,11.33333],"texture":"#3"},"down":{"uv":[12,6,11.33333,7.33333],"texture":"#3"}}},{"from":[7.5,16.11886,11.81361],"to":[8.5,16.12886,12.81361],"rotation":{"angle":-22.5,"axis":"x","origin":[8,16.98933,10.07637]},"faces":{"up":{"uv":[0.66667,14,0,13.33333],"texture":"#3"},"down":{"uv":[2,13.33333,1.33333,14],"texture":"#3"}}},{"from":[7.5,19.18548,11.91815],"to":[8.5,20.18548,11.92815],"rotation":{"angle":45,"axis":"x","origin":[8,16.98933,10.07637]},"faces":{"north":{"uv":[3.33333,14,2.66667,13.33333],"rotation":180,"texture":"#3"},"east":{"uv":[14,2,14.66667,2],"rotation":90,"texture":"#3"},"south":{"uv":[4.66667,13.33333,4,14],"texture":"#3"},"west":{"uv":[14,3.33333,14.66667,3.33333],"rotation":270,"texture":"#3"},"up":{"uv":[14,2.66667,14.66667,2.66667],"texture":"#3"},"down":{"uv":[14,1.33333,14.66667,1.33333],"rotation":180,"texture":"#3"}}},{"from":[7,15.73617,12.73749],"to":[9,15.74617,13.73749],"rotation":{"angle":-22.5,"axis":"x","origin":[8,16.98933,10.07637]},"faces":{"up":{"uv":[12.66667,8.66667,11.33333,8],"texture":"#3"},"down":{"uv":[1.33333,12,0,12.66667],"texture":"#3"}}},{"from":[7,16.84985,12.0141],"to":[9,16.85985,13.0141],"rotation":{"angle":0,"axis":"y","origin":[8,16.98933,10.07637]},"faces":{"up":{"uv":[13.33333,2.66667,12,2],"texture":"#3"},"down":{"uv":[13.33333,3.33333,12,4],"texture":"#3"}}},{"from":[8.8,18.50819,7.99877],"to":[9.3,19.50819,8.99877],"rotation":{"angle":22.5,"axis":"x","origin":[8,18.07082,9.87092]},"faces":{"north":{"uv":[13.66667,4.66667,13.33333,5.33333],"texture":"#3"},"east":{"uv":[13.33333,11.33333,12.66667,12],"texture":"#3"},"south":{"uv":[13.66667,7.33333,13.33333,8],"texture":"#3"},"west":{"uv":[13.33333,6,12.66667,6.66667],"texture":"#3"},"up":{"uv":[13.33333,9.33333,13.66667,8.66667],"texture":"#3"},"down":{"uv":[13.33333,10,13.66667,10.66667],"texture":"#3"}}},{"from":[7.5,16.46786,12.93454],"to":[8.5,16.47786,13.93454],"rotation":{"angle":0,"axis":"y","origin":[8,16.98933,10.07637]},"faces":{"north":{"uv":[14,1.33333,14.66667,1.33333],"texture":"#3"},"east":{"uv":[14,2,14.66667,2],"texture":"#3"},"south":{"uv":[14,2.66667,14.66667,2.66667],"texture":"#3"},"west":{"uv":[14,3.33333,14.66667,3.33333],"texture":"#3"},"up":{"uv":[3.33333,14,2.66667,13.33333],"texture":"#3"},"down":{"uv":[4.66667,13.33333,4,14],"texture":"#3"}}},{"from":[7.5,17.60125,11.91615],"to":[8.5,17.61125,12.91615],"rotation":{"angle":22.5,"axis":"x","origin":[8,16.98933,10.07637]},"faces":{"up":{"uv":[0.66667,14,0,13.33333],"texture":"#3"},"down":{"uv":[2,13.33333,1.33333,14],"texture":"#3"}}},{"from":[5.77407,14.31828,10.40328],"to":[6.77407,16.31828,11.40328],"rotation":{"angle":22.5,"axis":"z","origin":[8,17.07082,9.37092]},"faces":{"north":{"uv":[4.66667,9.33333,5.33333,10.66667],"texture":"#3"},"east":{"uv":[10,6,10.66667,7.33333],"texture":"#3"},"south":{"uv":[8,10,8.66667,11.33333],"texture":"#3"},"west":{"uv":[10,8,10.66667,9.33333],"texture":"#3"},"up":{"uv":[12.66667,5.33333,12,4.66667],"texture":"#3"},"down":{"uv":[12,12,11.33333,12.66667],"texture":"#3"}}},{"from":[9.26729,15.41732,7.79512],"to":[10.26729,17.41732,8.79512],"rotation":{"angle":-22.5,"axis":"z","origin":[8,18.07082,9.37092]},"faces":{"north":{"uv":[5.33333,9.33333,4.66667,10.66667],"texture":"#3"},"east":{"uv":[10.66667,8,10,9.33333],"texture":"#3"},"south":{"uv":[8.66667,10,8,11.33333],"texture":"#3"},"west":{"uv":[10.66667,6,10,7.33333],"texture":"#3"},"up":{"uv":[12,5.33333,12.66667,4.66667],"texture":"#3"},"down":{"uv":[11.33333,12,12,12.66667],"texture":"#3"}}},{"from":[9.22593,14.31828,10.40328],"to":[10.22593,16.31828,11.40328],"rotation":{"angle":-22.5,"axis":"z","origin":[8,17.07082,9.37092]},"faces":{"north":{"uv":[5.33333,9.33333,4.66667,10.66667],"texture":"#3"},"east":{"uv":[10.66667,8,10,9.33333],"texture":"#3"},"south":{"uv":[8.66667,10,8,11.33333],"texture":"#3"},"west":{"uv":[10.66667,6,10,7.33333],"texture":"#3"},"up":{"uv":[12,5.33333,12.66667,4.66667],"texture":"#3"},"down":{"uv":[11.33333,12,12,12.66667],"texture":"#3"}}}],"gui_light":"front","display":{"thirdperson_righthand":{"translation":[0,1.5,1]},"thirdperson_lefthand":{"translation":[0,1.5,1]},"firstperson_righthand":{"rotation":[5,0,0],"translation":[0.75,1,0],"scale":[0.7,0.7,0.7]},"firstperson_lefthand":{"rotation":[5,0,0],"translation":[0.75,1,0],"scale":[0.7,0.7,0.7]},"ground":{"rotation":[-45,0,0],"translation":[0,3,0],"scale":[0.7,0.7,0.7]},"gui":{"rotation":[-90,45,90],"translation":[2.5,-2.5,0]},"head":{"rotation":[0,-90,0]},"fixed":{"rotation":[0,-90,0],"translation":[0,0,-2.25],"scale":[2,2,2]}}}