{"credit":"Pologony Creation Co.,Ltd.","texture_size":[24,24],"textures":{"3":"little_unicorn_set:unicorn","4":"little_unicorn_set:animations/scythe_animation","6":"little_unicorn_set:handle_5"},"elements":[{"from":[7.1,20.6,8.1],"to":[8.9,22.9,10.4],"rotation":{"angle":-45,"axis":"x","origin":[7,20.5,8]},"faces":{"north":{"uv":[6.4,1.6,7.2,2.6],"texture":"#6"},"east":{"uv":[4.8,3.2,5.8,4.2],"texture":"#6"},"south":{"uv":[6.4,3.2,7.2,4.2],"texture":"#6"},"west":{"uv":[4.8,4.8,5.8,5.8],"texture":"#6"},"up":{"uv":[5.6,7.4,4.8,6.4],"texture":"#6"},"down":{"uv":[7.2,4.8,6.4,5.8],"texture":"#6"}}},{"from":[6.85,20.85,8.35],"to":[9.15,22.65,10.15],"rotation":{"angle":-45,"axis":"x","origin":[7,20.5,8]},"faces":{"north":{"uv":[6,6.4,7,7.2],"texture":"#6"},"east":{"uv":[7.6,7.6,8.4,8.4],"texture":"#6"},"south":{"uv":[0,7.6,1,8.4],"texture":"#6"},"west":{"uv":[8,0,8.8,0.8],"texture":"#6"},"up":{"uv":[2.6,8.4,1.6,7.6],"texture":"#6"},"down":{"uv":[8.6,1.6,7.6,2.4],"texture":"#6"}}},{"from":[7.2535,21.25,8.75],"to":[8.7465,22.425,11.25],"rotation":{"angle":22.5,"axis":"x","origin":[7.2535,21.25,10.75]},"faces":{"east":{"uv":[9.2,0,10.2,0.4],"texture":"#6"},"south":{"uv":[11.6,10,12.2,10.4],"texture":"#6"},"west":{"uv":[9.2,0.8,10.2,1.2],"texture":"#6"},"up":{"uv":[0.6,9.8,0,8.8],"texture":"#6"},"down":{"uv":[1.8,8.8,1.2,9.8],"texture":"#6"}}},{"from":[7.25,22.01537,8.90224],"to":[8.75,23.51537,10.15224],"rotation":{"angle":-22.5,"axis":"x","origin":[7.25,22.01537,8.90224]},"faces":{"east":{"uv":[4.8,9.2,5.4,9.8],"texture":"#6"},"south":{"uv":[9.6,3.2,10.2,3.8],"texture":"#6"},"west":{"uv":[9.6,4.4,10.2,5],"texture":"#6"},"up":{"uv":[10.2,6.2,9.6,5.6],"texture":"#6"},"down":{"uv":[10.2,6.8,9.6,7.4],"texture":"#6"}}},{"from":[7.625,22.32026,8.78749],"to":[8.375,23.07026,10.78749],"rotation":{"angle":22.5,"axis":"x","origin":[7.625,22.32026,10.63749]},"faces":{"east":{"uv":[10.8,4.4,11.6,4.8],"texture":"#6"},"west":{"uv":[10.8,5.2,11.6,5.6],"texture":"#6"},"up":{"uv":[11.2,6.8,10.8,6],"texture":"#6"}}},{"from":[7.5,21.73214,10.14203],"to":[8.5,23.73214,11.14203],"rotation":{"angle":45,"axis":"x","origin":[7.5,22.23214,9.99203]},"faces":{"north":{"uv":[10.8,7.2,11.2,8],"texture":"#6"},"east":{"uv":[8.4,10.8,8.8,11.6],"texture":"#6"},"south":{"uv":[10.8,8.4,11.2,9.2],"texture":"#6"},"west":{"uv":[10.8,9.6,11.2,10.4],"texture":"#6"},"up":{"uv":[10.8,12.4,10.4,12],"texture":"#6"},"down":{"uv":[1.2,12.4,0.8,12.8],"texture":"#6"}}},{"from":[7.25,22.01537,5.84776],"to":[8.75,23.51537,7.09776],"rotation":{"angle":22.5,"axis":"x","origin":[7.25,22.01537,7.09776]},"faces":{"north":{"uv":[9.6,8,10.2,8.6],"texture":"#6"},"east":{"uv":[8.4,9.6,9,10.2],"texture":"#6"},"west":{"uv":[9.6,9.2,10.2,9.8],"texture":"#6"},"up":{"uv":[6.6,10.6,6,10],"texture":"#6"},"down":{"uv":[0.6,10.4,0,11],"texture":"#6"}}},{"from":[7.2535,21.25,4.75],"to":[8.7465,22.425,7.25],"rotation":{"angle":-22.5,"axis":"x","origin":[7.2535,21.25,5.25]},"faces":{"north":{"uv":[11.6,10.8,12.2,11.2],"texture":"#6"},"east":{"uv":[9.2,1.6,10.2,2],"texture":"#6"},"west":{"uv":[9.6,2.4,10.6,2.8],"texture":"#6"},"up":{"uv":[3,9.8,2.4,8.8],"texture":"#6"},"down":{"uv":[4.2,8.8,3.6,9.8],"texture":"#6"}}},{"from":[7.5,21.73214,4.85797],"to":[8.5,23.73214,5.85797],"rotation":{"angle":-45,"axis":"x","origin":[7.5,22.23214,6.00797]},"faces":{"north":{"uv":[10.8,10.8,11.2,11.6],"texture":"#6"},"east":{"uv":[6,11.2,6.4,12],"texture":"#6"},"south":{"uv":[6.8,11.2,7.2,12],"texture":"#6"},"west":{"uv":[0,11.6,0.4,12.4],"texture":"#6"},"up":{"uv":[12.8,2.8,12.4,2.4],"texture":"#6"},"down":{"uv":[3.2,12.4,2.8,12.8],"texture":"#6"}}},{"from":[7.625,22.32026,5.21251],"to":[8.375,23.07026,7.21251],"rotation":{"angle":-22.5,"axis":"x","origin":[7.625,22.32026,5.36251]},"faces":{"east":{"uv":[11.2,2.4,12,2.8],"texture":"#6"},"west":{"uv":[0.8,11.6,1.6,12],"texture":"#6"},"up":{"uv":[2.4,12.4,2,11.6],"texture":"#6"}}},{"from":[7.7535,20.5,0.55],"to":[8.2465,23.5,7.55],"rotation":{"angle":0,"axis":"y","origin":[7.2535,20.5,0.55]},"faces":{"north":{"uv":[5.2,11.6,5.4,12.8],"texture":"#6"},"east":{"uv":[0,0,2.8,1.2],"texture":"#6"},"west":{"uv":[0,1.6,2.8,2.8],"texture":"#6"},"up":{"uv":[9,9.2,8.8,6.4],"texture":"#6"},"down":{"uv":[7.8,8.8,7.6,11.6],"texture":"#6"}}},{"from":[7.75,20.70711,0.05],"to":[8.25,21.70711,1.05],"rotation":{"angle":45,"axis":"x","origin":[8,21.20711,0.55]},"faces":{"north":{"uv":[12.8,9.2,13,9.6],"texture":"#6"},"east":{"uv":[3.6,12.4,4,12.8],"texture":"#6"},"west":{"uv":[4.4,12.4,4.8,12.8],"texture":"#6"},"up":{"uv":[10.2,13.2,10,12.8],"texture":"#6"},"down":{"uv":[13,10,12.8,10.4],"texture":"#6"}}},{"from":[7.7585,21.20711,-0.15711],"to":[8.2415,22.79211,0.84289],"rotation":{"angle":0,"axis":"y","origin":[8.0085,20.71421,0.34289]},"faces":{"north":{"uv":[1.6,12.8,1.8,13.4],"texture":"#6"},"east":{"uv":[11.6,11.6,12,12.2],"texture":"#6"},"south":{"uv":[12.8,3.2,13,3.8],"texture":"#6"},"west":{"uv":[12,0,12.4,0.6],"texture":"#6"},"up":{"uv":[11,13.2,10.8,12.8],"texture":"#6"}}},{"from":[7.75,22.29289,0.05],"to":[8.25,23.29289,1.05],"rotation":{"angle":45,"axis":"x","origin":[8,22.79289,0.55]},"faces":{"north":{"uv":[12.8,10.8,13,11.2],"texture":"#6"},"east":{"uv":[6,12.4,6.4,12.8],"texture":"#6"},"west":{"uv":[6.8,12.4,7.2,12.8],"texture":"#6"},"up":{"uv":[11.8,13.2,11.6,12.8],"texture":"#6"},"down":{"uv":[1,13.2,0.8,13.6],"texture":"#6"}}},{"from":[7.75,20.70711,10.975],"to":[8.25,21.70711,11.975],"rotation":{"angle":-45,"axis":"x","origin":[8,21.20711,11.475]},"faces":{"east":{"uv":[12.4,12.4,12.8,12.8],"texture":"#6"},"south":{"uv":[4.8,13.2,5,13.6],"texture":"#6"},"west":{"uv":[0,12.8,0.4,13.2],"texture":"#6"},"up":{"uv":[5.8,13.6,5.6,13.2],"texture":"#6"},"down":{"uv":[6.6,13.2,6.4,13.6],"texture":"#6"}}},{"from":[7.7585,21.20711,11.18211],"to":[8.2415,22.79211,12.18211],"rotation":{"angle":0,"axis":"y","origin":[8.0085,20.71421,11.68211]},"faces":{"north":{"uv":[12.8,4.4,13,5],"texture":"#6"},"east":{"uv":[12,1.2,12.4,1.8],"texture":"#6"},"south":{"uv":[12.8,5.6,13,6.2],"texture":"#6"},"west":{"uv":[12,4.8,12.4,5.4],"texture":"#6"},"up":{"uv":[4.2,13.6,4,13.2],"texture":"#6"}}},{"from":[7.75,22.29289,10.975],"to":[8.25,23.29289,11.975],"rotation":{"angle":-45,"axis":"x","origin":[8,22.79289,11.475]},"faces":{"east":{"uv":[9.2,12.4,9.6,12.8],"texture":"#6"},"south":{"uv":[2.4,13.2,2.6,13.6],"texture":"#6"},"west":{"uv":[12.4,11.6,12.8,12],"texture":"#6"},"up":{"uv":[13.4,2.8,13.2,2.4],"texture":"#6"},"down":{"uv":[3.4,13.2,3.2,13.6],"texture":"#6"}}},{"from":[7.7535,20.5,8.475],"to":[8.2465,23.5,11.475],"rotation":{"angle":0,"axis":"y","origin":[7.2535,20.5,11.475]},"faces":{"east":{"uv":[4.8,0,6,1.2],"texture":"#6"},"south":{"uv":[12,3.2,12.2,4.4],"texture":"#6"},"west":{"uv":[4.8,1.6,6,2.8],"texture":"#6"},"up":{"uv":[7.8,13.2,7.6,12],"texture":"#6"},"down":{"uv":[8.6,12,8.4,13.2],"texture":"#6"}}},{"from":[7.25,-6,7.25],"to":[8.75,-5.5,8.75],"rotation":{"angle":45,"axis":"y","origin":[8,-4,8]},"faces":{"north":{"uv":[12.8,1.6,13.4,1.8],"texture":"#6"},"east":{"uv":[12.8,6.8,13.4,7],"texture":"#6"},"south":{"uv":[12.8,7.6,13.4,7.8],"texture":"#6"},"west":{"uv":[12.8,8.4,13.4,8.6],"texture":"#6"},"up":{"uv":[1.8,11,1.2,10.4],"texture":"#6"},"down":{"uv":[3,10.4,2.4,11],"texture":"#6"}}},{"from":[7.375,-7.16161,7.46339],"to":[8.625,-5.91161,8.71339],"rotation":{"angle":-45,"axis":"x","origin":[8,-6.625,8]},"faces":{"north":{"uv":[3.6,10.4,4.2,11],"texture":"#6"},"east":{"uv":[4.8,10.4,5.4,11],"texture":"#6"},"south":{"uv":[9.6,10.4,10.2,11],"texture":"#6"},"west":{"uv":[10.8,0,11.4,0.6],"texture":"#6"},"up":{"uv":[11.4,1.8,10.8,1.2],"texture":"#6"},"down":{"uv":[11.4,3.2,10.8,3.8],"texture":"#6"}}},{"from":[6.35,15.5,10.75],"to":[6.35,18,13.25],"rotation":{"angle":22.5,"axis":"x","origin":[6.35,16.75,12]},"faces":{"west":{"uv":[6.4,0,7.4,1],"texture":"#6"}}},{"from":[7.5,5.5,7.5],"to":[8.5,10.5,8.5],"rotation":{"angle":45,"axis":"y","origin":[8,7,8]},"faces":{"north":{"uv":[7.6,2.8,8,4.8],"texture":"#6"},"east":{"uv":[7.6,5.2,8,7.2],"texture":"#6"},"south":{"uv":[6,7.6,6.4,9.6],"texture":"#6"},"west":{"uv":[6.8,7.6,7.2,9.6],"texture":"#6"},"up":{"uv":[13.2,0.4,12.8,0],"texture":"#6"},"down":{"uv":[13.2,0.8,12.8,1.2],"texture":"#6"}}},{"from":[7.5,11.5,7.5],"to":[8.5,21.5,8.5],"rotation":{"angle":45,"axis":"y","origin":[8,13,8]},"faces":{"north":{"uv":[0,3.2,0.4,7.2],"texture":"#6"},"east":{"uv":[3.2,0,3.6,4],"texture":"#6"},"south":{"uv":[0.8,3.2,1.2,7.2],"texture":"#6"},"west":{"uv":[1.6,3.2,2,7.2],"texture":"#6"}}},{"from":[7.5,-5.5,7.5],"to":[8.5,4.5,8.5],"rotation":{"angle":45,"axis":"y","origin":[8,-4,8]},"faces":{"north":{"uv":[2.4,3.2,2.8,7.2],"texture":"#6"},"east":{"uv":[4,0,4.4,4],"texture":"#6"},"south":{"uv":[3.2,4.4,3.6,8.4],"texture":"#6"},"west":{"uv":[4,4.4,4.4,8.4],"texture":"#6"}}},{"from":[7,10.5,7],"to":[9,11.5,9],"rotation":{"angle":0,"axis":"y","origin":[7,10.5,7]},"faces":{"north":{"uv":[2.8,11.6,3.6,12],"texture":"#6"},"east":{"uv":[4,11.6,4.8,12],"texture":"#6"},"south":{"uv":[11.6,6,12.4,6.4],"texture":"#6"},"west":{"uv":[11.6,6.8,12.4,7.2],"texture":"#6"},"up":{"uv":[5.6,8.8,4.8,8],"texture":"#6"},"down":{"uv":[9.2,2.8,8.4,3.6],"texture":"#6"}}},{"from":[7,4.5,7],"to":[9,5.5,9],"rotation":{"angle":0,"axis":"y","origin":[7,5.5,7]},"faces":{"north":{"uv":[11.6,7.6,12.4,8],"texture":"#6"},"east":{"uv":[11.6,8.4,12.4,8.8],"texture":"#6"},"south":{"uv":[9.2,11.6,10,12],"texture":"#6"},"west":{"uv":[11.6,9.2,12.4,9.6],"texture":"#6"},"up":{"uv":[9.2,4.8,8.4,4],"texture":"#6"},"down":{"uv":[9.2,5.2,8.4,6],"texture":"#6"}}},{"from":[6.5,15.89662,7.41697],"to":[7.5,16.89662,9.41697],"rotation":{"angle":-22.5,"axis":"y","origin":[7,16.39662,8.41697]},"faces":{"north":{"uv":[12,12,11.33333,12.66667],"rotation":180,"texture":"#3"},"east":{"uv":[10,6,10.66667,7.33333],"rotation":270,"texture":"#3"},"south":{"uv":[12.66667,5.33333,12,4.66667],"texture":"#3"},"west":{"uv":[10,8,10.66667,9.33333],"rotation":90,"texture":"#3"},"up":{"uv":[4.66667,9.33333,5.33333,10.66667],"rotation":180,"texture":"#3"},"down":{"uv":[8,10,8.66667,11.33333],"texture":"#3"}}},{"from":[7,13.38309,8.49145],"to":[9,17.38309,10.49145],"rotation":{"angle":0,"axis":"y","origin":[8,15.32082,10.81227]},"faces":{"north":{"uv":[7.33333,5.33333,6,8],"rotation":180,"texture":"#3"},"east":{"uv":[0,5.33333,2.66667,6.66667],"rotation":270,"texture":"#3"},"south":{"uv":[7.33333,4.66667,6,2],"texture":"#3"},"west":{"uv":[6,0,8.66667,1.33333],"rotation":90,"texture":"#3"},"up":{"uv":[8,2,9.33333,3.33333],"rotation":180,"texture":"#3"},"down":{"uv":[8,4,9.33333,5.33333],"texture":"#3"}}},{"from":[6.75,15.88309,9.49145],"to":[9.25,19.38309,11.99145],"rotation":{"angle":0,"axis":"y","origin":[8,15.32082,10.81227]},"faces":{"north":{"uv":[5,3.33333,3.33333,5.66667],"rotation":180,"texture":"#3"},"east":{"uv":[0,0,2.33333,1.66667],"rotation":270,"texture":"#3"},"south":{"uv":[5,2.33333,3.33333,0],"texture":"#3"},"west":{"uv":[0,2.66667,2.33333,4.33333],"rotation":90,"texture":"#3"},"up":{"uv":[3.33333,6.66667,5,8.33333],"rotation":180,"texture":"#3"},"down":{"uv":[0,7.33333,1.66667,9],"texture":"#3"}}},{"from":[6.7,16.11975,11.07286],"to":[7.2,17.11975,12.07286],"rotation":{"angle":22.5,"axis":"x","origin":[8,15.32082,10.81227]},"faces":{"north":{"uv":[13.66667,10,13.33333,10.66667],"rotation":180,"texture":"#3"},"east":{"uv":[12.66667,6,13.33333,6.66667],"rotation":270,"texture":"#3"},"south":{"uv":[13.66667,9.33333,13.33333,8.66667],"texture":"#3"},"west":{"uv":[12.66667,11.33333,13.33333,12],"rotation":90,"texture":"#3"},"up":{"uv":[13.33333,4.66667,13.66667,5.33333],"rotation":180,"texture":"#3"},"down":{"uv":[13.33333,7.33333,13.66667,8],"texture":"#3"}}},{"from":[7.375,17.20031,9.26105],"to":[8.625,18.45031,10.51105],"rotation":{"angle":45,"axis":"x","origin":[8,15.32082,10.81227]},"faces":{"north":{"uv":[6,8.66667,7,9.66667],"texture":"#3"},"east":{"uv":[9.33333,0,10.33333,1],"texture":"#3"},"south":{"uv":[2.66667,9.33333,3.66667,10.33333],"texture":"#3"},"west":{"uv":[0,10,1,11],"texture":"#3"},"up":{"uv":[11,3,10,2],"texture":"#3"},"down":{"uv":[11,4,10,5],"texture":"#3"}}},{"from":[7.5,18.45031,9.38605],"to":[8.5,19.95031,10.38605],"rotation":{"angle":45,"axis":"x","origin":[8,15.32082,10.81227]},"faces":{"north":{"uv":[7.33333,12,8,13],"texture":"#3"},"east":{"uv":[8.66667,12,9.33333,13],"texture":"#3"},"south":{"uv":[12,9.33333,12.66667,10.33333],"texture":"#3"},"west":{"uv":[10,12,10.66667,13],"texture":"#3"},"up":{"uv":[13.33333,13.33333,12.66667,12.66667],"texture":"#3"}}},{"from":[7.5,14.88309,10.99145],"to":[8.5,16.88309,12.99145],"rotation":{"angle":0,"axis":"y","origin":[8,15.32082,10.81227]},"faces":{"north":{"uv":[12,6,11.33333,7.33333],"rotation":180,"texture":"#3"},"east":{"uv":[8,6,9.33333,7.33333],"rotation":270,"texture":"#3"},"south":{"uv":[5.33333,12.66667,4.66667,11.33333],"texture":"#3"},"west":{"uv":[8,8,9.33333,9.33333],"rotation":90,"texture":"#3"},"up":{"uv":[2,11.33333,2.66667,12.66667],"rotation":180,"texture":"#3"},"down":{"uv":[3.33333,11.33333,4,12.66667],"texture":"#3"}}},{"from":[7.5,12.6568,9.76502],"to":[8.5,13.6568,9.77502],"rotation":{"angle":-22.5,"axis":"x","origin":[8,15.32082,10.81227]},"faces":{"north":{"uv":[2,13.33333,1.33333,14],"rotation":180,"texture":"#3"},"south":{"uv":[0.66667,14,0,13.33333],"texture":"#3"}}},{"from":[7.5,13.33373,12.87311],"to":[8.5,13.34373,13.87311],"rotation":{"angle":45,"axis":"x","origin":[8,15.32082,10.81227]},"faces":{"north":{"uv":[14,1.33333,14.66667,1.33333],"texture":"#3"},"east":{"uv":[14,2,14.66667,2],"texture":"#3"},"south":{"uv":[14,2.66667,14.66667,2.66667],"texture":"#3"},"west":{"uv":[14,3.33333,14.66667,3.33333],"texture":"#3"},"up":{"uv":[3.33333,14,2.66667,13.33333],"texture":"#3"},"down":{"uv":[4.66667,13.33333,4,14],"texture":"#3"}}},{"from":[7,11.73292,9.38233],"to":[9,12.73292,9.39233],"rotation":{"angle":-22.5,"axis":"x","origin":[8,15.32082,10.81227]},"faces":{"north":{"uv":[1.33333,12,0,12.66667],"rotation":180,"texture":"#3"},"south":{"uv":[12.66667,8.66667,11.33333,8],"texture":"#3"}}},{"from":[7,12.38309,10.48145],"to":[9,13.38309,10.49145],"rotation":{"angle":0,"axis":"y","origin":[8,15.32082,10.81227]},"faces":{"north":{"uv":[13.33333,3.33333,12,4],"rotation":180,"texture":"#3"},"south":{"uv":[13.33333,2.66667,12,2],"texture":"#3"}}},{"from":[8.8,16.11975,11.07286],"to":[9.3,17.11975,12.07286],"rotation":{"angle":22.5,"axis":"x","origin":[8,15.32082,10.81227]},"faces":{"north":{"uv":[13.33333,10,13.66667,10.66667],"rotation":180,"texture":"#3"},"east":{"uv":[13.33333,11.33333,12.66667,12],"rotation":270,"texture":"#3"},"south":{"uv":[13.33333,9.33333,13.66667,8.66667],"texture":"#3"},"west":{"uv":[13.33333,6,12.66667,6.66667],"rotation":90,"texture":"#3"},"up":{"uv":[13.66667,4.66667,13.33333,5.33333],"rotation":180,"texture":"#3"},"down":{"uv":[13.66667,7.33333,13.33333,8],"texture":"#3"}}},{"from":[7.5,11.46265,10.09945],"to":[8.5,12.46265,10.10945],"rotation":{"angle":0,"axis":"y","origin":[8,15.32082,10.81227]},"faces":{"north":{"uv":[4.66667,13.33333,4,14],"rotation":180,"texture":"#3"},"east":{"uv":[14,2,14.66667,2],"rotation":270,"texture":"#3"},"south":{"uv":[3.33333,14,2.66667,13.33333],"texture":"#3"},"west":{"uv":[14,3.33333,14.66667,3.33333],"rotation":90,"texture":"#3"},"up":{"uv":[14,1.33333,14.66667,1.33333],"rotation":180,"texture":"#3"},"down":{"uv":[14,2.66667,14.66667,2.66667],"texture":"#3"}}},{"from":[7.5,12.40781,11.24741],"to":[8.5,13.40781,11.25741],"rotation":{"angle":22.5,"axis":"x","origin":[8,15.32082,10.81227]},"faces":{"north":{"uv":[2,13.33333,1.33333,14],"rotation":180,"texture":"#3"},"south":{"uv":[0.66667,14,0,13.33333],"texture":"#3"}}},{"from":[6.5,13.28846,7.72399],"to":[7.5,14.28846,9.72399],"rotation":{"angle":-22.5,"axis":"y","origin":[8,13.78846,8.72399]},"faces":{"north":{"uv":[12,12,11.33333,12.66667],"rotation":180,"texture":"#3"},"east":{"uv":[10,6,10.66667,7.33333],"rotation":270,"texture":"#3"},"south":{"uv":[12.66667,5.33333,12,4.66667],"texture":"#3"},"west":{"uv":[10,8,10.66667,9.33333],"rotation":90,"texture":"#3"},"up":{"uv":[4.66667,9.33333,5.33333,10.66667],"rotation":180,"texture":"#3"},"down":{"uv":[8,10,8.66667,11.33333],"texture":"#3"}}},{"from":[8.5,15.89662,7.41697],"to":[9.5,16.89662,9.41697],"rotation":{"angle":22.5,"axis":"y","origin":[9,16.39662,8.41697]},"faces":{"north":{"uv":[11.33333,12,12,12.66667],"rotation":180,"texture":"#3"},"east":{"uv":[10.66667,8,10,9.33333],"rotation":270,"texture":"#3"},"south":{"uv":[12,5.33333,12.66667,4.66667],"texture":"#3"},"west":{"uv":[10.66667,6,10,7.33333],"rotation":90,"texture":"#3"},"up":{"uv":[5.33333,9.33333,4.66667,10.66667],"rotation":180,"texture":"#3"},"down":{"uv":[8.66667,10,8,11.33333],"texture":"#3"}}},{"from":[8.5,13.28846,7.72399],"to":[9.5,14.28846,9.72399],"rotation":{"angle":22.5,"axis":"y","origin":[8,13.78846,8.72399]},"faces":{"north":{"uv":[11.33333,12,12,12.66667],"rotation":180,"texture":"#3"},"east":{"uv":[10.66667,8,10,9.33333],"rotation":270,"texture":"#3"},"south":{"uv":[12,5.33333,12.66667,4.66667],"texture":"#3"},"west":{"uv":[10.66667,6,10,7.33333],"rotation":90,"texture":"#3"},"up":{"uv":[5.33333,9.33333,4.66667,10.66667],"rotation":180,"texture":"#3"},"down":{"uv":[8.66667,10,8,11.33333],"texture":"#3"}}},{"from":[7.985,17.25,-5],"to":[8.015,25.25,17],"rotation":{"angle":0,"axis":"y","origin":[7.985,18.25,-5]},"faces":{"east":{"uv":[14.66667,0,0,5.33333],"texture":"#4"},"west":{"uv":[0,0,14.66667,5.33333],"texture":"#4"}}}],"gui_light":"front","display":{"thirdperson_righthand":{"translation":[0,-2,1]},"thirdperson_lefthand":{"translation":[0,-2,1]},"firstperson_righthand":{"rotation":[-3,0,0],"translation":[0.75,-0.75,1.25],"scale":[0.7,0.7,0.7]},"firstperson_lefthand":{"rotation":[-3,0,0],"translation":[0.75,-0.75,1.25],"scale":[0.7,0.7,0.7]},"ground":{"rotation":[-45,0,0],"translation":[0,3,0],"scale":[0.7,0.7,0.7]},"gui":{"rotation":[-90,45,90],"translation":[1.75,-1.75,0],"scale":[0.6,0.6,0.6]},"head":{"rotation":[0,-90,0]},"fixed":{"rotation":[0,-90,0],"translation":[0,0,-2.25],"scale":[2,2,2]}}}