{"credit":"Pologony Creation Co.,Ltd.","texture_size":[24,24],"textures":{"2":"little_unicorn_set:animations/shield_animation","3":"little_unicorn_set:unicorn","4":"little_unicorn_set:shield","particle":"little_unicorn_set:animations/shield_animation"},"elements":[{"from":[5.83721,0.43471,8.66279],"to":[7.33721,0.93471,10.16279],"rotation":{"angle":45,"axis":"y","origin":[8,8,8]},"faces":{"north":{"uv":[6,12.4,6.6,12.6],"texture":"#4"},"east":{"uv":[12.4,0,13,0.2],"texture":"#4"},"south":{"uv":[12.4,0.8,13,1],"texture":"#4"},"west":{"uv":[12.4,1.6,13,1.8],"texture":"#4"},"up":{"uv":[9.4,3.8,8.8,3.2],"rotation":90,"texture":"#4"},"down":{"uv":[5,9.2,4.4,9.8],"rotation":270,"texture":"#4"}}},{"from":[13.07802,1.67198,9.37298],"to":[14.32802,2.92198,10.62298],"rotation":{"angle":-45,"axis":"z","origin":[8,8,8]},"faces":{"north":{"uv":[9.2,8.4,9.8,9],"texture":"#4"},"east":{"uv":[5.6,9.2,6.2,9.8],"texture":"#4"},"south":{"uv":[6.8,9.2,7.4,9.8],"texture":"#4"},"west":{"uv":[8,9.2,8.6,9.8],"texture":"#4"},"up":{"uv":[0.6,10.2,0,9.6],"rotation":90,"texture":"#4"},"down":{"uv":[3.8,9.6,3.2,10.2],"rotation":270,"texture":"#4"}}},{"from":[5.83721,5.93471,8.66279],"to":[7.33721,6.43471,10.16279],"rotation":{"angle":45,"axis":"y","origin":[8,8,8]},"faces":{"north":{"uv":[12.4,9.2,13,9.4],"texture":"#4"},"east":{"uv":[12.4,6.4,13,6.6],"texture":"#4"},"south":{"uv":[7.2,12.4,7.8,12.6],"texture":"#4"},"west":{"uv":[12.4,8.4,13,8.6],"texture":"#4"},"up":{"uv":[10.2,5,9.6,4.4],"rotation":90,"texture":"#4"},"down":{"uv":[10.2,5.6,9.6,6.2],"rotation":270,"texture":"#4"}}},{"from":[6.62173,6.62173,9.37298],"to":[7.87173,7.87173,10.62298],"rotation":{"angle":45,"axis":"z","origin":[8,8,8]},"faces":{"north":{"uv":[10.4,0,11,0.6],"texture":"#4"},"east":{"uv":[9.6,6.8,10.2,7.4],"texture":"#4"},"south":{"uv":[9.2,9.6,9.8,10.2],"texture":"#4"},"west":{"uv":[10,3.2,10.6,3.8],"texture":"#4"},"up":{"uv":[1.8,11,1.2,10.4],"rotation":90,"texture":"#4"},"down":{"uv":[11,1.2,10.4,1.8],"rotation":270,"texture":"#4"}}},{"from":[3.26047,8.12475,6.22298],"to":[5.76047,10.62475,6.22298],"rotation":{"angle":22.5,"axis":"z","origin":[8,8,8]},"faces":{"north":{"uv":[0,5.2,1,6.2],"texture":"#4"}}},{"from":[4.14826,1.27209,6.22298],"to":[6.64826,3.77209,6.22298],"rotation":{"angle":-22.5,"axis":"z","origin":[8,8,8]},"faces":{"north":{"uv":[0,5.2,1,6.2],"texture":"#4"}}},{"from":[0.199,0.73371,6.22298],"to":[2.699,3.23371,6.22298],"rotation":{"angle":22.5,"axis":"z","origin":[8,8,8]},"faces":{"north":{"uv":[0,5.2,1,6.2],"texture":"#4"}}},{"from":[10.23953,8.12475,6.22298],"to":[12.73953,10.62475,6.22298],"rotation":{"angle":-22.5,"axis":"z","origin":[8,8,8]},"faces":{"north":{"uv":[1,5.2,0,6.2],"texture":"#4"}}},{"from":[9.35174,1.27209,6.22298],"to":[11.85174,3.77209,6.22298],"rotation":{"angle":22.5,"axis":"z","origin":[8,8,8]},"faces":{"north":{"uv":[1,5.2,0,6.2],"texture":"#4"}}},{"from":[13.301,0.73371,6.22298],"to":[15.801,3.23371,6.22298],"rotation":{"angle":-22.5,"axis":"z","origin":[8,8,8]},"faces":{"north":{"uv":[1,5.2,0,6.2],"texture":"#4"}}},{"from":[6.08721,0.93471,8.91279],"to":[7.08721,5.93471,9.91279],"rotation":{"angle":45,"axis":"y","origin":[8,8,8]},"faces":{"north":{"uv":[5.6,4.8,6,6.8],"texture":"#4"},"east":{"uv":[3.2,5.2,3.6,7.2],"texture":"#4"},"south":{"uv":[5.6,0,6,2],"texture":"#4"},"west":{"uv":[5.6,2.4,6,4.4],"texture":"#4"},"up":{"uv":[11.2,12,10.8,11.6],"rotation":90,"texture":"#4"},"down":{"uv":[12,11.6,11.6,12],"rotation":270,"texture":"#4"}}},{"from":[4.93906,8.76094,5.72298],"to":[7.23906,11.06094,7.52298],"rotation":{"angle":-45,"axis":"z","origin":[8,8,8]},"faces":{"north":{"uv":[4,4.8,5,5.8],"texture":"#4"},"east":{"uv":[6.4,0,7.2,1],"texture":"#4"},"south":{"uv":[4,3.2,5,4.2],"texture":"#4"},"west":{"uv":[6.4,1.6,7.2,2.6],"texture":"#4"},"up":{"uv":[7.2,4.2,6.4,3.2],"rotation":90,"texture":"#4"},"down":{"uv":[4.8,6.4,4,7.4],"rotation":270,"texture":"#4"}}},{"from":[5.18906,9.01094,5.47298],"to":[6.98906,10.81094,7.77298],"rotation":{"angle":-45,"axis":"z","origin":[8,8,8]},"faces":{"north":{"uv":[7.6,0,8.4,0.8],"texture":"#4"},"east":{"uv":[6.4,4.8,7.4,5.6],"texture":"#4"},"south":{"uv":[6.8,7.2,7.6,8],"texture":"#4"},"west":{"uv":[6.4,6,7.4,6.8],"texture":"#4"},"up":{"uv":[1,7.6,0,6.8],"rotation":90,"texture":"#4"},"down":{"uv":[6.2,7.2,5.2,8],"rotation":270,"texture":"#4"}}},{"from":[5.60404,10.60885,5.87648],"to":[8.10404,11.78385,7.36948],"rotation":{"angle":22.5,"axis":"z","origin":[8,8,8]},"faces":{"north":{"uv":[8,5.2,9,5.6],"texture":"#4"},"south":{"uv":[8,4.4,9,4.8],"texture":"#4"},"west":{"uv":[7.2,11.6,7.8,12],"texture":"#4"},"up":{"uv":[8.2,2.2,7.6,1.2],"rotation":90,"texture":"#4"},"down":{"uv":[8.2,2.8,7.6,3.8],"rotation":270,"texture":"#4"}}},{"from":[4.97883,9.91831,5.87298],"to":[6.22883,11.41831,7.37298],"rotation":{"angle":-22.5,"axis":"z","origin":[8,8,8]},"faces":{"north":{"uv":[6.8,10.4,7.4,11],"texture":"#4"},"south":{"uv":[4.4,10.4,5,11],"texture":"#4"},"west":{"uv":[5.6,10.4,6.2,11],"texture":"#4"},"up":{"uv":[8.6,11,8,10.4],"rotation":90,"texture":"#4"},"down":{"uv":[11,8,10.4,8.6],"rotation":270,"texture":"#4"}}},{"from":[6.46756,11.55459,6.24798],"to":[8.46756,12.30459,6.99798],"rotation":{"angle":22.5,"axis":"z","origin":[8,8,8]},"faces":{"north":{"uv":[10.8,5.6,11.6,6],"texture":"#4"},"south":{"uv":[10.4,2.4,11.2,2.8],"texture":"#4"},"up":{"uv":[4,11.6,3.6,10.8],"rotation":90,"texture":"#4"}}},{"from":[7.32717,10.79433,6.12298],"to":[8.32717,12.79433,7.12298],"rotation":{"angle":45,"axis":"z","origin":[8,8,8]},"faces":{"north":{"uv":[11.6,0,12,0.8],"texture":"#4"},"east":{"uv":[10.8,6.4,11.2,7.2],"texture":"#4"},"south":{"uv":[9.2,10.8,9.6,11.6],"texture":"#4"},"west":{"uv":[11.2,3.2,11.6,4],"texture":"#4"},"up":{"uv":[0.4,12.4,0,12],"rotation":90,"texture":"#4"},"down":{"uv":[2.4,12,2,12.4],"rotation":270,"texture":"#4"}}},{"from":[9.77117,9.91831,5.87298],"to":[11.02117,11.41831,7.37298],"rotation":{"angle":22.5,"axis":"z","origin":[8,8,8]},"faces":{"north":{"uv":[0,10.8,0.6,11.4],"texture":"#4"},"east":{"uv":[10.4,9.2,11,9.8],"texture":"#4"},"south":{"uv":[10.4,10.4,11,11],"texture":"#4"},"up":{"uv":[3,11.4,2.4,10.8],"rotation":90,"texture":"#4"},"down":{"uv":[11.4,4.4,10.8,5],"rotation":270,"texture":"#4"}}},{"from":[7.89596,10.60885,5.87648],"to":[10.39596,11.78385,7.36948],"rotation":{"angle":-22.5,"axis":"z","origin":[8,8,8]},"faces":{"north":{"uv":[8,6.8,9,7.2],"texture":"#4"},"east":{"uv":[11.6,7.6,12.2,8],"texture":"#4"},"south":{"uv":[8,6,9,6.4],"texture":"#4"},"up":{"uv":[0.6,9,0,8],"rotation":90,"texture":"#4"},"down":{"uv":[3.8,8,3.2,9],"rotation":270,"texture":"#4"}}},{"from":[7.67283,10.79433,6.12298],"to":[8.67283,12.79433,7.12298],"rotation":{"angle":-45,"axis":"z","origin":[8,8,8]},"faces":{"north":{"uv":[5.2,11.6,5.6,12.4],"texture":"#4"},"east":{"uv":[1.2,11.6,1.6,12.4],"texture":"#4"},"south":{"uv":[11.6,1.2,12,2],"texture":"#4"},"west":{"uv":[4.4,11.6,4.8,12.4],"texture":"#4"},"up":{"uv":[3.2,12.4,2.8,12],"rotation":90,"texture":"#4"},"down":{"uv":[12.4,3.2,12,3.6],"rotation":270,"texture":"#4"}}},{"from":[7.53244,11.55459,6.24798],"to":[9.53244,12.30459,6.99798],"rotation":{"angle":-22.5,"axis":"z","origin":[8,8,8]},"faces":{"north":{"uv":[6,11.6,6.8,12],"texture":"#4"},"south":{"uv":[11.6,2.4,12.4,2.8],"texture":"#4"},"up":{"uv":[12,7.2,11.6,6.4],"rotation":90,"texture":"#4"}}},{"from":[8.42499,11.84625,5.66903],"to":[9.42499,13.84625,6.66903],"rotation":{"angle":22.5,"axis":"z","origin":[8,8,8]},"faces":{"north":{"uv":[4.66667,9.33333,5.33333,10.66667],"texture":"#3"},"east":{"uv":[10,6,10.66667,7.33333],"texture":"#3"},"south":{"uv":[8,10,8.66667,11.33333],"texture":"#3"},"west":{"uv":[10,8,10.66667,9.33333],"texture":"#3"},"up":{"uv":[12.66667,5.33333,12,4.66667],"texture":"#3"},"down":{"uv":[12,12,11.33333,12.66667],"texture":"#3"}}},{"from":[7,9.41129,10.40211],"to":[9,13.41129,12.40211],"rotation":{"angle":-45,"axis":"x","origin":[8,8,8]},"faces":{"north":{"uv":[7.33333,5.33333,6,8],"rotation":180,"texture":"#3"},"east":{"uv":[0,5.33333,2.66667,6.66667],"rotation":270,"texture":"#3"},"south":{"uv":[7.33333,4.66667,6,2],"texture":"#3"},"west":{"uv":[6,0,8.66667,1.33333],"rotation":90,"texture":"#3"},"up":{"uv":[8,2,9.33333,3.33333],"rotation":180,"texture":"#3"},"down":{"uv":[8,4,9.33333,5.33333],"texture":"#3"}}},{"from":[6.75,14.15619,4.491],"to":[9.25,16.65619,7.991],"rotation":{"angle":0,"axis":"y","origin":[8,8,8]},"faces":{"north":{"uv":[3.33333,6.66667,5,8.33333],"texture":"#3"},"east":{"uv":[0,0,2.33333,1.66667],"texture":"#3"},"south":{"uv":[0,7.33333,1.66667,9],"texture":"#3"},"west":{"uv":[0,2.66667,2.33333,4.33333],"texture":"#3"},"up":{"uv":[5,2.33333,3.33333,0],"texture":"#3"},"down":{"uv":[5,3.33333,3.33333,5.66667],"texture":"#3"}}},{"from":[6.7,15.38018,3.85089],"to":[7.2,16.38018,4.85089],"rotation":{"angle":22.5,"axis":"x","origin":[8,8,8]},"faces":{"north":{"uv":[13.33333,4.66667,13.66667,5.33333],"texture":"#3"},"east":{"uv":[12.66667,6,13.33333,6.66667],"texture":"#3"},"south":{"uv":[13.33333,7.33333,13.66667,8],"texture":"#3"},"west":{"uv":[12.66667,11.33333,13.33333,12],"texture":"#3"},"up":{"uv":[13.66667,9.33333,13.33333,8.66667],"texture":"#3"},"down":{"uv":[13.66667,10,13.33333,10.66667],"texture":"#3"}}},{"from":[7.375,12.12704,-0.02532],"to":[8.625,13.37704,1.22468],"rotation":{"angle":45,"axis":"x","origin":[8,8,8]},"faces":{"north":{"uv":[11,3,10,2],"rotation":180,"texture":"#3"},"east":{"uv":[9.33333,0,10.33333,1],"rotation":90,"texture":"#3"},"south":{"uv":[11,4,10,5],"texture":"#3"},"west":{"uv":[0,10,1,11],"rotation":270,"texture":"#3"},"up":{"uv":[2.66667,9.33333,3.66667,10.33333],"texture":"#3"},"down":{"uv":[6,8.66667,7,9.66667],"rotation":180,"texture":"#3"}}},{"from":[7.5,12.25204,-1.52532],"to":[8.5,13.25204,-0.02532],"rotation":{"angle":45,"axis":"x","origin":[8,8,8]},"faces":{"north":{"uv":[13.33333,13.33333,12.66667,12.66667],"rotation":180,"texture":"#3"},"east":{"uv":[8.66667,12,9.33333,13],"rotation":90,"texture":"#3"},"west":{"uv":[10,12,10.66667,13],"rotation":270,"texture":"#3"},"up":{"uv":[12,9.33333,12.66667,10.33333],"texture":"#3"},"down":{"uv":[7.33333,12,8,13],"rotation":180,"texture":"#3"}}},{"from":[7.5,15.65619,6.991],"to":[8.5,17.65619,8.991],"rotation":{"angle":0,"axis":"y","origin":[8,8,8]},"faces":{"north":{"uv":[2,11.33333,2.66667,12.66667],"texture":"#3"},"east":{"uv":[8,6,9.33333,7.33333],"texture":"#3"},"south":{"uv":[3.33333,11.33333,4,12.66667],"texture":"#3"},"west":{"uv":[8,8,9.33333,9.33333],"texture":"#3"},"up":{"uv":[5.33333,12.66667,4.66667,11.33333],"texture":"#3"},"down":{"uv":[12,6,11.33333,7.33333],"texture":"#3"}}},{"from":[7.5,9.99192,11.51763],"to":[8.5,10.99192,11.52763],"rotation":{"angle":-22.5,"axis":"x","origin":[8,8,8]},"faces":{"north":{"uv":[2,13.33333,1.33333,14],"rotation":180,"texture":"#3"},"south":{"uv":[0.66667,14,0,13.33333],"texture":"#3"}}},{"from":[7.5,12.01206,7.50622],"to":[8.5,12.02206,8.50622],"rotation":{"angle":45,"axis":"x","origin":[8,8,8]},"faces":{"north":{"uv":[14,1.33333,14.66667,1.33333],"texture":"#3"},"east":{"uv":[14,2,14.66667,2],"texture":"#3"},"south":{"uv":[14,2.66667,14.66667,2.66667],"texture":"#3"},"west":{"uv":[14,3.33333,14.66667,3.33333],"texture":"#3"},"up":{"uv":[3.33333,14,2.66667,13.33333],"texture":"#3"},"down":{"uv":[4.66667,13.33333,4,14],"texture":"#3"}}},{"from":[7,9.06804,11.13494],"to":[9,10.06804,11.14494],"rotation":{"angle":-22.5,"axis":"x","origin":[8,8,8]},"faces":{"north":{"uv":[1.33333,12,0,12.66667],"rotation":180,"texture":"#3"},"south":{"uv":[12.66667,8.66667,11.33333,8],"texture":"#3"}}},{"from":[7,11.1107,10.10483],"to":[9,12.1107,10.11483],"rotation":{"angle":0,"axis":"y","origin":[8,8,8]},"faces":{"north":{"uv":[13.33333,3.33333,12,4],"rotation":180,"texture":"#3"},"south":{"uv":[13.33333,2.66667,12,2],"texture":"#3"}}},{"from":[8.8,15.38018,3.85089],"to":[9.3,16.38018,4.85089],"rotation":{"angle":22.5,"axis":"x","origin":[8,8,8]},"faces":{"north":{"uv":[13.66667,4.66667,13.33333,5.33333],"texture":"#3"},"east":{"uv":[13.33333,11.33333,12.66667,12],"texture":"#3"},"south":{"uv":[13.66667,7.33333,13.33333,8],"texture":"#3"},"west":{"uv":[13.33333,6,12.66667,6.66667],"texture":"#3"},"up":{"uv":[13.33333,9.33333,13.66667,8.66667],"texture":"#3"},"down":{"uv":[13.33333,10,13.66667,10.66667],"texture":"#3"}}},{"from":[7.5,10.19026,9.72283],"to":[8.5,11.19026,9.73283],"rotation":{"angle":0,"axis":"y","origin":[8,8,8]},"faces":{"north":{"uv":[4.66667,13.33333,4,14],"rotation":180,"texture":"#3"},"east":{"uv":[14,2,14.66667,2],"rotation":270,"texture":"#3"},"south":{"uv":[3.33333,14,2.66667,13.33333],"texture":"#3"},"west":{"uv":[14,3.33333,14.66667,3.33333],"rotation":90,"texture":"#3"},"up":{"uv":[14,1.33333,14.66667,1.33333],"rotation":180,"texture":"#3"},"down":{"uv":[14,2.66667,14.66667,2.66667],"texture":"#3"}}},{"from":[7.5,11.60709,8.37075],"to":[8.5,12.60709,8.38075],"rotation":{"angle":22.5,"axis":"x","origin":[8,8,8]},"faces":{"north":{"uv":[2,13.33333,1.33333,14],"rotation":180,"texture":"#3"},"south":{"uv":[0.66667,14,0,13.33333],"texture":"#3"}}},{"from":[6.20112,8.99159,5.64044],"to":[7.20112,10.99159,6.64044],"rotation":{"angle":45,"axis":"x","origin":[8,8,8]},"faces":{"north":{"uv":[4.66667,9.33333,5.33333,10.66667],"texture":"#3"},"east":{"uv":[10,6,10.66667,7.33333],"texture":"#3"},"south":{"uv":[8,10,8.66667,11.33333],"texture":"#3"},"west":{"uv":[10,8,10.66667,9.33333],"texture":"#3"},"up":{"uv":[12.66667,5.33333,12,4.66667],"texture":"#3"},"down":{"uv":[12,12,11.33333,12.66667],"texture":"#3"}}},{"from":[6.57501,11.84625,5.66903],"to":[7.57501,13.84625,6.66903],"rotation":{"angle":-22.5,"axis":"z","origin":[8,8,8]},"faces":{"north":{"uv":[5.33333,9.33333,4.66667,10.66667],"texture":"#3"},"east":{"uv":[10.66667,8,10,9.33333],"texture":"#3"},"south":{"uv":[8.66667,10,8,11.33333],"texture":"#3"},"west":{"uv":[10.66667,6,10,7.33333],"texture":"#3"},"up":{"uv":[12,5.33333,12.66667,4.66667],"texture":"#3"},"down":{"uv":[11.33333,12,12,12.66667],"texture":"#3"}}},{"from":[8.79888,8.99159,5.64044],"to":[9.79888,10.99159,6.64044],"rotation":{"angle":45,"axis":"x","origin":[8,8,8]},"faces":{"north":{"uv":[5.33333,9.33333,4.66667,10.66667],"texture":"#3"},"east":{"uv":[10.66667,8,10,9.33333],"texture":"#3"},"south":{"uv":[8.66667,10,8,11.33333],"texture":"#3"},"west":{"uv":[10.66667,6,10,7.33333],"texture":"#3"},"up":{"uv":[12,5.33333,12.66667,4.66667],"texture":"#3"},"down":{"uv":[11.33333,12,12,12.66667],"texture":"#3"}}},{"from":[6,-1.56529,6.37298],"to":[10,10.43471,6.87298],"rotation":{"angle":0,"axis":"y","origin":[8,8,8]},"faces":{"north":{"uv":[2,0,3.6,4.8],"texture":"#4"},"east":{"uv":[1.6,5.2,1.8,10],"texture":"#4"},"south":{"uv":[0,0,1.6,4.8],"texture":"#4"},"west":{"uv":[2.4,5.2,2.6,10],"texture":"#4"}}},{"from":[13.34918,-0.17818,6.37048],"to":[16.17818,2.65082,6.87548],"rotation":{"angle":-45,"axis":"z","origin":[8,8,8]},"faces":{"north":{"uv":[4,1.6,5.2,2.8],"texture":"#4"},"east":{"uv":[8.4,11.6,8.6,12.8],"texture":"#4"},"south":{"uv":[4,0,5.2,1.2],"texture":"#4"},"west":{"uv":[11.6,8.4,11.8,9.6],"texture":"#4"},"up":{"uv":[10.2,12.8,10,11.6],"rotation":90,"texture":"#4"},"down":{"uv":[11.8,10,11.6,11.2],"rotation":270,"texture":"#4"}}},{"from":[4.5,-4.56529,6.62298],"to":[7,13.43471,6.65298],"rotation":{"angle":0,"axis":"y","origin":[8,8,8]},"faces":{"north":{"uv":[0,0,1.66667,12],"texture":"#2"},"south":{"uv":[1.66667,0,0,12],"texture":"#2"}}},{"from":[3.29338,-4.56529,5.38841],"to":[5.29338,13.43471,5.41841],"rotation":{"angle":22.5,"axis":"y","origin":[8,8,8]},"faces":{"north":{"uv":[1.66667,0,3,12],"texture":"#2"},"south":{"uv":[3,0,1.66667,12],"texture":"#2"}}},{"from":[9,-4.56529,6.62298],"to":[11.5,13.43471,6.65298],"rotation":{"angle":0,"axis":"y","origin":[8,8,8]},"faces":{"north":{"uv":[1.66667,0,0,12],"texture":"#2"},"south":{"uv":[0,0,1.66667,12],"texture":"#2"}}},{"from":[10.70662,-4.56529,5.38841],"to":[12.70662,13.43471,5.41841],"rotation":{"angle":-22.5,"axis":"y","origin":[8,8,8]},"faces":{"north":{"uv":[3,0,1.66667,12],"texture":"#2"},"south":{"uv":[1.66667,0,3,12],"texture":"#2"}}},{"from":[8.25327,6.74673,6.87298],"to":[9.25327,7.74673,9.37298],"rotation":{"angle":-45,"axis":"z","origin":[8,8,8]},"faces":{"north":{"uv":[12,4,12.4,4.4],"texture":"#4"},"east":{"uv":[8,7.6,9,8],"texture":"#4"},"south":{"uv":[3.6,12,4,12.4],"texture":"#4"},"west":{"uv":[4.4,8.4,5.4,8.8],"texture":"#4"},"up":{"uv":[7,8.8,6,8.4],"rotation":90,"texture":"#4"},"down":{"uv":[8.6,8.4,7.6,8.8],"rotation":270,"texture":"#4"}}},{"from":[13.20302,1.79698,6.87298],"to":[14.20302,2.79698,9.37298],"rotation":{"angle":-45,"axis":"z","origin":[8,8,8]},"faces":{"north":{"uv":[12,4,12.4,4.4],"texture":"#4"},"east":{"uv":[8,7.6,9,8],"texture":"#4"},"south":{"uv":[3.6,12,4,12.4],"texture":"#4"},"west":{"uv":[4.4,8.4,5.4,8.8],"texture":"#4"},"up":{"uv":[7,8.8,6,8.4],"rotation":90,"texture":"#4"},"down":{"uv":[8.6,8.4,7.6,8.8],"rotation":270,"texture":"#4"}}}],"gui_light":"front","display":{"thirdperson_righthand":{"rotation":[0,-60,0],"translation":[1.5,2.75,0]},"thirdperson_lefthand":{"rotation":[0,-60,0],"translation":[1.5,2.75,0]},"firstperson_righthand":{"rotation":[5,0,12],"translation":[0.75,3.75,2],"scale":[0.7,0.7,0.7]},"firstperson_lefthand":{"rotation":[5,0,12],"translation":[0.75,3.75,2],"scale":[0.7,0.7,0.7]},"ground":{"rotation":[45,0,0],"translation":[0,3,0],"scale":[0.7,0.7,0.7]},"gui":{"rotation":[0,180,-45],"translation":[-1.75,1.75,0]},"fixed":{"translation":[0,9,-2.25],"scale":[2,2,2]}}}