{"credit":"Pologony Creation Co.,Ltd.","textures":{"2":"little_unicorn_set:animations/spear_animation","3":"little_unicorn_set:unicorn","4":"little_unicorn_set:handle_4","particle":"little_unicorn_set:animations/spear_animation"},"elements":[{"from":[7.25,-6,7.25],"to":[8.75,-5.5,8.75],"rotation":{"angle":45,"axis":"y","origin":[8,-4,8]},"faces":{"north":{"uv":[12,0.8,12.6,1],"texture":"#4"},"east":{"uv":[12,1.6,12.6,1.8],"texture":"#4"},"south":{"uv":[12,2.4,12.6,2.6],"texture":"#4"},"west":{"uv":[12,3.2,12.6,3.4],"texture":"#4"},"up":{"uv":[6.6,9.4,6,8.8],"texture":"#4"},"down":{"uv":[9.8,0,9.2,0.6],"texture":"#4"}}},{"from":[7.375,-7.16161,7.46339],"to":[8.625,-5.91161,8.71339],"rotation":{"angle":-45,"axis":"x","origin":[8,-6.625,8]},"faces":{"north":{"uv":[7.2,9.2,7.8,9.8],"texture":"#4"},"east":{"uv":[9.6,1.2,10.2,1.8],"texture":"#4"},"south":{"uv":[2.4,9.6,3,10.2],"texture":"#4"},"west":{"uv":[9.6,2.4,10.2,3],"texture":"#4"},"up":{"uv":[4.2,10.2,3.6,9.6],"texture":"#4"},"down":{"uv":[5.4,9.6,4.8,10.2],"texture":"#4"}}},{"from":[6.35,15.5,10.75],"to":[6.35,18,13.25],"rotation":{"angle":22.5,"axis":"x","origin":[6.35,16.75,12]},"faces":{"west":{"uv":[3.2,4.4,4.2,5.4],"texture":"#4"}}},{"from":[7.5,5.5,7.5],"to":[8.5,10.5,8.5],"rotation":{"angle":45,"axis":"y","origin":[8,7,8]},"faces":{"north":{"uv":[5.2,1.6,5.6,3.6],"texture":"#4"},"east":{"uv":[6,1.6,6.4,3.6],"texture":"#4"},"south":{"uv":[3.2,6,3.6,8],"texture":"#4"},"west":{"uv":[4,6,4.4,8],"texture":"#4"},"up":{"uv":[2.8,9.2,2.4,8.8],"texture":"#4"},"down":{"uv":[12,4.8,11.6,5.2],"texture":"#4"}}},{"from":[7.5,11.5,7.5],"to":[8.5,21.5,8.5],"rotation":{"angle":45,"axis":"y","origin":[8,13,8]},"faces":{"north":{"uv":[2,0,2.4,4],"texture":"#4"},"east":{"uv":[2.8,0,3.2,4],"texture":"#4"},"south":{"uv":[3.6,0,4,4],"texture":"#4"},"west":{"uv":[0,4.4,0.4,8.4],"texture":"#4"}}},{"from":[7.5,-5.5,7.5],"to":[8.5,4.5,8.5],"rotation":{"angle":45,"axis":"y","origin":[8,-4,8]},"faces":{"north":{"uv":[4.4,0,4.8,4],"texture":"#4"},"east":{"uv":[0.8,4.4,1.2,8.4],"texture":"#4"},"south":{"uv":[1.6,4.4,2,8.4],"texture":"#4"},"west":{"uv":[2.4,4.4,2.8,8.4],"texture":"#4"}}},{"from":[7,10.5,7],"to":[9,11.5,9],"rotation":{"angle":0,"axis":"y","origin":[7,10.5,7]},"faces":{"north":{"uv":[10.4,6,11.2,6.4],"texture":"#4"},"east":{"uv":[10.4,6.8,11.2,7.2],"texture":"#4"},"south":{"uv":[7.2,10.4,8,10.8],"texture":"#4"},"west":{"uv":[10.8,1.2,11.6,1.6],"texture":"#4"},"up":{"uv":[8.4,4.8,7.6,4],"texture":"#4"},"down":{"uv":[5.6,7.6,4.8,8.4],"texture":"#4"}}},{"from":[7,4.5,7],"to":[9,5.5,9],"rotation":{"angle":0,"axis":"y","origin":[7,5.5,7]},"faces":{"north":{"uv":[10,11.2,10.8,11.6],"texture":"#4"},"east":{"uv":[11.2,11.2,12,11.6],"texture":"#4"},"south":{"uv":[0,11.6,0.8,12],"texture":"#4"},"west":{"uv":[11.6,0,12.4,0.4],"texture":"#4"},"up":{"uv":[8,8.8,7.2,8],"texture":"#4"},"down":{"uv":[9.2,1.2,8.4,2],"texture":"#4"}}},{"from":[7.1,20.6,8.1],"to":[8.9,22.9,10.4],"rotation":{"angle":-45,"axis":"x","origin":[7,20.5,8]},"faces":{"north":{"uv":[4.8,6,5.6,7],"texture":"#4"},"east":{"uv":[4.8,4.4,5.8,5.4],"texture":"#4"},"south":{"uv":[6,6,6.8,7],"texture":"#4"},"west":{"uv":[5.2,0,6.2,1],"texture":"#4"},"up":{"uv":[7.2,5,6.4,4],"texture":"#4"},"down":{"uv":[7.6,0,6.8,1],"texture":"#4"}}},{"from":[6.85,20.85,8.35],"to":[9.15,22.65,10.15],"rotation":{"angle":-45,"axis":"x","origin":[7,20.5,8]},"faces":{"north":{"uv":[6.8,1.6,7.8,2.4],"texture":"#4"},"east":{"uv":[6,7.6,6.8,8.4],"texture":"#4"},"south":{"uv":[6.8,2.8,7.8,3.6],"texture":"#4"},"west":{"uv":[8,0,8.8,0.8],"texture":"#4"},"up":{"uv":[8.2,6.4,7.2,5.6],"texture":"#4"},"down":{"uv":[8.2,6.8,7.2,7.6],"texture":"#4"}}},{"from":[7.2535,21.25,8.75],"to":[8.7465,22.425,11.25],"rotation":{"angle":22.5,"axis":"x","origin":[7.2535,21.25,10.75]},"faces":{"east":{"uv":[4.4,8.8,5.4,9.2],"texture":"#4"},"south":{"uv":[1.2,11.6,1.8,12],"texture":"#4"},"west":{"uv":[8.8,5.2,9.8,5.6],"texture":"#4"},"up":{"uv":[9,9,8.4,8],"texture":"#4"},"down":{"uv":[0.6,8.8,0,9.8],"texture":"#4"}}},{"from":[7.25,22.01537,8.90224],"to":[8.75,23.51537,10.15224],"rotation":{"angle":-22.5,"axis":"x","origin":[7.25,22.01537,8.90224]},"faces":{"east":{"uv":[9.6,7.6,10.2,8.2],"texture":"#4"},"south":{"uv":[8.4,9.6,9,10.2],"texture":"#4"},"west":{"uv":[9.6,8.8,10.2,9.4],"texture":"#4"},"up":{"uv":[10.6,4.2,10,3.6],"texture":"#4"},"down":{"uv":[6.6,10,6,10.6],"texture":"#4"}}},{"from":[7.625,22.32026,8.78749],"to":[8.375,23.07026,10.78749],"rotation":{"angle":22.5,"axis":"x","origin":[7.625,22.32026,10.63749]},"faces":{"east":{"uv":[10.8,2,11.6,2.4],"texture":"#4"},"west":{"uv":[2.4,10.8,3.2,11.2],"texture":"#4"},"up":{"uv":[4,11.6,3.6,10.8],"texture":"#4"}}},{"from":[7.5,21.73214,10.14203],"to":[8.5,23.73214,11.14203],"rotation":{"angle":45,"axis":"x","origin":[7.5,22.23214,9.99203]},"faces":{"north":{"uv":[4.4,10.8,4.8,11.6],"texture":"#4"},"east":{"uv":[5.2,10.8,5.6,11.6],"texture":"#4"},"south":{"uv":[10.8,7.6,11.2,8.4],"texture":"#4"},"west":{"uv":[8.4,10.8,8.8,11.6],"texture":"#4"},"up":{"uv":[12,6,11.6,5.6],"texture":"#4"},"down":{"uv":[12,6.4,11.6,6.8],"texture":"#4"}}},{"from":[7.25,22.01537,5.84776],"to":[8.75,23.51537,7.09776],"rotation":{"angle":22.5,"axis":"x","origin":[7.25,22.01537,7.09776]},"faces":{"north":{"uv":[9.6,10,10.2,10.6],"texture":"#4"},"east":{"uv":[0,10.4,0.6,11],"texture":"#4"},"west":{"uv":[10.4,0,11,0.6],"texture":"#4"},"up":{"uv":[1.8,11,1.2,10.4],"texture":"#4"},"down":{"uv":[11,4.8,10.4,5.4],"texture":"#4"}}},{"from":[7.2535,21.25,4.75],"to":[8.7465,22.425,7.25],"rotation":{"angle":-22.5,"axis":"x","origin":[7.2535,21.25,5.25]},"faces":{"north":{"uv":[2.4,11.6,3,12],"texture":"#4"},"east":{"uv":[8.8,6,9.8,6.4],"texture":"#4"},"west":{"uv":[8.8,6.8,9.8,7.2],"texture":"#4"},"up":{"uv":[1.8,9.8,1.2,8.8],"texture":"#4"},"down":{"uv":[9.4,3.6,8.8,4.6],"texture":"#4"}}},{"from":[7.5,21.73214,4.85797],"to":[8.5,23.73214,5.85797],"rotation":{"angle":-45,"axis":"x","origin":[7.5,22.23214,6.00797]},"faces":{"north":{"uv":[10.8,8.8,11.2,9.6],"texture":"#4"},"east":{"uv":[10.8,10,11.2,10.8],"texture":"#4"},"south":{"uv":[11.2,2.8,11.6,3.6],"texture":"#4"},"west":{"uv":[6,11.2,6.4,12],"texture":"#4"},"up":{"uv":[12,7.6,11.6,7.2],"texture":"#4"},"down":{"uv":[12,8,11.6,8.4],"texture":"#4"}}},{"from":[7.625,22.32026,5.21251],"to":[8.375,23.07026,7.21251],"rotation":{"angle":-22.5,"axis":"x","origin":[7.625,22.32026,5.36251]},"faces":{"east":{"uv":[11.2,4,12,4.4],"texture":"#4"},"west":{"uv":[6.8,11.2,7.6,11.6],"texture":"#4"},"up":{"uv":[9.6,12,9.2,11.2],"texture":"#4"}}},{"from":[6.5,15.89662,7.41697],"to":[7.5,16.89662,9.41697],"rotation":{"angle":-22.5,"axis":"y","origin":[7,16.39662,8.41697]},"faces":{"north":{"uv":[12,12,11.33333,12.66667],"rotation":180,"texture":"#3"},"east":{"uv":[10,6,10.66667,7.33333],"rotation":270,"texture":"#3"},"south":{"uv":[12.66667,5.33333,12,4.66667],"texture":"#3"},"west":{"uv":[10,8,10.66667,9.33333],"rotation":90,"texture":"#3"},"up":{"uv":[4.66667,9.33333,5.33333,10.66667],"rotation":180,"texture":"#3"},"down":{"uv":[8,10,8.66667,11.33333],"texture":"#3"}}},{"from":[7,13.38309,8.49145],"to":[9,17.38309,10.49145],"rotation":{"angle":0,"axis":"y","origin":[8,15.32082,10.81227]},"faces":{"north":{"uv":[7.33333,5.33333,6,8],"rotation":180,"texture":"#3"},"east":{"uv":[0,5.33333,2.66667,6.66667],"rotation":270,"texture":"#3"},"south":{"uv":[7.33333,4.66667,6,2],"texture":"#3"},"west":{"uv":[6,0,8.66667,1.33333],"rotation":90,"texture":"#3"},"up":{"uv":[8,2,9.33333,3.33333],"rotation":180,"texture":"#3"},"down":{"uv":[8,4,9.33333,5.33333],"texture":"#3"}}},{"from":[6.75,15.88309,9.49145],"to":[9.25,19.38309,11.99145],"rotation":{"angle":0,"axis":"y","origin":[8,15.32082,10.81227]},"faces":{"north":{"uv":[5,3.33333,3.33333,5.66667],"rotation":180,"texture":"#3"},"east":{"uv":[0,0,2.33333,1.66667],"rotation":270,"texture":"#3"},"south":{"uv":[5,2.33333,3.33333,0],"texture":"#3"},"west":{"uv":[0,2.66667,2.33333,4.33333],"rotation":90,"texture":"#3"},"up":{"uv":[3.33333,6.66667,5,8.33333],"rotation":180,"texture":"#3"},"down":{"uv":[0,7.33333,1.66667,9],"texture":"#3"}}},{"from":[6.7,16.11975,11.07286],"to":[7.2,17.11975,12.07286],"rotation":{"angle":22.5,"axis":"x","origin":[8,15.32082,10.81227]},"faces":{"north":{"uv":[13.66667,10,13.33333,10.66667],"rotation":180,"texture":"#3"},"east":{"uv":[12.66667,6,13.33333,6.66667],"rotation":270,"texture":"#3"},"south":{"uv":[13.66667,9.33333,13.33333,8.66667],"texture":"#3"},"west":{"uv":[12.66667,11.33333,13.33333,12],"rotation":90,"texture":"#3"},"up":{"uv":[13.33333,4.66667,13.66667,5.33333],"rotation":180,"texture":"#3"},"down":{"uv":[13.33333,7.33333,13.66667,8],"texture":"#3"}}},{"from":[7.375,17.20031,9.26105],"to":[8.625,18.45031,10.51105],"rotation":{"angle":45,"axis":"x","origin":[8,15.32082,10.81227]},"faces":{"north":{"uv":[6,8.66667,7,9.66667],"texture":"#3"},"east":{"uv":[9.33333,0,10.33333,1],"texture":"#3"},"south":{"uv":[2.66667,9.33333,3.66667,10.33333],"texture":"#3"},"west":{"uv":[0,10,1,11],"texture":"#3"},"up":{"uv":[11,3,10,2],"texture":"#3"},"down":{"uv":[11,4,10,5],"texture":"#3"}}},{"from":[7.5,18.45031,9.38605],"to":[8.5,19.95031,10.38605],"rotation":{"angle":45,"axis":"x","origin":[8,15.32082,10.81227]},"faces":{"north":{"uv":[7.33333,12,8,13],"texture":"#3"},"east":{"uv":[8.66667,12,9.33333,13],"texture":"#3"},"south":{"uv":[12,9.33333,12.66667,10.33333],"texture":"#3"},"west":{"uv":[10,12,10.66667,13],"texture":"#3"},"up":{"uv":[13.33333,13.33333,12.66667,12.66667],"texture":"#3"}}},{"from":[7.5,14.88309,10.99145],"to":[8.5,16.88309,12.99145],"rotation":{"angle":0,"axis":"y","origin":[8,15.32082,10.81227]},"faces":{"north":{"uv":[12,6,11.33333,7.33333],"rotation":180,"texture":"#3"},"east":{"uv":[8,6,9.33333,7.33333],"rotation":270,"texture":"#3"},"south":{"uv":[5.33333,12.66667,4.66667,11.33333],"texture":"#3"},"west":{"uv":[8,8,9.33333,9.33333],"rotation":90,"texture":"#3"},"up":{"uv":[2,11.33333,2.66667,12.66667],"rotation":180,"texture":"#3"},"down":{"uv":[3.33333,11.33333,4,12.66667],"texture":"#3"}}},{"from":[7.5,12.6568,9.76502],"to":[8.5,13.6568,9.77502],"rotation":{"angle":-22.5,"axis":"x","origin":[8,15.32082,10.81227]},"faces":{"north":{"uv":[2,13.33333,1.33333,14],"rotation":180,"texture":"#3"},"south":{"uv":[0.66667,14,0,13.33333],"texture":"#3"}}},{"from":[7.5,13.33373,12.87311],"to":[8.5,13.34373,13.87311],"rotation":{"angle":45,"axis":"x","origin":[8,15.32082,10.81227]},"faces":{"north":{"uv":[14,1.33333,14.66667,1.33333],"texture":"#3"},"east":{"uv":[14,2,14.66667,2],"texture":"#3"},"south":{"uv":[14,2.66667,14.66667,2.66667],"texture":"#3"},"west":{"uv":[14,3.33333,14.66667,3.33333],"texture":"#3"},"up":{"uv":[3.33333,14,2.66667,13.33333],"texture":"#3"},"down":{"uv":[4.66667,13.33333,4,14],"texture":"#3"}}},{"from":[7,11.73292,9.38233],"to":[9,12.73292,9.39233],"rotation":{"angle":-22.5,"axis":"x","origin":[8,15.32082,10.81227]},"faces":{"north":{"uv":[1.33333,12,0,12.66667],"rotation":180,"texture":"#3"},"south":{"uv":[12.66667,8.66667,11.33333,8],"texture":"#3"}}},{"from":[7,12.38309,10.48145],"to":[9,13.38309,10.49145],"rotation":{"angle":0,"axis":"y","origin":[8,15.32082,10.81227]},"faces":{"north":{"uv":[13.33333,3.33333,12,4],"rotation":180,"texture":"#3"},"south":{"uv":[13.33333,2.66667,12,2],"texture":"#3"}}},{"from":[8.8,16.11975,11.07286],"to":[9.3,17.11975,12.07286],"rotation":{"angle":22.5,"axis":"x","origin":[8,15.32082,10.81227]},"faces":{"north":{"uv":[13.33333,10,13.66667,10.66667],"rotation":180,"texture":"#3"},"east":{"uv":[13.33333,11.33333,12.66667,12],"rotation":270,"texture":"#3"},"south":{"uv":[13.33333,9.33333,13.66667,8.66667],"texture":"#3"},"west":{"uv":[13.33333,6,12.66667,6.66667],"rotation":90,"texture":"#3"},"up":{"uv":[13.66667,4.66667,13.33333,5.33333],"rotation":180,"texture":"#3"},"down":{"uv":[13.66667,7.33333,13.33333,8],"texture":"#3"}}},{"from":[7.5,11.46265,10.09945],"to":[8.5,12.46265,10.10945],"rotation":{"angle":0,"axis":"y","origin":[8,15.32082,10.81227]},"faces":{"north":{"uv":[4.66667,13.33333,4,14],"rotation":180,"texture":"#3"},"east":{"uv":[14,2,14.66667,2],"rotation":270,"texture":"#3"},"south":{"uv":[3.33333,14,2.66667,13.33333],"texture":"#3"},"west":{"uv":[14,3.33333,14.66667,3.33333],"rotation":90,"texture":"#3"},"up":{"uv":[14,1.33333,14.66667,1.33333],"rotation":180,"texture":"#3"},"down":{"uv":[14,2.66667,14.66667,2.66667],"texture":"#3"}}},{"from":[7.5,12.40781,11.24741],"to":[8.5,13.40781,11.25741],"rotation":{"angle":22.5,"axis":"x","origin":[8,15.32082,10.81227]},"faces":{"north":{"uv":[2,13.33333,1.33333,14],"rotation":180,"texture":"#3"},"south":{"uv":[0.66667,14,0,13.33333],"texture":"#3"}}},{"from":[6.5,13.28846,7.72399],"to":[7.5,14.28846,9.72399],"rotation":{"angle":-22.5,"axis":"y","origin":[8,13.78846,8.72399]},"faces":{"north":{"uv":[12,12,11.33333,12.66667],"rotation":180,"texture":"#3"},"east":{"uv":[10,6,10.66667,7.33333],"rotation":270,"texture":"#3"},"south":{"uv":[12.66667,5.33333,12,4.66667],"texture":"#3"},"west":{"uv":[10,8,10.66667,9.33333],"rotation":90,"texture":"#3"},"up":{"uv":[4.66667,9.33333,5.33333,10.66667],"rotation":180,"texture":"#3"},"down":{"uv":[8,10,8.66667,11.33333],"texture":"#3"}}},{"from":[8.5,15.89662,7.41697],"to":[9.5,16.89662,9.41697],"rotation":{"angle":22.5,"axis":"y","origin":[9,16.39662,8.41697]},"faces":{"north":{"uv":[11.33333,12,12,12.66667],"rotation":180,"texture":"#3"},"east":{"uv":[10.66667,8,10,9.33333],"rotation":270,"texture":"#3"},"south":{"uv":[12,5.33333,12.66667,4.66667],"texture":"#3"},"west":{"uv":[10.66667,6,10,7.33333],"rotation":90,"texture":"#3"},"up":{"uv":[5.33333,9.33333,4.66667,10.66667],"rotation":180,"texture":"#3"},"down":{"uv":[8.66667,10,8,11.33333],"texture":"#3"}}},{"from":[8.5,13.28846,7.72399],"to":[9.5,14.28846,9.72399],"rotation":{"angle":22.5,"axis":"y","origin":[8,13.78846,8.72399]},"faces":{"north":{"uv":[11.33333,12,12,12.66667],"rotation":180,"texture":"#3"},"east":{"uv":[10.66667,8,10,9.33333],"rotation":270,"texture":"#3"},"south":{"uv":[12,5.33333,12.66667,4.66667],"texture":"#3"},"west":{"uv":[10.66667,6,10,7.33333],"rotation":90,"texture":"#3"},"up":{"uv":[5.33333,9.33333,4.66667,10.66667],"rotation":180,"texture":"#3"},"down":{"uv":[8.66667,10,8,11.33333],"texture":"#3"}}},{"from":[7.75,22.40119,8],"to":[8.25,24.40119,10],"rotation":{"angle":-45,"axis":"x","origin":[7.25,22.40119,8]},"faces":{"east":{"uv":[8.4,2.4,9.2,3.2],"texture":"#4"},"south":{"uv":[11.6,8.8,11.8,9.6],"texture":"#4"},"west":{"uv":[3.2,8.4,4,9.2],"texture":"#4"},"up":{"uv":[11.8,10.8,11.6,10],"texture":"#4"}}},{"from":[7.985,22,6.25],"to":[8.015,32,9.75],"rotation":{"angle":0,"axis":"y","origin":[7.985,22.5,4.25]},"faces":{"east":{"uv":[0,0,3.5,10],"texture":"#2"},"west":{"uv":[0,0,3.5,10],"texture":"#2"}}}],"gui_light":"front","display":{"thirdperson_righthand":{"translation":[0,-2,1]},"thirdperson_lefthand":{"translation":[0,-2,1]},"firstperson_righthand":{"rotation":[-3,0,0],"translation":[0.75,-0.75,1.25],"scale":[0.7,0.7,0.7]},"firstperson_lefthand":{"rotation":[-3,0,0],"translation":[0.75,-0.75,1.25],"scale":[0.7,0.7,0.7]},"ground":{"rotation":[-45,0,0],"translation":[0,3,0],"scale":[0.7,0.7,0.7]},"gui":{"rotation":[-90,45,90],"translation":[1.75,-1.75,0],"scale":[0.6,0.6,0.6]},"head":{"rotation":[0,-90,0]},"fixed":{"rotation":[0,-90,0],"translation":[0,0,-2.25],"scale":[2,2,2]}}}