{"credit":"Pologony Creation Co.,Ltd.","texture_size":[8,8],"textures":{"1":"little_unicorn_set:sword","2":"little_unicorn_set:animations/sword_animation","3":"little_unicorn_set:unicorn","particle":"little_unicorn_set:animations/sword_animation"},"elements":[{"from":[7.25,1,7.25],"to":[8.75,1.5,8.75],"rotation":{"angle":45,"axis":"y","origin":[8,3,8]},"faces":{"north":{"uv":[8.4,12,9,12.2],"texture":"#1"},"east":{"uv":[12,9.2,12.6,9.4],"texture":"#1"},"south":{"uv":[12,10,12.6,10.2],"texture":"#1"},"west":{"uv":[12,10.8,12.6,11],"texture":"#1"},"up":{"uv":[10.6,6.6,10,6],"texture":"#1"},"down":{"uv":[10.6,7.2,10,7.8],"texture":"#1"}}},{"from":[7.375,-0.16161,7.46339],"to":[8.625,1.08839,8.71339],"rotation":{"angle":-45,"axis":"x","origin":[8,0.375,8]},"faces":{"north":{"uv":[8.4,10,9,10.6],"texture":"#1"},"east":{"uv":[10,8.4,10.6,9],"texture":"#1"},"south":{"uv":[9.6,10,10.2,10.6],"texture":"#1"},"west":{"uv":[10.4,1.2,11,1.8],"texture":"#1"},"up":{"uv":[3,11,2.4,10.4],"texture":"#1"},"down":{"uv":[6.2,10.4,5.6,11],"texture":"#1"}}},{"from":[7.6,19.75,6.75],"to":[7.6,22.25,9.25],"rotation":{"angle":0,"axis":"y","origin":[7.6,20.875,8]},"faces":{"west":{"uv":[7.6,0,8.6,1],"texture":"#1"}}},{"from":[7.6,15.75,6.75],"to":[7.6,18.25,9.25],"rotation":{"angle":0,"axis":"y","origin":[7.6,16.875,8]},"faces":{"west":{"uv":[7.6,0,8.6,1],"texture":"#1"}}},{"from":[7.6,23.75,6.75],"to":[7.6,26.25,9.25],"rotation":{"angle":0,"axis":"y","origin":[7.6,24.875,8]},"faces":{"west":{"uv":[7.6,0,8.6,1],"texture":"#1"}}},{"from":[8.4,15.75,6.75],"to":[8.4,18.25,9.25],"rotation":{"angle":0,"axis":"y","origin":[8.4,16.875,8]},"faces":{"east":{"uv":[8.6,0,7.6,1],"texture":"#1"}}},{"from":[8.4,19.75,6.75],"to":[8.4,22.25,9.25],"rotation":{"angle":0,"axis":"y","origin":[8.4,20.875,8]},"faces":{"east":{"uv":[8.6,0,7.6,1],"texture":"#1"}}},{"from":[8.4,23.75,6.75],"to":[8.4,26.25,9.25],"rotation":{"angle":0,"axis":"y","origin":[8.4,24.875,8]},"faces":{"east":{"uv":[8.6,0,7.6,1],"texture":"#1"}}},{"from":[7.5,1.5,7.5],"to":[8.5,6.5,8.5],"rotation":{"angle":45,"axis":"y","origin":[8,3,8]},"faces":{"north":{"uv":[7.6,3.2,8,5.2],"texture":"#1"},"east":{"uv":[4.4,7.6,4.8,9.6],"texture":"#1"},"south":{"uv":[5.2,7.6,5.6,9.6],"texture":"#1"},"west":{"uv":[7.6,5.6,8,7.6],"texture":"#1"},"up":{"uv":[0.4,12.4,0,12],"texture":"#1"},"down":{"uv":[12.4,0,12,0.4],"texture":"#1"}}},{"from":[7,6.5,7],"to":[9,7.5,9],"rotation":{"angle":0,"axis":"y","origin":[7,6.5,7]},"faces":{"north":{"uv":[10.8,10.8,11.6,11.2],"texture":"#1"},"east":{"uv":[11.2,4.8,12,5.2],"texture":"#1"},"south":{"uv":[11.2,5.6,12,6],"texture":"#1"},"west":{"uv":[11.2,6.4,12,6.8],"texture":"#1"},"up":{"uv":[10,2,9.2,1.2],"texture":"#1"},"down":{"uv":[3.6,9.2,2.8,10],"texture":"#1"}}},{"from":[7.1,6.6,8.1],"to":[8.9,8.9,10.4],"rotation":{"angle":-45,"axis":"x","origin":[7,6.5,8]},"faces":{"north":{"uv":[6,7.6,6.8,8.6],"texture":"#1"},"east":{"uv":[7.6,1.6,8.6,2.6],"texture":"#1"},"south":{"uv":[7.2,8,8,9],"texture":"#1"},"west":{"uv":[2.8,7.6,3.8,8.6],"texture":"#1"},"up":{"uv":[9.2,4.2,8.4,3.2],"texture":"#1"},"down":{"uv":[9.2,4.8,8.4,5.8],"texture":"#1"}}},{"from":[6.85,6.85,8.35],"to":[9.15,8.65,10.15],"rotation":{"angle":-45,"axis":"x","origin":[7,6.5,8]},"faces":{"north":{"uv":[8.4,6.4,9.4,7.2],"texture":"#1"},"east":{"uv":[6,9.2,6.8,10],"texture":"#1"},"south":{"uv":[8.4,7.6,9.4,8.4],"texture":"#1"},"west":{"uv":[0,9.6,0.8,10.4],"texture":"#1"},"up":{"uv":[9.4,9.6,8.4,8.8],"texture":"#1"},"down":{"uv":[10.2,0,9.2,0.8],"texture":"#1"}}},{"from":[7.2535,7.25,8.75],"to":[8.7465,8.425,11.25],"rotation":{"angle":22.5,"axis":"x","origin":[7.2535,7.25,10.75]},"faces":{"east":{"uv":[9.6,5.2,10.6,5.6],"texture":"#1"},"south":{"uv":[11.6,1.2,12.2,1.6],"texture":"#1"},"west":{"uv":[4,10,5,10.4],"texture":"#1"},"up":{"uv":[10.2,4.6,9.6,3.6],"texture":"#1"},"down":{"uv":[7.8,9.6,7.2,10.6],"texture":"#1"}}},{"from":[7.25,8.01537,8.90224],"to":[8.75,9.51537,10.15224],"rotation":{"angle":-22.5,"axis":"x","origin":[7.25,8.01537,8.90224]},"faces":{"east":{"uv":[0,10.8,0.6,11.4],"texture":"#1"},"south":{"uv":[10.8,0,11.4,0.6],"texture":"#1"},"west":{"uv":[1.2,10.8,1.8,11.4],"texture":"#1"},"up":{"uv":[11.4,3,10.8,2.4],"texture":"#1"},"down":{"uv":[4.2,10.8,3.6,11.4],"texture":"#1"}}},{"from":[7.625,8.32026,8.78749],"to":[8.375,9.07026,10.78749],"rotation":{"angle":22.5,"axis":"x","origin":[7.625,8.32026,10.63749]},"faces":{"east":{"uv":[8.4,11.2,9.2,11.6],"texture":"#1"},"west":{"uv":[11.2,8.4,12,8.8],"texture":"#1"},"up":{"uv":[10,12,9.6,11.2],"texture":"#1"}}},{"from":[7.5,7.73214,10.14203],"to":[8.5,9.73214,11.14203],"rotation":{"angle":45,"axis":"x","origin":[7.5,8.23214,9.99203]},"faces":{"north":{"uv":[4.8,10.8,5.2,11.6],"texture":"#1"},"east":{"uv":[6.8,11.2,7.2,12],"texture":"#1"},"south":{"uv":[11.2,7.2,11.6,8],"texture":"#1"},"west":{"uv":[7.6,11.2,8,12],"texture":"#1"},"up":{"uv":[1.2,12.4,0.8,12],"texture":"#1"},"down":{"uv":[2,12,1.6,12.4],"texture":"#1"}}},{"from":[7.75,9.03387,6.75],"to":[8.25,27.03387,9.25],"rotation":{"angle":0,"axis":"y","origin":[7.75,9.03387,6.25]},"faces":{"north":{"uv":[6,0,6.2,7.2],"texture":"#1"},"east":{"uv":[2.8,0,3.8,7.2],"texture":"#1"},"south":{"uv":[6.8,0,7,7.2],"texture":"#1"},"west":{"uv":[4.4,0,5.4,7.2],"texture":"#1"}}},{"from":[7.7475,25.28229,8],"to":[8.2525,27.05229,9.77],"rotation":{"angle":-45,"axis":"x","origin":[7.4975,25.28229,8]},"faces":{"north":{"uv":[3.6,12,3.8,12.8],"texture":"#1"},"east":{"uv":[1.2,9.6,2,10.4],"texture":"#1"},"south":{"uv":[12,3.6,12.2,4.4],"texture":"#1"},"west":{"uv":[9.6,2.4,10.4,3.2],"texture":"#1"},"up":{"uv":[4.6,12.8,4.4,12],"texture":"#1"},"down":{"uv":[12.2,7.2,12,8],"texture":"#1"}}},{"from":[7.985,9,5.25],"to":[8.015,32,10.75],"rotation":{"angle":0,"axis":"y","origin":[6.985,7,5.75]},"faces":{"east":{"uv":[3.66667,0,0,15.33333],"texture":"#2"},"west":{"uv":[0,0,3.66667,15.33333],"texture":"#2"}}},{"from":[7.25,8.01537,5.84776],"to":[8.75,9.51537,7.09776],"rotation":{"angle":22.5,"axis":"x","origin":[7.25,8.01537,7.09776]},"faces":{"north":{"uv":[11.4,0,10.8,0.6],"texture":"#1"},"east":{"uv":[0.6,10.8,0,11.4],"texture":"#1"},"west":{"uv":[1.8,10.8,1.2,11.4],"texture":"#1"},"up":{"uv":[11.4,2.4,10.8,3],"texture":"#1"},"down":{"uv":[4.2,11.4,3.6,10.8],"texture":"#1"}}},{"from":[7.2535,7.25,4.75],"to":[8.7465,8.425,7.25],"rotation":{"angle":-22.5,"axis":"x","origin":[7.2535,7.25,5.25]},"faces":{"north":{"uv":[12.2,1.2,11.6,1.6],"texture":"#1"},"east":{"uv":[10.6,5.2,9.6,5.6],"texture":"#1"},"west":{"uv":[5,10,4,10.4],"texture":"#1"},"up":{"uv":[10.2,3.6,9.6,4.6],"texture":"#1"},"down":{"uv":[7.8,10.6,7.2,9.6],"texture":"#1"}}},{"from":[7.5,7.73214,4.85797],"to":[8.5,9.73214,5.85797],"rotation":{"angle":-45,"axis":"x","origin":[7.5,8.23214,6.00797]},"faces":{"north":{"uv":[11.6,7.2,11.2,8],"texture":"#1"},"east":{"uv":[7.2,11.2,6.8,12],"texture":"#1"},"south":{"uv":[5.2,10.8,4.8,11.6],"texture":"#1"},"west":{"uv":[8,11.2,7.6,12],"texture":"#1"},"up":{"uv":[1.2,12,0.8,12.4],"texture":"#1"},"down":{"uv":[2,12.4,1.6,12],"texture":"#1"}}},{"from":[7.625,8.32026,5.21251],"to":[8.375,9.07026,7.21251],"rotation":{"angle":-22.5,"axis":"x","origin":[7.625,8.32026,5.36251]},"faces":{"east":{"uv":[9.2,11.2,8.4,11.6],"texture":"#1"},"west":{"uv":[12,8.4,11.2,8.8],"texture":"#1"},"up":{"uv":[10,11.2,9.6,12],"texture":"#1"}}},{"from":[6.5,13.89662,8.16697],"to":[7.5,14.89662,10.16697],"rotation":{"angle":-22.5,"axis":"y","origin":[7,14.39662,9.16697]},"faces":{"north":{"uv":[12,12,11.33333,12.66667],"rotation":180,"texture":"#3"},"east":{"uv":[10,6,10.66667,7.33333],"rotation":270,"texture":"#3"},"south":{"uv":[12.66667,5.33333,12,4.66667],"texture":"#3"},"west":{"uv":[10,8,10.66667,9.33333],"rotation":90,"texture":"#3"},"up":{"uv":[4.66667,9.33333,5.33333,10.66667],"rotation":180,"texture":"#3"},"down":{"uv":[8,10,8.66667,11.33333],"texture":"#3"}}},{"from":[7,11.38309,9.24145],"to":[9,15.38309,11.24145],"rotation":{"angle":0,"axis":"x","origin":[8,13.32082,11.56227]},"faces":{"north":{"uv":[7.33333,5.33333,6,8],"rotation":180,"texture":"#3"},"east":{"uv":[0,5.33333,2.66667,6.66667],"rotation":270,"texture":"#3"},"south":{"uv":[7.33333,4.66667,6,2],"texture":"#3"},"west":{"uv":[6,0,8.66667,1.33333],"rotation":90,"texture":"#3"},"up":{"uv":[8,2,9.33333,3.33333],"rotation":180,"texture":"#3"},"down":{"uv":[8,4,9.33333,5.33333],"texture":"#3"}}},{"from":[6.75,13.88309,10.24145],"to":[9.25,17.38309,12.74145],"rotation":{"angle":0,"axis":"x","origin":[8,13.32082,11.56227]},"faces":{"north":{"uv":[5,3.33333,3.33333,5.66667],"rotation":180,"texture":"#3"},"east":{"uv":[0,0,2.33333,1.66667],"rotation":270,"texture":"#3"},"south":{"uv":[5,2.33333,3.33333,0],"texture":"#3"},"west":{"uv":[0,2.66667,2.33333,4.33333],"rotation":90,"texture":"#3"},"up":{"uv":[3.33333,6.66667,5,8.33333],"rotation":180,"texture":"#3"},"down":{"uv":[0,7.33333,1.66667,9],"texture":"#3"}}},{"from":[6.7,14.11975,11.82286],"to":[7.2,15.11975,12.82286],"rotation":{"angle":22.5,"axis":"x","origin":[8,13.32082,11.56227]},"faces":{"north":{"uv":[13.66667,10,13.33333,10.66667],"rotation":180,"texture":"#3"},"east":{"uv":[12.66667,6,13.33333,6.66667],"rotation":270,"texture":"#3"},"south":{"uv":[13.66667,9.33333,13.33333,8.66667],"texture":"#3"},"west":{"uv":[12.66667,11.33333,13.33333,12],"rotation":90,"texture":"#3"},"up":{"uv":[13.33333,4.66667,13.66667,5.33333],"rotation":180,"texture":"#3"},"down":{"uv":[13.33333,7.33333,13.66667,8],"texture":"#3"}}},{"from":[7.375,15.20031,10.01105],"to":[8.625,16.45031,11.26105],"rotation":{"angle":45,"axis":"x","origin":[8,13.32082,11.56227]},"faces":{"north":{"uv":[6,8.66667,7,9.66667],"texture":"#3"},"east":{"uv":[9.33333,0,10.33333,1],"texture":"#3"},"south":{"uv":[2.66667,9.33333,3.66667,10.33333],"texture":"#3"},"west":{"uv":[0,10,1,11],"texture":"#3"},"up":{"uv":[11,3,10,2],"texture":"#3"},"down":{"uv":[11,4,10,5],"texture":"#3"}}},{"from":[7.5,16.45031,10.13605],"to":[8.5,17.95031,11.13605],"rotation":{"angle":45,"axis":"x","origin":[8,13.32082,11.56227]},"faces":{"north":{"uv":[7.33333,12,8,13],"texture":"#3"},"east":{"uv":[8.66667,12,9.33333,13],"texture":"#3"},"south":{"uv":[12,9.33333,12.66667,10.33333],"texture":"#3"},"west":{"uv":[10,12,10.66667,13],"texture":"#3"},"up":{"uv":[13.33333,13.33333,12.66667,12.66667],"texture":"#3"}}},{"from":[7.5,12.88309,11.74145],"to":[8.5,14.88309,13.74145],"rotation":{"angle":0,"axis":"x","origin":[8,13.32082,11.56227]},"faces":{"north":{"uv":[12,6,11.33333,7.33333],"rotation":180,"texture":"#3"},"east":{"uv":[8,6,9.33333,7.33333],"rotation":270,"texture":"#3"},"south":{"uv":[5.33333,12.66667,4.66667,11.33333],"texture":"#3"},"west":{"uv":[8,8,9.33333,9.33333],"rotation":90,"texture":"#3"},"up":{"uv":[2,11.33333,2.66667,12.66667],"rotation":180,"texture":"#3"},"down":{"uv":[3.33333,11.33333,4,12.66667],"texture":"#3"}}},{"from":[7.5,10.6568,10.51502],"to":[8.5,11.6568,10.52502],"rotation":{"angle":-22.5,"axis":"x","origin":[8,13.32082,11.56227]},"faces":{"north":{"uv":[2,13.33333,1.33333,14],"rotation":180,"texture":"#3"},"south":{"uv":[0.66667,14,0,13.33333],"texture":"#3"}}},{"from":[7.5,11.33373,13.62311],"to":[8.5,11.34373,14.62311],"rotation":{"angle":45,"axis":"x","origin":[8,13.32082,11.56227]},"faces":{"north":{"uv":[14,1.33333,14.66667,1.33333],"texture":"#3"},"east":{"uv":[14,2,14.66667,2],"texture":"#3"},"south":{"uv":[14,2.66667,14.66667,2.66667],"texture":"#3"},"west":{"uv":[14,3.33333,14.66667,3.33333],"texture":"#3"},"up":{"uv":[3.33333,14,2.66667,13.33333],"texture":"#3"},"down":{"uv":[4.66667,13.33333,4,14],"texture":"#3"}}},{"from":[7,9.73292,10.13233],"to":[9,10.73292,10.14233],"rotation":{"angle":-22.5,"axis":"x","origin":[8,13.32082,11.56227]},"faces":{"north":{"uv":[1.33333,12,0,12.66667],"rotation":180,"texture":"#3"},"south":{"uv":[12.66667,8.66667,11.33333,8],"texture":"#3"}}},{"from":[7,10.38309,11.23145],"to":[9,11.38309,11.24145],"rotation":{"angle":0,"axis":"x","origin":[8,13.32082,11.56227]},"faces":{"north":{"uv":[13.33333,3.33333,12,4],"rotation":180,"texture":"#3"},"south":{"uv":[13.33333,2.66667,12,2],"texture":"#3"}}},{"from":[8.8,14.11975,11.82286],"to":[9.3,15.11975,12.82286],"rotation":{"angle":22.5,"axis":"x","origin":[8,13.32082,11.56227]},"faces":{"north":{"uv":[13.33333,10,13.66667,10.66667],"rotation":180,"texture":"#3"},"east":{"uv":[13.33333,11.33333,12.66667,12],"rotation":270,"texture":"#3"},"south":{"uv":[13.33333,9.33333,13.66667,8.66667],"texture":"#3"},"west":{"uv":[13.33333,6,12.66667,6.66667],"rotation":90,"texture":"#3"},"up":{"uv":[13.66667,4.66667,13.33333,5.33333],"rotation":180,"texture":"#3"},"down":{"uv":[13.66667,7.33333,13.33333,8],"texture":"#3"}}},{"from":[7.5,9.46265,10.84945],"to":[8.5,10.46265,10.85945],"rotation":{"angle":0,"axis":"x","origin":[8,13.32082,11.56227]},"faces":{"north":{"uv":[4.66667,13.33333,4,14],"rotation":180,"texture":"#3"},"east":{"uv":[14,2,14.66667,2],"rotation":270,"texture":"#3"},"south":{"uv":[3.33333,14,2.66667,13.33333],"texture":"#3"},"west":{"uv":[14,3.33333,14.66667,3.33333],"rotation":90,"texture":"#3"},"up":{"uv":[14,1.33333,14.66667,1.33333],"rotation":180,"texture":"#3"},"down":{"uv":[14,2.66667,14.66667,2.66667],"texture":"#3"}}},{"from":[7.5,10.40781,11.99741],"to":[8.5,11.40781,12.00741],"rotation":{"angle":22.5,"axis":"x","origin":[8,13.32082,11.56227]},"faces":{"north":{"uv":[2,13.33333,1.33333,14],"rotation":180,"texture":"#3"},"south":{"uv":[0.66667,14,0,13.33333],"texture":"#3"}}},{"from":[6.5,11.28846,8.47399],"to":[7.5,12.28846,10.47399],"rotation":{"angle":-22.5,"axis":"y","origin":[8,11.78846,9.47399]},"faces":{"north":{"uv":[12,12,11.33333,12.66667],"rotation":180,"texture":"#3"},"east":{"uv":[10,6,10.66667,7.33333],"rotation":270,"texture":"#3"},"south":{"uv":[12.66667,5.33333,12,4.66667],"texture":"#3"},"west":{"uv":[10,8,10.66667,9.33333],"rotation":90,"texture":"#3"},"up":{"uv":[4.66667,9.33333,5.33333,10.66667],"rotation":180,"texture":"#3"},"down":{"uv":[8,10,8.66667,11.33333],"texture":"#3"}}},{"from":[8.5,13.89662,8.16697],"to":[9.5,14.89662,10.16697],"rotation":{"angle":22.5,"axis":"y","origin":[9,14.39662,9.16697]},"faces":{"north":{"uv":[11.33333,12,12,12.66667],"rotation":180,"texture":"#3"},"east":{"uv":[10.66667,8,10,9.33333],"rotation":270,"texture":"#3"},"south":{"uv":[12,5.33333,12.66667,4.66667],"texture":"#3"},"west":{"uv":[10.66667,6,10,7.33333],"rotation":90,"texture":"#3"},"up":{"uv":[5.33333,9.33333,4.66667,10.66667],"rotation":180,"texture":"#3"},"down":{"uv":[8.66667,10,8,11.33333],"texture":"#3"}}},{"from":[8.5,11.28846,8.47399],"to":[9.5,12.28846,10.47399],"rotation":{"angle":22.5,"axis":"y","origin":[8,11.78846,9.47399]},"faces":{"north":{"uv":[11.33333,12,12,12.66667],"rotation":180,"texture":"#3"},"east":{"uv":[10.66667,8,10,9.33333],"rotation":270,"texture":"#3"},"south":{"uv":[12,5.33333,12.66667,4.66667],"texture":"#3"},"west":{"uv":[10.66667,6,10,7.33333],"rotation":90,"texture":"#3"},"up":{"uv":[5.33333,9.33333,4.66667,10.66667],"rotation":180,"texture":"#3"},"down":{"uv":[8.66667,10,8,11.33333],"texture":"#3"}}}],"gui_light":"front","display":{"thirdperson_righthand":{"translation":[0,1.5,1]},"thirdperson_lefthand":{"translation":[0,1.5,1]},"firstperson_righthand":{"rotation":[5,0,0],"translation":[0.75,1,0],"scale":[0.7,0.7,0.7]},"firstperson_lefthand":{"rotation":[5,0,0],"translation":[0.75,1,0],"scale":[0.7,0.7,0.7]},"ground":{"rotation":[-45,0,0],"translation":[0,3,0],"scale":[0.7,0.7,0.7]},"gui":{"rotation":[-90,45,90],"translation":[4,-4,0],"scale":[0.7,0.7,0.7]},"head":{"rotation":[0,-90,0]},"fixed":{"rotation":[0,-90,0],"translation":[0,0,-2.25],"scale":[2,2,2]}}}