{"credit":"Pologony Creation Co.,Ltd.","texture_size":[32,32],"textures":{"0":"little_unicorn_set:wings_dot","1":"little_unicorn_set:animations/wings_animation","particle":"little_unicorn_set:wings_dot"},"elements":[{"from":[9,7.18821,7.5],"to":[12,10.18821,8.5],"rotation":{"angle":-22.5,"axis":"z","origin":[9,7.18821,8.5]},"faces":{"north":{"uv":[0,0,3,3],"texture":"#0","tintindex":0},"east":{"uv":[0,8,1,11],"texture":"#0","tintindex":0},"south":{"uv":[0,4,3,7],"texture":"#0","tintindex":0},"west":{"uv":[2,8,3,11],"texture":"#0","tintindex":0},"up":{"uv":[7,10,4,9],"texture":"#0","tintindex":0},"down":{"uv":[11,9,8,10],"texture":"#0","tintindex":0}}},{"from":[9.5,7.68821,7],"to":[11.5,9.68821,9],"rotation":{"angle":-22.5,"axis":"z","origin":[9,7.18821,8.5]},"faces":{"north":{"uv":[4,0,6,2],"texture":"#0","tintindex":0},"east":{"uv":[4,3,6,5],"texture":"#0","tintindex":0},"south":{"uv":[4,6,6,8],"texture":"#0","tintindex":0},"west":{"uv":[7,0,9,2],"texture":"#0","tintindex":0},"up":{"uv":[9,5,7,3],"texture":"#0","tintindex":0},"down":{"uv":[9,6,7,8],"texture":"#0","tintindex":0}}},{"from":[11,0.5,7.61451],"to":[32,19.5,7.64451],"rotation":{"angle":-22.5,"axis":"y","origin":[11,0.5,7.61451]},"faces":{"north":{"uv":[0,0,10.5,9.5],"texture":"#1","tintindex":0},"south":{"uv":[10.5,0,0,9.5],"texture":"#1","tintindex":0}}},{"from":[4,7.18821,7.5],"to":[7,10.18821,8.5],"rotation":{"angle":22.5,"axis":"z","origin":[7,7.18821,8.5]},"faces":{"north":{"uv":[3,0,0,3],"texture":"#0","tintindex":0},"east":{"uv":[3,8,2,11],"texture":"#0","tintindex":0},"south":{"uv":[3,4,0,7],"texture":"#0","tintindex":0},"west":{"uv":[1,8,0,11],"texture":"#0","tintindex":0},"up":{"uv":[4,10,7,9],"texture":"#0","tintindex":0},"down":{"uv":[8,9,11,10],"texture":"#0","tintindex":0}}},{"from":[4.5,7.68821,7],"to":[6.5,9.68821,9],"rotation":{"angle":22.5,"axis":"z","origin":[7,7.18821,8.5]},"faces":{"north":{"uv":[6,0,4,2],"texture":"#0","tintindex":0},"east":{"uv":[9,0,7,2],"texture":"#0","tintindex":0},"south":{"uv":[6,6,4,8],"texture":"#0","tintindex":0},"west":{"uv":[6,3,4,5],"texture":"#0","tintindex":0},"up":{"uv":[7,5,9,3],"texture":"#0","tintindex":0},"down":{"uv":[7,6,9,8],"texture":"#0","tintindex":0}}},{"from":[-16,0.5,7.61451],"to":[5,19.5,7.64451],"rotation":{"angle":22.5,"axis":"y","origin":[5,0.5,7.61451]},"faces":{"north":{"uv":[10.5,0,0,9.5],"texture":"#1","tintindex":0},"south":{"uv":[0,0,10.5,9.5],"texture":"#1","tintindex":0}}}],"gui_light":"front","display":{"thirdperson_righthand":{"rotation":[45,180,0],"scale":[0.7,0.7,0.7]},"thirdperson_lefthand":{"rotation":[67.5,0,0],"translation":[-5.5,-7,10]},"firstperson_righthand":{"rotation":[160.25,0,-180],"translation":[3,0.5,0],"scale":[0.6,0.6,0.6]},"firstperson_lefthand":{"scale":[0,0,0]},"ground":{"rotation":[-45,0,0],"translation":[0,3,0],"scale":[0.7,0.7,0.7]},"gui":{"rotation":[0,180,0],"translation":[0,-1,0],"scale":[0.45,0.45,0.45]},"head":{"translation":[0,-48.25,6.75],"scale":[1.6,1.6,1.6]},"fixed":{"rotation":[0,180,0],"translation":[0,0,-2.75],"scale":[2,2,2]}}}