{"credit":"Pologony Creation Co.,Ltd.","texture_size":[32,32],"textures":{"0":"little_unicorn_set:wings_dot","1":"little_unicorn_set:animations/wings_animation","particle":"little_unicorn_set:wings_dot"},"elements":[{"from":[8.5,-10.4059,7.75],"to":[10,-8.9059,8.25],"rotation":{"angle":-22.5,"axis":"z","origin":[8.5,-10.4059,8.25]},"faces":{"north":{"uv":[0,0,3,3],"texture":"#0","tintindex":0},"east":{"uv":[0,8,1,11],"texture":"#0","tintindex":0},"south":{"uv":[0,4,3,7],"texture":"#0","tintindex":0},"west":{"uv":[2,8,3,11],"texture":"#0","tintindex":0},"up":{"uv":[7,10,4,9],"texture":"#0","tintindex":0},"down":{"uv":[11,9,8,10],"texture":"#0","tintindex":0}}},{"from":[8.75,-10.1559,7.5],"to":[9.75,-9.1559,8.5],"rotation":{"angle":-22.5,"axis":"z","origin":[8.5,-10.4059,8.25]},"faces":{"north":{"uv":[4,0,6,2],"texture":"#0","tintindex":0},"east":{"uv":[4,3,6,5],"texture":"#0","tintindex":0},"south":{"uv":[4,6,6,8],"texture":"#0","tintindex":0},"west":{"uv":[7,0,9,2],"texture":"#0","tintindex":0},"up":{"uv":[9,5,7,3],"texture":"#0","tintindex":0},"down":{"uv":[9,6,7,8],"texture":"#0","tintindex":0}}},{"from":[9.5,-13.75,7.80726],"to":[20,-4.25,7.82226],"rotation":{"angle":-22.5,"axis":"y","origin":[9.5,-13.75,7.80726]},"faces":{"north":{"uv":[0,0,10.5,9.5],"texture":"#1","tintindex":0},"south":{"uv":[10.5,0,0,9.5],"texture":"#1","tintindex":0}}},{"from":[6,-10.4059,7.75],"to":[7.5,-8.9059,8.25],"rotation":{"angle":22.5,"axis":"z","origin":[7.5,-10.4059,8.25]},"faces":{"north":{"uv":[3,0,0,3],"texture":"#0","tintindex":0},"east":{"uv":[3,8,2,11],"texture":"#0","tintindex":0},"south":{"uv":[3,4,0,7],"texture":"#0","tintindex":0},"west":{"uv":[1,8,0,11],"texture":"#0","tintindex":0},"up":{"uv":[4,10,7,9],"texture":"#0","tintindex":0},"down":{"uv":[8,9,11,10],"texture":"#0","tintindex":0}}},{"from":[6.25,-10.1559,7.5],"to":[7.25,-9.1559,8.5],"rotation":{"angle":22.5,"axis":"z","origin":[7.5,-10.4059,8.25]},"faces":{"north":{"uv":[6,0,4,2],"texture":"#0","tintindex":0},"east":{"uv":[9,0,7,2],"texture":"#0","tintindex":0},"south":{"uv":[6,6,4,8],"texture":"#0","tintindex":0},"west":{"uv":[6,3,4,5],"texture":"#0","tintindex":0},"up":{"uv":[7,5,9,3],"texture":"#0","tintindex":0},"down":{"uv":[7,6,9,8],"texture":"#0","tintindex":0}}},{"from":[-4,-13.75,7.80726],"to":[6.5,-4.25,7.82226],"rotation":{"angle":22.5,"axis":"y","origin":[6.5,-13.75,7.80726]},"faces":{"north":{"uv":[10.5,0,0,9.5],"texture":"#1","tintindex":0},"south":{"uv":[0,0,10.5,9.5],"texture":"#1","tintindex":0}}}],"gui_light":"front","display":{"thirdperson_righthand":{"rotation":[45,180,0],"scale":[0.7,0.7,0.7]},"thirdperson_lefthand":{"rotation":[67.5,0,0],"translation":[-5.5,-7,10]},"firstperson_righthand":{"rotation":[160.25,0,-180],"translation":[3,0.5,0],"scale":[0.6,0.6,0.6]},"firstperson_lefthand":{"scale":[0,0,0]},"ground":{"rotation":[-45,0,0],"translation":[0,3,0],"scale":[0.7,0.7,0.7]},"gui":{"rotation":[0,180,0],"translation":[0,18,0]},"head":{"translation":[0,-47.5,6.75],"scale":[3.2,3.2,3.2]},"fixed":{"rotation":[0,180,0],"translation":[0,0,-2.75],"scale":[2,2,2]}}}