{"credit":"Made by PolygonMC","texture_size":[32,32],"textures":{"1":"protocalset:animations/animations_2","2":"protocalset:fishing_rod"},"elements":[{"from":[7.75,0,7.5],"to":[8.25,0.5,8.5],"rotation":{"angle":-45,"axis":"x","origin":[8,1,8]},"faces":{"east":{"uv":[7,9,7.5,9.25],"texture":"#2"},"west":{"uv":[9,7,9.5,7.25],"texture":"#2"},"up":{"uv":[7.75,9.5,7.5,9],"texture":"#2"},"down":{"uv":[9.25,7.5,9,8],"texture":"#2"}}},{"from":[7.75,1.5,7.5],"to":[8.25,2,8.5],"rotation":{"angle":-45,"axis":"x","origin":[8,1,8]},"faces":{"east":{"uv":[8,9,8.5,9.25],"texture":"#2"},"west":{"uv":[8.5,9,9,9.25],"texture":"#2"},"up":{"uv":[9.25,9.5,9,9],"texture":"#2"},"down":{"uv":[9.75,0,9.5,0.5],"texture":"#2"}}},{"from":[7.75,0,7],"to":[8.25,2,7.5],"rotation":{"angle":-45,"axis":"x","origin":[8,1,8]},"faces":{"north":{"uv":[6,8,6.25,9],"texture":"#2"},"east":{"uv":[8,6,8.25,7],"texture":"#2"},"south":{"uv":[6.5,8,6.75,9],"texture":"#2"},"west":{"uv":[7,8,7.25,9],"texture":"#2"},"up":{"uv":[3.75,9.75,3.5,9.5],"texture":"#2"},"down":{"uv":[4.25,9.5,4,9.75],"texture":"#2"}}},{"from":[7.75,0,8.5],"to":[8.25,2,9],"rotation":{"angle":-45,"axis":"x","origin":[8,1,8]},"faces":{"north":{"uv":[8,7,8.25,8],"texture":"#2"},"east":{"uv":[7.5,8,7.75,9],"texture":"#2"},"south":{"uv":[8,8,8.25,9],"texture":"#2"},"west":{"uv":[8.5,0,8.75,1],"texture":"#2"},"up":{"uv":[4.75,9.75,4.5,9.5],"texture":"#2"},"down":{"uv":[5.25,9.5,5,9.75],"texture":"#2"}}},{"from":[7.25,1.5,7.25],"to":[8.75,3,8.75],"rotation":{"angle":45,"axis":"x","origin":[8,2.25,8]},"faces":{"north":{"uv":[5.5,1,6.25,1.75],"texture":"#2"},"east":{"uv":[5.5,2,6.25,2.75],"texture":"#2"},"south":{"uv":[5.5,3,6.25,3.75],"texture":"#2"},"west":{"uv":[5.5,4,6.25,4.75],"texture":"#2"},"up":{"uv":[6.25,5.75,5.5,5],"texture":"#2"},"down":{"uv":[6.75,0,6,0.75],"texture":"#2"}}},{"from":[7.5,1.5,6.75],"to":[8.5,3,7.75],"rotation":{"angle":-22.5,"axis":"x","origin":[8,2.25,7.25]},"faces":{"north":{"uv":[3,7,3.5,7.75],"texture":"#2"},"east":{"uv":[7.5,2,8,2.75],"texture":"#2"},"west":{"uv":[7.5,3,8,3.75],"texture":"#2"},"up":{"uv":[7,6,6.5,5.5],"texture":"#2"},"down":{"uv":[1.5,8.5,1,9],"texture":"#2"}}},{"from":[7.5,1.5,8.25],"to":[8.5,3,9.25],"rotation":{"angle":22.5,"axis":"x","origin":[8,2.25,8.75]},"faces":{"east":{"uv":[4.5,7.5,5,8.25],"texture":"#2"},"south":{"uv":[0,8,0.5,8.75],"texture":"#2"},"west":{"uv":[0.5,8,1,8.75],"texture":"#2"},"up":{"uv":[9,1.5,8.5,1],"texture":"#2"},"down":{"uv":[2,8.5,1.5,9],"texture":"#2"}}},{"from":[7.4,2.25,7.4],"to":[8.6,3.75,8.6],"rotation":{"angle":0,"axis":"y","origin":[7.5,2.25,7.5]},"faces":{"north":{"uv":[1,7,1.625,7.75],"texture":"#2"},"east":{"uv":[2,7,2.625,7.75],"texture":"#2"},"south":{"uv":[7,4,7.625,4.75],"texture":"#2"},"west":{"uv":[5,7,5.625,7.75],"texture":"#2"}}},{"from":[7.5,4.25,7.5],"to":[8.5,6.25,8.5],"rotation":{"angle":0,"axis":"y","origin":[7.5,4.25,7.5]},"faces":{"north":{"uv":[4.5,6.5,5,7.5],"texture":"#2"},"east":{"uv":[0,7,0.5,8],"texture":"#2"},"south":{"uv":[7,0,7.5,1],"texture":"#2"},"west":{"uv":[0.5,7,1,8],"texture":"#2"}}},{"from":[7.3,3.75,7.3],"to":[8.7,4.25,8.7],"rotation":{"angle":0,"axis":"y","origin":[7.5,3.75,7.5]},"faces":{"north":{"uv":[2,9,2.75,9.25],"texture":"#2"},"east":{"uv":[9,2.5,9.75,2.75],"texture":"#2"},"south":{"uv":[3,9,3.75,9.25],"texture":"#2"},"west":{"uv":[9,3,9.75,3.25],"texture":"#2"},"up":{"uv":[5.75,6.75,5,6],"texture":"#2"},"down":{"uv":[6.75,6,6,6.75],"texture":"#2"}}},{"from":[7.4,6.75,7.4],"to":[8.6,8.25,8.6],"rotation":{"angle":0,"axis":"y","origin":[7.5,8.25,7.5]},"faces":{"north":{"uv":[7,5,7.625,5.75],"texture":"#2"},"east":{"uv":[6,7,6.625,7.75],"texture":"#2"},"south":{"uv":[7,6,7.625,6.75],"texture":"#2"},"west":{"uv":[7,7,7.625,7.75],"texture":"#2"}}},{"from":[7.3,6.25,7.3],"to":[8.7,6.75,8.7],"rotation":{"angle":0,"axis":"x","origin":[8,6.5,8]},"faces":{"north":{"uv":[9,3.5,9.75,3.75],"texture":"#2"},"east":{"uv":[9,4,9.75,4.25],"texture":"#2"},"south":{"uv":[9,4.5,9.75,4.75],"texture":"#2"},"west":{"uv":[5,9,5.75,9.25],"texture":"#2"},"up":{"uv":[7.25,1.75,6.5,1],"texture":"#2"},"down":{"uv":[7.25,2,6.5,2.75],"texture":"#2"}}},{"from":[7.25,8.25,7.25],"to":[8.75,9.25,8.75],"rotation":{"angle":0,"axis":"y","origin":[7.25,8.25,7.25]},"faces":{"north":{"uv":[1,8,1.75,8.5],"texture":"#2"},"east":{"uv":[2,8,2.75,8.5],"texture":"#2"},"south":{"uv":[8,2,8.75,2.5],"texture":"#2"},"west":{"uv":[8,2.5,8.75,3],"texture":"#2"},"down":{"uv":[7.25,3,6.5,3.75],"texture":"#2"}}},{"from":[7.5,7.75,7],"to":[8.5,10.75,8],"rotation":{"angle":-22.5,"axis":"x","origin":[7.5,7.75,6]},"faces":{"north":{"uv":[5,3,5.5,4.5],"texture":"#2"},"east":{"uv":[3.5,5,4,6.5],"texture":"#2"},"south":{"uv":[4,5,4.5,6.5],"texture":"#2"},"west":{"uv":[4.5,5,5,6.5],"texture":"#2"},"down":{"uv":[9,1.5,8.5,2],"texture":"#2"}}},{"from":[7.495,10.11143,6.69004],"to":[8.505,11.61143,7.69004],"rotation":{"angle":45,"axis":"x","origin":[7.995,11.61143,7.19004]},"faces":{"north":{"uv":[3,8,3.5,8.75],"texture":"#2"},"east":{"uv":[8,3,8.5,3.75],"texture":"#2"},"south":{"uv":[3.5,8,4,8.75],"texture":"#2"},"west":{"uv":[4,8,4.5,8.75],"texture":"#2"},"up":{"uv":[2.5,9,2,8.5],"texture":"#2"},"down":{"uv":[3,8.5,2.5,9],"texture":"#2"}}},{"from":[7.495,10.11143,8.30996],"to":[8.505,11.61143,9.30996],"rotation":{"angle":-45,"axis":"x","origin":[7.995,11.61143,8.80996]},"faces":{"north":{"uv":[8,4,8.5,4.75],"texture":"#2"},"east":{"uv":[5,8,5.5,8.75],"texture":"#2"},"south":{"uv":[8,5,8.5,5.75],"texture":"#2"},"west":{"uv":[5.5,8,6,8.75],"texture":"#2"},"up":{"uv":[9,3.5,8.5,3],"texture":"#2"},"down":{"uv":[9,3.5,8.5,4],"texture":"#2"}}},{"from":[7.5,7.75,8],"to":[8.5,10.75,9],"rotation":{"angle":22.5,"axis":"x","origin":[7.5,7.75,10]},"faces":{"north":{"uv":[5,4.5,5.5,6],"texture":"#2"},"east":{"uv":[0,5.5,0.5,7],"texture":"#2"},"south":{"uv":[0.5,5.5,1,7],"texture":"#2"},"west":{"uv":[1,5.5,1.5,7],"texture":"#2"},"down":{"uv":[9,4,8.5,4.5],"texture":"#2"}}},{"from":[7,8.5,8],"to":[9,10.5,10],"rotation":{"angle":-45,"axis":"x","origin":[7,8.5,8]},"faces":{"north":{"uv":[4,0,5,1],"texture":"#2"},"east":{"uv":[4,1,5,2],"texture":"#2"},"south":{"uv":[2,4,3,5],"texture":"#2"},"west":{"uv":[4,2,5,3],"texture":"#2"},"up":{"uv":[4,5,3,4],"texture":"#2"},"down":{"uv":[5,3,4,4],"texture":"#2"}}},{"from":[7.7,8.78934,9.47487],"to":[8.3,10.78934,11.47487],"rotation":{"angle":45,"axis":"x","origin":[8,9.78934,10.47487]},"faces":{"north":{"uv":[4.5,8.5,4.75,9.5],"texture":"#2"},"east":{"uv":[4,4,5,5],"texture":"#2"},"south":{"uv":[8.5,4.5,8.75,5.5],"texture":"#2"},"west":{"uv":[5,0,6,1],"texture":"#2"},"up":{"uv":[8.75,6.5,8.5,5.5],"texture":"#2"},"down":{"uv":[8.75,6.5,8.5,7.5],"texture":"#2"}}},{"from":[7.395,10.59,7.395],"to":[8.605,14.51,8.605],"rotation":{"angle":0,"axis":"y","origin":[7.395,-2.52,7.395]},"faces":{"north":{"uv":[2,0,2.625,2],"texture":"#2"},"east":{"uv":[2,2,2.625,4],"texture":"#2"},"south":{"uv":[3,0,3.625,2],"texture":"#2"},"west":{"uv":[3,2,3.625,4],"texture":"#2"},"up":{"uv":[8.125,0.625,7.5,0],"texture":"#2"},"down":{"uv":[8.125,1,7.5,1.625],"texture":"#2"}}},{"from":[7.5402,14.51,7.5402],"to":[8.4598,18.1292,8.4598],"rotation":{"angle":0,"axis":"y","origin":[7.5402,-1.0136,7.5402]},"faces":{"north":{"uv":[5,1,5.5,2.75],"texture":"#2"},"east":{"uv":[2,5,2.5,6.75],"texture":"#2"},"south":{"uv":[2.5,5,3,6.75],"texture":"#2"},"west":{"uv":[3,5,3.5,6.75],"texture":"#2"},"up":{"uv":[9,8,8.5,7.5],"texture":"#2"}}},{"from":[7.63179,18.1292,7.63179],"to":[8.36821,21.08205,8.36821],"rotation":{"angle":0,"axis":"y","origin":[7.63179,0.5655,7.63179]},"faces":{"north":{"uv":[1.5,5.5,1.875,7],"texture":"#2"},"east":{"uv":[3.5,6.5,3.875,8],"texture":"#2"},"south":{"uv":[4,6.5,4.375,8],"texture":"#2"},"west":{"uv":[6.5,4,6.875,5.5],"texture":"#2"},"up":{"uv":[4.375,9.375,4,9],"texture":"#2"}}},{"from":[7,13.75,5.7],"to":[7.5,14.25,7.7],"rotation":{"angle":0,"axis":"y","origin":[7,0,0]},"faces":{"north":{"uv":[9.5,5,9.75,5.25],"texture":"#2"},"east":{"uv":[8.5,8,9.5,8.25],"texture":"#2"},"south":{"uv":[5.5,9.5,5.75,9.75],"texture":"#2"},"west":{"uv":[8.5,8.5,9.5,8.75],"texture":"#2"},"up":{"uv":[0.25,10,0,9],"texture":"#2"},"down":{"uv":[9.25,0,9,1],"texture":"#2"}}},{"from":[8.5,13.75,5.7],"to":[9,14.25,7.7],"rotation":{"angle":0,"axis":"y","origin":[7,0,0]},"faces":{"north":{"uv":[9.5,5.5,9.75,5.75],"texture":"#2"},"east":{"uv":[0.5,9,1.5,9.25],"texture":"#2"},"south":{"uv":[6,9.5,6.25,9.75],"texture":"#2"},"west":{"uv":[9,1,10,1.25],"texture":"#2"},"up":{"uv":[1.75,10,1.5,9],"texture":"#2"},"down":{"uv":[9.25,1.5,9,2.5],"texture":"#2"}}},{"from":[7.5,13.75,7.2],"to":[8.5,14.25,7.7],"rotation":{"angle":0,"axis":"y","origin":[7,0,0]},"faces":{"north":{"uv":[0.5,9.5,1,9.75],"texture":"#2"},"south":{"uv":[9.5,0.5,10,0.75],"texture":"#2"},"up":{"uv":[1.5,9.75,1,9.5],"texture":"#2"},"down":{"uv":[10,1.5,9.5,1.75],"texture":"#2"}}},{"from":[7.5,13.75,5.7],"to":[8.5,14.25,6.2],"rotation":{"angle":0,"axis":"y","origin":[7,0,0]},"faces":{"north":{"uv":[2,9.5,2.5,9.75],"texture":"#2"},"south":{"uv":[9.5,2,10,2.25],"texture":"#2"},"up":{"uv":[3,9.75,2.5,9.5],"texture":"#2"},"down":{"uv":[3.5,9.5,3,9.75],"texture":"#2"}}},{"from":[7,16.25,5.7],"to":[7.5,16.75,7.7],"rotation":{"angle":0,"axis":"y","origin":[7,0,0]},"faces":{"north":{"uv":[9.5,5,9.75,5.25],"texture":"#2"},"east":{"uv":[8.5,8,9.5,8.25],"texture":"#2"},"south":{"uv":[5.5,9.5,5.75,9.75],"texture":"#2"},"west":{"uv":[8.5,8.5,9.5,8.75],"texture":"#2"},"up":{"uv":[0.25,10,0,9],"texture":"#2"},"down":{"uv":[9.25,0,9,1],"texture":"#2"}}},{"from":[8.5,16.25,5.7],"to":[9,16.75,7.7],"rotation":{"angle":0,"axis":"y","origin":[7,0,0]},"faces":{"north":{"uv":[9.5,5.5,9.75,5.75],"texture":"#2"},"east":{"uv":[0.5,9,1.5,9.25],"texture":"#2"},"south":{"uv":[6,9.5,6.25,9.75],"texture":"#2"},"west":{"uv":[9,1,10,1.25],"texture":"#2"},"up":{"uv":[1.75,10,1.5,9],"texture":"#2"},"down":{"uv":[9.25,1.5,9,2.5],"texture":"#2"}}},{"from":[7.5,16.25,7.2],"to":[8.5,16.75,7.7],"rotation":{"angle":0,"axis":"y","origin":[7,0,0]},"faces":{"north":{"uv":[0.5,9.5,1,9.75],"texture":"#2"},"south":{"uv":[9.5,0.5,10,0.75],"texture":"#2"},"up":{"uv":[1.5,9.75,1,9.5],"texture":"#2"},"down":{"uv":[10,1.5,9.5,1.75],"texture":"#2"}}},{"from":[7.5,16.25,5.7],"to":[8.5,16.75,6.2],"rotation":{"angle":0,"axis":"y","origin":[7,0,0]},"faces":{"north":{"uv":[2,9.5,2.5,9.75],"texture":"#2"},"south":{"uv":[9.5,2,10,2.25],"texture":"#2"},"up":{"uv":[3,9.75,2.5,9.5],"texture":"#2"},"down":{"uv":[3.5,9.5,3,9.75],"texture":"#2"}}},{"from":[7,18.75,5.7],"to":[7.5,19.25,7.7],"rotation":{"angle":0,"axis":"y","origin":[7,0,0]},"faces":{"north":{"uv":[9.5,5,9.75,5.25],"texture":"#2"},"east":{"uv":[8.5,8,9.5,8.25],"texture":"#2"},"south":{"uv":[5.5,9.5,5.75,9.75],"texture":"#2"},"west":{"uv":[8.5,8.5,9.5,8.75],"texture":"#2"},"up":{"uv":[0.25,10,0,9],"texture":"#2"},"down":{"uv":[9.25,0,9,1],"texture":"#2"}}},{"from":[8.5,18.75,5.7],"to":[9,19.25,7.7],"rotation":{"angle":0,"axis":"y","origin":[7,0,0]},"faces":{"north":{"uv":[9.5,5.5,9.75,5.75],"texture":"#2"},"east":{"uv":[0.5,9,1.5,9.25],"texture":"#2"},"south":{"uv":[6,9.5,6.25,9.75],"texture":"#2"},"west":{"uv":[9,1,10,1.25],"texture":"#2"},"up":{"uv":[1.75,10,1.5,9],"texture":"#2"},"down":{"uv":[9.25,1.5,9,2.5],"texture":"#2"}}},{"from":[7.5,18.75,7.2],"to":[8.5,19.25,7.7],"rotation":{"angle":0,"axis":"y","origin":[7,0,0]},"faces":{"north":{"uv":[0.5,9.5,1,9.75],"texture":"#2"},"south":{"uv":[9.5,0.5,10,0.75],"texture":"#2"},"up":{"uv":[1.5,9.75,1,9.5],"texture":"#2"},"down":{"uv":[10,1.5,9.5,1.75],"texture":"#2"}}},{"from":[7.5,18.75,5.7],"to":[8.5,19.25,6.2],"rotation":{"angle":0,"axis":"y","origin":[7,0,0]},"faces":{"north":{"uv":[2,9.5,2.5,9.75],"texture":"#2"},"south":{"uv":[9.5,2,10,2.25],"texture":"#2"},"up":{"uv":[3,9.75,2.5,9.5],"texture":"#2"},"down":{"uv":[3.5,9.5,3,9.75],"texture":"#2"}}},{"from":[7.975,10,3.2],"to":[8.025,21,7.2],"rotation":{"angle":0,"axis":"y","origin":[-0.025,0,0]},"faces":{"east":{"uv":[2,0,0,5.5],"texture":"#2"},"west":{"uv":[0,0,2,5.5],"texture":"#2"}}},{"from":[7.625,14.975,4.325],"to":[8.375,15.725,5.075],"rotation":{"angle":0,"axis":"y","origin":[7.625,0.125,0.125]},"faces":{"north":{"uv":[9,5,9.375,5.375],"texture":"#2"},"east":{"uv":[9,5.5,9.375,5.875],"texture":"#2"},"south":{"uv":[6,9,6.375,9.375],"texture":"#2"},"west":{"uv":[9,6,9.375,6.375],"texture":"#2"},"up":{"uv":[6.875,9.375,6.5,9],"texture":"#2"},"down":{"uv":[9.375,6.5,9,6.875],"texture":"#2"}}},{"from":[7.5,20.875,7.5],"to":[8.5,21.875,8.5],"rotation":{"angle":-45,"axis":"x","origin":[8,21.375,8]},"faces":{"north":{"uv":[10.125,0.75,10.625,1.25],"texture":"#2"},"east":{"uv":[10.125,0.125,10.625,0.625],"rotation":270,"texture":"#2"},"south":{"uv":[10.125,0.125,10.625,0.625],"texture":"#2"},"west":{"uv":[10.125,0.125,10.625,0.625],"texture":"#2"},"up":{"uv":[10.125,0.125,10.625,0.625],"rotation":90,"texture":"#2"},"down":{"uv":[10.125,0.75,10.625,1.25],"texture":"#2"}}},{"from":[7.15,6.60183,6.77386],"to":[7.15,8.12683,13.48386],"rotation":{"angle":45,"axis":"x","origin":[7.15,7.28808,10.53086]},"faces":{"west":{"uv":[0.33333,4.33333,2.33333,13],"rotation":90,"texture":"#1"}}},{"from":[8.85,6.60183,6.77386],"to":[8.85,8.12683,13.48386],"rotation":{"angle":45,"axis":"x","origin":[8.85,7.28808,10.53086]},"faces":{"east":{"uv":[0.33333,13,2.33333,4.33333],"rotation":90,"texture":"#1"}}}],"gui_light":"front","display":{"thirdperson_righthand":{"translation":[0,0.25,1]},"thirdperson_lefthand":{"translation":[0,0.25,1]},"firstperson_righthand":{"rotation":[-10,0,0],"translation":[-0.5,1.75,1.75]},"firstperson_lefthand":{"rotation":[-10,0,0],"translation":[-0.5,1.75,1.75]},"ground":{"rotation":[-45,0,0],"translation":[0,7,0]},"gui":{"rotation":[-90,45,90],"translation":[1.75,-1.75,0],"scale":[0.79297,0.79297,0.79297]},"head":{"rotation":[0,90,0],"scale":[1.5,1.5,1.5]},"fixed":{"rotation":[0,-90,0],"translation":[0,-5,-1.25],"scale":[1.7,1.7,1.7]}}}