{"parent":"item/generated","textures":{"layer0":"item/crossbow_standby"},"display":{"thirdperson_righthand":{"rotation":[-90,0,-60],"translation":[2,0.1,-3],"scale":[0.9,0.9,0.9]},"thirdperson_lefthand":{"rotation":[-90,0,30],"translation":[2,0.1,-3],"scale":[0.9,0.9,0.9]},"firstperson_righthand":{"rotation":[-90,0,-55],"translation":[1.13,3.2,1.13],"scale":[0.68,0.68,0.68]},"firstperson_lefthand":{"rotation":[-90,0,35],"translation":[1.13,3.2,1.13],"scale":[0.68,0.68,0.68]}},"overrides":[{"predicate":{"pulling":1},"model":"item/crossbow_pulling_0"},{"predicate":{"pulling":1,"pull":0.58},"model":"item/crossbow_pulling_1"},{"predicate":{"pulling":1,"pull":1.0},"model":"item/crossbow_pulling_2"},{"predicate":{"charged":1},"model":"item/crossbow_arrow"},{"predicate":{"charged":1,"firework":1},"model":"item/crossbow_firework"},{"predicate":{"custom_model_data":10013},"model":"protocalset:crossbow"},{"predicate":{"pulling":1,"custom_model_data":10013},"model":"protocalset:crossbow_0"},{"predicate":{"pulling":1,"pull":0.58,"custom_model_data":10013},"model":"protocalset:crossbow_1"},{"predicate":{"pulling":1,"pull":1.0,"custom_model_data":10013},"model":"protocalset:crossbow_2"},{"predicate":{"charged":1,"custom_model_data":10013},"model":"protocalset:crossbow_charged"},{"predicate":{"charged":1,"firework":1,"custom_model_data":10013},"model":"protocalset:crossbow_firework"},{"predicate":{"custom_model_data":10014},"model":"ender_dragonset:crossbow"},{"predicate":{"pulling":1,"custom_model_data":10014},"model":"ender_dragonset:crossbow_0"},{"predicate":{"pulling":1,"pull":0.58,"custom_model_data":10014},"model":"ender_dragonset:crossbow_1"},{"predicate":{"pulling":1,"pull":1.0,"custom_model_data":10014},"model":"ender_dragonset:crossbow_2"},{"predicate":{"charged":1,"custom_model_data":10014},"model":"ender_dragonset:crossbow_charged"},{"predicate":{"charged":1,"firework":1,"custom_model_data":10014},"model":"ender_dragonset:crossbow_firework"},{"predicate":{"custom_model_data":10015},"model":"fairyset:crossbow"},{"predicate":{"pulling":1,"custom_model_data":10015},"model":"fairyset:crossbow_0"},{"predicate":{"pulling":1,"pull":0.58,"custom_model_data":10015},"model":"fairyset:crossbow_1"},{"predicate":{"pulling":1,"pull":1.0,"custom_model_data":10015},"model":"fairyset:crossbow_2"},{"predicate":{"charged":1,"custom_model_data":10015},"model":"fairyset:crossbow_charged"},{"predicate":{"charged":1,"firework":1,"custom_model_data":10015},"model":"fairyset:crossbow_firework"},{"predicate":{"custom_model_data":10016},"model":"elitecreatures:loki_animated/crossbow"},{"predicate":{"pulling":1,"custom_model_data":10016},"model":"elitecreatures:loki_animated/crossbow_0"},{"predicate":{"pulling":1,"pull":0.58,"custom_model_data":10016},"model":"elitecreatures:loki_animated/crossbow_1"},{"predicate":{"pulling":1,"pull":1.0,"custom_model_data":10016},"model":"elitecreatures:loki_animated/crossbow_2"},{"predicate":{"charged":1,"custom_model_data":10016},"model":"elitecreatures:loki_animated/crossbow_charged"},{"predicate":{"charged":1,"firework":1,"custom_model_data":10016},"model":"elitecreatures:loki_animated/crossbow_firework"},{"predicate":{"custom_model_data":10017},"model":"pixelmine_ocean_guardian_set:ocean_guardian_crossbow"},{"predicate":{"pulling":1,"custom_model_data":10017},"model":"pixelmine_ocean_guardian_set:ocean_guardian_crossbow_0"},{"predicate":{"pulling":1,"pull":0.58,"custom_model_data":10017},"model":"pixelmine_ocean_guardian_set:ocean_guardian_crossbow_1"},{"predicate":{"pulling":1,"pull":1.0,"custom_model_data":10017},"model":"pixelmine_ocean_guardian_set:ocean_guardian_crossbow_2"},{"predicate":{"charged":1,"custom_model_data":10017},"model":"pixelmine_ocean_guardian_set:ocean_guardian_crossbow_charged"},{"predicate":{"charged":1,"firework":1,"custom_model_data":10017},"model":"pixelmine_ocean_guardian_set:ocean_guardian_crossbow_firework"},{"predicate":{"custom_model_data":10018},"model":"pirate_reasure_set:crossbow"},{"predicate":{"pulling":1,"custom_model_data":10018},"model":"pirate_reasure_set:crossbow_0"},{"predicate":{"pulling":1,"pull":0.58,"custom_model_data":10018},"model":"pirate_reasure_set:crossbow_1"},{"predicate":{"pulling":1,"pull":1.0,"custom_model_data":10018},"model":"pirate_reasure_set:crossbow_2"},{"predicate":{"charged":1,"custom_model_data":10018},"model":"pirate_reasure_set:crossbow_charged"},{"predicate":{"charged":1,"firework":1,"custom_model_data":10018},"model":"pirate_reasure_set:crossbow_firework"},{"predicate":{"custom_model_data":10019},"model":"elitecreatures:arctic_knight_animated_weapon_set/crossbow"},{"predicate":{"pulling":1,"custom_model_data":10019},"model":"elitecreatures:arctic_knight_animated_weapon_set/crossbow_0"},{"predicate":{"pulling":1,"pull":0.58,"custom_model_data":10019},"model":"elitecreatures:arctic_knight_animated_weapon_set/crossbow_1"},{"predicate":{"pulling":1,"pull":1.0,"custom_model_data":10019},"model":"elitecreatures:arctic_knight_animated_weapon_set/crossbow_2"},{"predicate":{"charged":1,"custom_model_data":10019},"model":"elitecreatures:arctic_knight_animated_weapon_set/crossbow_charged"},{"predicate":{"charged":1,"firework":1,"custom_model_data":10019},"model":"elitecreatures:arctic_knight_animated_weapon_set/crossbow_firework"},{"predicate":{"custom_model_data":10020},"model":"infernoset:crossbow"},{"predicate":{"pulling":1,"custom_model_data":10020},"model":"infernoset:crossbow_0"},{"predicate":{"pulling":1,"pull":0.58,"custom_model_data":10020},"model":"infernoset:crossbow_1"},{"predicate":{"pulling":1,"pull":1.0,"custom_model_data":10020},"model":"infernoset:crossbow_2"},{"predicate":{"charged":1,"custom_model_data":10020},"model":"infernoset:crossbow_charged"},{"predicate":{"charged":1,"firework":1,"custom_model_data":10020},"model":"infernoset:crossbow_firework"},{"predicate":{"custom_model_data":10021},"model":"darkwitherset:crossbow"},{"predicate":{"pulling":1,"custom_model_data":10021},"model":"darkwitherset:crossbow_0"},{"predicate":{"pulling":1,"pull":0.58,"custom_model_data":10021},"model":"darkwitherset:crossbow_1"},{"predicate":{"pulling":1,"pull":1.0,"custom_model_data":10021},"model":"darkwitherset:crossbow_2"},{"predicate":{"charged":1,"custom_model_data":10021},"model":"darkwitherset:crossbow_charged"},{"predicate":{"charged":1,"firework":1,"custom_model_data":10021},"model":"darkwitherset:crossbow_firework"},{"predicate":{"custom_model_data":10022},"model":"little_unicorn_set:crossbow"},{"predicate":{"pulling":1,"custom_model_data":10022},"model":"little_unicorn_set:crossbow_0"},{"predicate":{"pulling":1,"pull":0.58,"custom_model_data":10022},"model":"little_unicorn_set:crossbow_1"},{"predicate":{"pulling":1,"pull":1.0,"custom_model_data":10022},"model":"little_unicorn_set:crossbow_2"},{"predicate":{"charged":1,"custom_model_data":10022},"model":"little_unicorn_set:crossbow_charged"},{"predicate":{"charged":1,"firework":1,"custom_model_data":10022},"model":"little_unicorn_set:crossbow_firework"},{"predicate":{"custom_model_data":10023},"model":"discordnitroset:crossbow"},{"predicate":{"pulling":1,"custom_model_data":10023},"model":"discordnitroset:crossbow_0"},{"predicate":{"pulling":1,"pull":0.58,"custom_model_data":10023},"model":"discordnitroset:crossbow_1"},{"predicate":{"pulling":1,"pull":1.0,"custom_model_data":10023},"model":"discordnitroset:crossbow_2"},{"predicate":{"charged":1,"custom_model_data":10023},"model":"discordnitroset:crossbow_charged"},{"predicate":{"charged":1,"firework":1,"custom_model_data":10023},"model":"discordnitroset:crossbow_firework"},{"predicate":{"custom_model_data":10024},"model":"item/crossbow"}]}