{"parent":"minecraft:item/handheld","textures":{"layer0":"minecraft:item/diamond_pickaxe"},"overrides":[{"predicate":{"custom_model_data":10003},"model":"pirate_reasure_set:pickaxe"},{"predicate":{"custom_model_data":10004},"model":"elitecreatures:arctic_knight_animated_weapon_set/hammer"},{"predicate":{"custom_model_data":10005},"model":"elitecreatures:arctic_knight_animated_weapon_set/pickaxe"},{"predicate":{"custom_model_data":10006},"model":"jeqo:dragon_set/black/black_dragon_pickaxe"},{"predicate":{"custom_model_data":10007},"model":"jeqo:dragon_set/blue/blue_dragon_pickaxe"},{"predicate":{"custom_model_data":10008},"model":"jeqo:dragon_set/green/green_dragon_pickaxe"},{"predicate":{"custom_model_data":10009},"model":"jeqo:dragon_set/orange/orange_dragon_pickaxe"},{"predicate":{"custom_model_data":10010},"model":"jeqo:dragon_set/purple/purple_dragon_pickaxe"},{"predicate":{"custom_model_data":10011},"model":"jeqo:dragon_set/red/red_dragon_pickaxe"},{"predicate":{"custom_model_data":10012},"model":"item/diamond_pickaxe"}]}