{"parent":"minecraft:item/handheld","textures":{"layer0":"minecraft:item/diamond_sword"},"overrides":[{"predicate":{"custom_model_data":10029},"model":"elitecreatures:loki_animated/sword"},{"predicate":{"custom_model_data":10030},"model":"elitecreatures:loki_animated/dagger"},{"predicate":{"custom_model_data":10031},"model":"elitecreatures:loki_animated/greatsword"},{"predicate":{"custom_model_data":10032},"model":"elitecreatures:loki_animated/hammer"},{"predicate":{"custom_model_data":10033},"model":"elitecreatures:loki_animated/mace"},{"predicate":{"custom_model_data":10034},"model":"elitecreatures:loki_animated/spear"},{"predicate":{"custom_model_data":10035},"model":"elitecreatures:loki_animated/staff"},{"predicate":{"custom_model_data":10036},"model":"pirate_reasure_set:chest"},{"predicate":{"custom_model_data":10037},"model":"pirate_reasure_set:dagger"},{"predicate":{"custom_model_data":10038},"model":"pirate_reasure_set:hammer"},{"predicate":{"custom_model_data":10039},"model":"pirate_reasure_set:hat"},{"predicate":{"custom_model_data":10040},"model":"pirate_reasure_set:key"},{"predicate":{"custom_model_data":10041},"model":"pirate_reasure_set:rapier_sword"},{"predicate":{"custom_model_data":10042},"model":"pirate_reasure_set:scythe"},{"predicate":{"custom_model_data":10043},"model":"pirate_reasure_set:spear"},{"predicate":{"custom_model_data":10044},"model":"pirate_reasure_set:staff"},{"predicate":{"custom_model_data":10045},"model":"pirate_reasure_set:sword"},{"predicate":{"custom_model_data":10046},"model":"pirate_reasure_set:trident"},{"predicate":{"custom_model_data":10047},"model":"pirate_reasure_set:wing_self"},{"predicate":{"custom_model_data":10048},"model":"pirate_reasure_set:wing_self2"},{"predicate":{"custom_model_data":10049},"model":"elitecreatures:arctic_knight_animated_weapon_set/dagger"},{"predicate":{"custom_model_data":10050},"model":"elitecreatures:arctic_knight_animated_weapon_set/greatsword"},{"predicate":{"custom_model_data":10051},"model":"elitecreatures:arctic_knight_animated_weapon_set/spear"},{"predicate":{"custom_model_data":10052},"model":"elitecreatures:arctic_knight_animated_weapon_set/staff"},{"predicate":{"custom_model_data":10053},"model":"elitecreatures:arctic_knight_animated_weapon_set/sword"},{"predicate":{"custom_model_data":10054},"model":"jeqo:dragon_set/black/black_dragon_sword"},{"predicate":{"custom_model_data":10055},"model":"jeqo:dragon_set/blue/blue_dragon_sword"},{"predicate":{"custom_model_data":10056},"model":"jeqo:dragon_set/green/green_dragon_sword"},{"predicate":{"custom_model_data":10057},"model":"jeqo:dragon_set/orange/orange_dragon_sword"},{"predicate":{"custom_model_data":10058},"model":"jeqo:dragon_set/purple/purple_dragon_sword"},{"predicate":{"custom_model_data":10059},"model":"jeqo:dragon_set/red/red_dragon_sword"},{"predicate":{"custom_model_data":10060},"model":"item/diamond_sword"}]}