{"parent":"minecraft:item/handheld","textures":{"layer0":"minecraft:item/diamond_shovel"},"overrides":[{"predicate":{"custom_model_data":10002},"model":"elitecreatures:loki_animated/shovel"},{"predicate":{"custom_model_data":10003},"model":"pirate_reasure_set:shovel"},{"predicate":{"custom_model_data":10004},"model":"elitecreatures:arctic_knight_animated_weapon_set/shovel"},{"predicate":{"custom_model_data":10005},"model":"jeqo:dragon_set/black/black_dragon_shovel"},{"predicate":{"custom_model_data":10006},"model":"jeqo:dragon_set/blue/blue_dragon_shovel"},{"predicate":{"custom_model_data":10007},"model":"jeqo:dragon_set/green/green_dragon_shovel"},{"predicate":{"custom_model_data":10008},"model":"jeqo:dragon_set/orange/orange_dragon_shovel"},{"predicate":{"custom_model_data":10009},"model":"jeqo:dragon_set/purple/purple_dragon_shovel"},{"predicate":{"custom_model_data":10010},"model":"jeqo:dragon_set/red/red_dragon_shovel"},{"predicate":{"custom_model_data":10011},"model":"item/diamond_shovel"}]}