{"parent":"item/handheld_rod","textures":{"layer0":"item/fishing_rod"},"overrides":[{"predicate":{"cast":1},"model":"item/fishing_rod_cast"},{"predicate":{"custom_model_data":10002},"model":"protocalset:fishing_rod"},{"predicate":{"cast":1,"custom_model_data":10002},"model":"protocalset:fishing_rod_cast"},{"predicate":{"custom_model_data":10003},"model":"draculaset:fishing"},{"predicate":{"cast":1,"custom_model_data":10003},"model":"draculaset:fishing_cast"},{"predicate":{"custom_model_data":10004},"model":"elitecreatures:bahamut_animated_weapon_set/fishing_rod"},{"predicate":{"cast":1,"custom_model_data":10004},"model":"elitecreatures:bahamut_animated_weapon_set/fishing_rod_cast"},{"predicate":{"custom_model_data":10005},"model":"ender_dragonset:fishing_rod"},{"predicate":{"cast":1,"custom_model_data":10005},"model":"ender_dragonset:fishing_rod_cast"},{"predicate":{"custom_model_data":10006},"model":"fairyset:fishing_rod"},{"predicate":{"cast":1,"custom_model_data":10006},"model":"fairyset:fishing_rod_cast"},{"predicate":{"custom_model_data":10007},"model":"elitecreatures:loki_animated/fishing_rod"},{"predicate":{"cast":1,"custom_model_data":10007},"model":"elitecreatures:loki_animated/fishing_rod_cast"},{"predicate":{"custom_model_data":10008},"model":"pixelmine_ocean_guardian_set:ocean_guardian_fishing_rod"},{"predicate":{"cast":1,"custom_model_data":10008},"model":"pixelmine_ocean_guardian_set:ocean_guardian_fishing_rod_cast"},{"predicate":{"custom_model_data":10009},"model":"pirate_reasure_set:fishing_rod"},{"predicate":{"cast":1,"custom_model_data":10009},"model":"pirate_reasure_set:fishing_rod_cast"},{"predicate":{"custom_model_data":10010},"model":"elitecreatures:arctic_knight_animated_weapon_set/fishing_rod"},{"predicate":{"cast":1,"custom_model_data":10010},"model":"elitecreatures:arctic_knight_animated_weapon_set/fishing_rod_cast"},{"predicate":{"custom_model_data":10011},"model":"infernoset:fishing_rod"},{"predicate":{"cast":1,"custom_model_data":10011},"model":"infernoset:fishing_rod_cast"},{"predicate":{"custom_model_data":10012},"model":"darkwitherset:fishing_rod"},{"predicate":{"cast":1,"custom_model_data":10012},"model":"darkwitherset:fishing_rod_cast"},{"predicate":{"custom_model_data":10013},"model":"little_unicorn_set:fishing_rod"},{"predicate":{"cast":1,"custom_model_data":10013},"model":"little_unicorn_set:fishing_rod_cast"},{"predicate":{"custom_model_data":10014},"model":"elitecreatures:fishing_rod"},{"predicate":{"cast":1,"custom_model_data":10014},"model":"elitecreatures:fishing_rod_cast"},{"predicate":{"custom_model_data":10015},"model":"discordnitroset:fishing_rod"},{"predicate":{"cast":1,"custom_model_data":10015},"model":"discordnitroset:fishing_rod_cast"},{"predicate":{"custom_model_data":10016},"model":"cosmo_pack:fishing_rod"},{"predicate":{"cast":1,"custom_model_data":10016},"model":"cosmo_pack:fishing_rod_cast"},{"predicate":{"custom_model_data":10017},"model":"jeqo:dragon_set/black/black_dragon_rod"},{"predicate":{"cast":1,"custom_model_data":10017},"model":"jeqo:dragon_set/black/black_dragon_rod_cast"},{"predicate":{"custom_model_data":10018},"model":"jeqo:dragon_set/blue/blue_dragon_rod"},{"predicate":{"cast":1,"custom_model_data":10018},"model":"jeqo:dragon_set/blue/blue_dragon_rod_cast"},{"predicate":{"custom_model_data":10019},"model":"jeqo:dragon_set/green/green_dragon_rod"},{"predicate":{"cast":1,"custom_model_data":10019},"model":"jeqo:dragon_set/green/green_dragon_rod_cast"},{"predicate":{"custom_model_data":10020},"model":"jeqo:dragon_set/orange/orange_dragon_rod"},{"predicate":{"cast":1,"custom_model_data":10020},"model":"jeqo:dragon_set/orange/orange_dragon_rod_cast"},{"predicate":{"custom_model_data":10021},"model":"jeqo:dragon_set/purple/purple_dragon_rod"},{"predicate":{"cast":1,"custom_model_data":10021},"model":"jeqo:dragon_set/purple/purple_dragon_rod_cast"},{"predicate":{"custom_model_data":10022},"model":"jeqo:dragon_set/red/red_dragon_rod"},{"predicate":{"cast":1,"custom_model_data":10022},"model":"jeqo:dragon_set/red/red_dragon_rod_cast"},{"predicate":{"custom_model_data":10023},"model":"item/fishing_rod"}]}