{"parent":"minecraft:item/handheld","textures":{"layer0":"minecraft:item/iron_pickaxe"},"overrides":[{"predicate":{"custom_model_data":10001},"model":"protocalset:pickaxe"},{"predicate":{"custom_model_data":10002},"model":"draculaset:pickaxe"},{"predicate":{"custom_model_data":10003},"model":"elitecreatures:bahamut_animated_weapon_set/pickaxe"},{"predicate":{"custom_model_data":10004},"model":"ender_dragonset:pickaxe"},{"predicate":{"custom_model_data":10007},"model":"darkwitherset:pickaxe"},{"predicate":{"custom_model_data":10008},"model":"little_unicorn_set:pickaxe"},{"predicate":{"custom_model_data":10010},"model":"discordnitroset:pickaxe"},{"predicate":{"custom_model_data":10011},"model":"item/iron_pickaxe"}]}