{"parent":"minecraft:item/handheld","textures":{"layer0":"minecraft:item/iron_shovel"},"overrides":[{"predicate":{"custom_model_data":10001},"model":"protocalset:shovel"},{"predicate":{"custom_model_data":10002},"model":"draculaset:shovel"},{"predicate":{"custom_model_data":10003},"model":"elitecreatures:bahamut_animated_weapon_set/shovel"},{"predicate":{"custom_model_data":10004},"model":"ender_dragonset:shovel"},{"predicate":{"custom_model_data":10005},"model":"fairyset:shovel"},{"predicate":{"custom_model_data":10006},"model":"infernoset:shovel"},{"predicate":{"custom_model_data":10007},"model":"darkwitherset:shovel"},{"predicate":{"custom_model_data":10008},"model":"little_unicorn_set:shovel"},{"predicate":{"custom_model_data":10009},"model":"elitecreatures:shovel"},{"predicate":{"custom_model_data":10010},"model":"discordnitroset:shovel"},{"predicate":{"custom_model_data":10011},"model":"cosmo_pack:shovel"},{"predicate":{"custom_model_data":10012},"model":"item/iron_shovel"}]}