{"parent":"item/generated","textures":{"layer0":"item/leather_helmet","layer1":"item/leather_helmet_overlay"},"overrides":[{"predicate":{"custom_model_data":4},"model":"custom/armor/abyssion_helmet"},{"predicate":{"custom_model_data":10001},"model":"protocalset:ia_auto_gen/protocalhat"},{"predicate":{"custom_model_data":10002},"model":"draculaset:ia_auto_gen/draculahelmet"},{"predicate":{"custom_model_data":10003},"model":"elitecreatures:ia_auto_gen/bahamut_animated_weapon_set_helmet_2"},{"predicate":{"custom_model_data":10004},"model":"ender_dragonset:ia_auto_gen/ender_dragonhelmet"},{"predicate":{"custom_model_data":10005},"model":"fairyset:ia_auto_gen/fairyhelmet"},{"predicate":{"custom_model_data":10006},"model":"elitecreatures:ia_auto_gen/loki_animated-helmet"},{"predicate":{"custom_model_data":10007},"model":"pirate_reasure_set:ia_auto_gen/pirate_reasure_sethelmet"},{"predicate":{"custom_model_data":10008},"model":"elitecreatures:ia_auto_gen/arctic_knight_animated_weapon_set_helmet"},{"predicate":{"custom_model_data":10009},"model":"infernoset:ia_auto_gen/infernohelmet"},{"predicate":{"custom_model_data":10010},"model":"darkwitherset:ia_auto_gen/dark_witherhelmet"},{"predicate":{"custom_model_data":10011},"model":"little_unicorn_set:ia_auto_gen/little_unicornhelmet"},{"predicate":{"custom_model_data":10012},"model":"elitecreatures:ia_auto_gen/skeleton_overlord_animated_weapon_set_helmet"},{"predicate":{"custom_model_data":10013},"model":"discordnitroset:ia_auto_gen/discordnitro_helmet_icon"},{"predicate":{"custom_model_data":10014},"model":"cosmo_pack:ia_auto_gen/cosmo_helmet"},{"predicate":{"custom_model_data":10015},"model":"item/leather_helmet"}]}