{"parent":"item/generated","textures":{"layer0":"item/leather_boots","layer1":"item/leather_boots_overlay"},"overrides":[{"predicate":{"custom_model_data":-1},"model":"jeqo:ia_auto_gen/red_dragon_boots"},{"predicate":{"custom_model_data":4},"model":"custom/armor/abyssion_boots"},{"predicate":{"custom_model_data":10001},"model":"protocalset:ia_auto_gen/protocalboots"},{"predicate":{"custom_model_data":10002},"model":"draculaset:ia_auto_gen/draculaboots"},{"predicate":{"custom_model_data":10003},"model":"elitecreatures:ia_auto_gen/bahamut_animated_weapon_set_boots"},{"predicate":{"custom_model_data":10004},"model":"ender_dragonset:ia_auto_gen/ender_dragonboots"},{"predicate":{"custom_model_data":10005},"model":"fairyset:ia_auto_gen/fairyboots"},{"predicate":{"custom_model_data":10006},"model":"elitecreatures:ia_auto_gen/loki_animated-boots"},{"predicate":{"custom_model_data":10007},"model":"pixelmine_ocean_guardian_set:ia_auto_gen/ocean_guardian_boots"},{"predicate":{"custom_model_data":10008},"model":"pirate_reasure_set:ia_auto_gen/pirate_reasure_setboots"},{"predicate":{"custom_model_data":10009},"model":"elitecreatures:ia_auto_gen/arctic_knight_animated_weapon_set_boots"},{"predicate":{"custom_model_data":10010},"model":"infernoset:ia_auto_gen/infernoboots"},{"predicate":{"custom_model_data":10011},"model":"darkwitherset:ia_auto_gen/dark_witherboots"},{"predicate":{"custom_model_data":10012},"model":"little_unicorn_set:ia_auto_gen/little_unicornboots"},{"predicate":{"custom_model_data":10013},"model":"elitecreatures:ia_auto_gen/skeleton_overlord_animated_weapon_set_boots"},{"predicate":{"custom_model_data":10014},"model":"discordnitroset:ia_auto_gen/discordnitroboots"},{"predicate":{"custom_model_data":10015},"model":"cosmo_pack:ia_auto_gen/cosmo_boots"},{"predicate":{"custom_model_data":10016},"model":"jeqo:ia_auto_gen/black_dragon_boots"},{"predicate":{"custom_model_data":10017},"model":"jeqo:ia_auto_gen/blue_dragon_boots"},{"predicate":{"custom_model_data":10018},"model":"jeqo:ia_auto_gen/green_dragon_boots"},{"predicate":{"custom_model_data":10019},"model":"jeqo:ia_auto_gen/orange_dragon_boots"},{"predicate":{"custom_model_data":10020},"model":"jeqo:ia_auto_gen/purple_dragon_boots"},{"predicate":{"custom_model_data":10021},"model":"item/leather_boots"}]}