{"parent":"item/generated","textures":{"layer0":"item/paper"},"overrides":[{"predicate":{"custom_model_data":1},"model":"abyssion_model/abyssion_water_slash_1"},{"predicate":{"custom_model_data":2},"model":"abyssion_model/abyssion_water_slash_2"},{"predicate":{"custom_model_data":3},"model":"abyssion_model/abyssion_water_slash_3"},{"predicate":{"custom_model_data":4},"model":"abyssion_model/abyssion_water_slash_4"},{"predicate":{"custom_model_data":5},"model":"abyssion_model/abyssion_water_slash_5"},{"predicate":{"custom_model_data":6},"model":"abyssion_model/abyssion_water_slash_6"},{"predicate":{"custom_model_data":7},"model":"abyssion_model/abyssion_water_slash_7"},{"predicate":{"custom_model_data":8},"model":"abyssion_model/abyssion_wave"},{"predicate":{"custom_model_data":9},"model":"abyssion_model/abyssion_bubble"},{"predicate":{"custom_model_data":10},"model":"abyssion_model/abyssion_water_rune_1"},{"predicate":{"custom_model_data":11},"model":"abyssion_model/abyssion_water_rune_2"},{"predicate":{"custom_model_data":12},"model":"abyssion_model/abyssion_water_rune_3"},{"predicate":{"custom_model_data":13},"model":"abyssion_model/abyssion_water_rune_big_1"},{"predicate":{"custom_model_data":14},"model":"abyssion_model/abyssion_water_rune_big_2"},{"predicate":{"custom_model_data":15},"model":"abyssion_model/abyssion_water_rune_big_3"},{"predicate":{"custom_model_data":16},"model":"abyssion_model/abyssion_head"},{"predicate":{"custom_model_data":10000},"model":"_iainternal:ia_auto_gen/icon_left_blue"},{"predicate":{"custom_model_data":10001},"model":"_iainternal:ia_auto_gen/icon_right_blue"},{"predicate":{"custom_model_data":10002},"model":"_iainternal:ia_auto_gen/icon_search"},{"predicate":{"custom_model_data":10003},"model":"_iainternal:ia_auto_gen/icon_cancel"},{"predicate":{"custom_model_data":10004},"model":"_iainternal:ia_auto_gen/icon_arrow_chest"},{"predicate":{"custom_model_data":10005},"model":"_iainternal:ia_auto_gen/icon_back_orange"},{"predicate":{"custom_model_data":10006},"model":"_iainternal:ia_auto_gen/icon_next_orange"},{"predicate":{"custom_model_data":10213},"model":"protocalset:key"},{"predicate":{"custom_model_data":10214},"model":"protocalset:wings"},{"predicate":{"custom_model_data":10215},"model":"protocalset:helmet"},{"predicate":{"custom_model_data":10216},"model":"draculaset:key"},{"predicate":{"custom_model_data":10217},"model":"draculaset:wings"},{"predicate":{"custom_model_data":10218},"model":"elitecreatures:bahamut_animated_weapon_set/chest"},{"predicate":{"custom_model_data":10219},"model":"elitecreatures:bahamut_animated_weapon_set/gauntlet"},{"predicate":{"custom_model_data":10220},"model":"elitecreatures:bahamut_animated_weapon_set/hat"},{"predicate":{"custom_model_data":10221},"model":"elitecreatures:bahamut_animated_weapon_set/helmet"},{"predicate":{"custom_model_data":10222},"model":"elitecreatures:bahamut_animated_weapon_set/key"},{"predicate":{"custom_model_data":10223},"model":"elitecreatures:bahamut_animated_weapon_set/wing"},{"predicate":{"custom_model_data":10224},"model":"ender_dragonset:chest"},{"predicate":{"custom_model_data":10225},"model":"ender_dragonset:gauntlet"},{"predicate":{"custom_model_data":10226},"model":"ender_dragonset:helmet"},{"predicate":{"custom_model_data":10227},"model":"ender_dragonset:key"},{"predicate":{"custom_model_data":10228},"model":"ender_dragonset:wings"},{"predicate":{"custom_model_data":10229},"model":"fairyset:key"},{"predicate":{"custom_model_data":10230},"model":"fairyset:wings"},{"predicate":{"custom_model_data":10231},"model":"fairyset:helmet"},{"predicate":{"custom_model_data":10232},"model":"elitecreatures:loki_animated/back"},{"predicate":{"custom_model_data":10233},"model":"elitecreatures:loki_animated/back_normal"},{"predicate":{"custom_model_data":10234},"model":"elitecreatures:loki_animated/back_normal_2"},{"predicate":{"custom_model_data":10235},"model":"elitecreatures:loki_animated/back_self"},{"predicate":{"custom_model_data":10236},"model":"elitecreatures:loki_animated/back_self_2"},{"predicate":{"custom_model_data":10237},"model":"elitecreatures:loki_animated/backpack"},{"predicate":{"custom_model_data":10238},"model":"elitecreatures:loki_animated/backpack_normal"},{"predicate":{"custom_model_data":10239},"model":"elitecreatures:loki_animated/backpack_normal_2"},{"predicate":{"custom_model_data":10240},"model":"elitecreatures:loki_animated/backpack_self"},{"predicate":{"custom_model_data":10241},"model":"elitecreatures:loki_animated/backpack_self_2"},{"predicate":{"custom_model_data":10242},"model":"elitecreatures:loki_animated/key"},{"predicate":{"custom_model_data":10243},"model":"elitecreatures:loki_animated/chest"},{"predicate":{"custom_model_data":10244},"model":"elitecreatures:loki_animated/armor/hat"},{"predicate":{"custom_model_data":10245},"model":"pixelmine_ocean_guardian_set:ocean_guardian_helmet"},{"predicate":{"custom_model_data":10246},"model":"pixelmine_ocean_guardian_set:ocean_guardian_backpack"},{"predicate":{"custom_model_data":10247},"model":"pirate_reasure_set:wing"},{"predicate":{"custom_model_data":10248},"model":"elitecreatures:arctic_knight_animated_weapon_set/backpack"},{"predicate":{"custom_model_data":10249},"model":"elitecreatures:arctic_knight_animated_weapon_set/chest"},{"predicate":{"custom_model_data":10250},"model":"elitecreatures:arctic_knight_animated_weapon_set/hat"},{"predicate":{"custom_model_data":10251},"model":"elitecreatures:arctic_knight_animated_weapon_set/key"},{"predicate":{"custom_model_data":10252},"model":"elitecreatures:arctic_knight_animated_weapon_set/wing"},{"predicate":{"custom_model_data":10253},"model":"infernoset:key"},{"predicate":{"custom_model_data":10254},"model":"infernoset:backpack"},{"predicate":{"custom_model_data":10255},"model":"infernoset:wings"},{"predicate":{"custom_model_data":10256},"model":"infernoset:helmet"},{"predicate":{"custom_model_data":10257},"model":"darkwitherset:cape"},{"predicate":{"custom_model_data":10258},"model":"darkwitherset:chest"},{"predicate":{"custom_model_data":10259},"model":"darkwitherset:helmet"},{"predicate":{"custom_model_data":10260},"model":"darkwitherset:key"},{"predicate":{"custom_model_data":10261},"model":"little_unicorn_set:chest"},{"predicate":{"custom_model_data":10262},"model":"little_unicorn_set:helmet"},{"predicate":{"custom_model_data":10263},"model":"little_unicorn_set:key"},{"predicate":{"custom_model_data":10264},"model":"little_unicorn_set:wings"},{"predicate":{"custom_model_data":10265},"model":"elitecreatures:chest"},{"predicate":{"custom_model_data":10266},"model":"elitecreatures:key"},{"predicate":{"custom_model_data":10267},"model":"elitecreatures:wing"},{"predicate":{"custom_model_data":10268},"model":"discordnitroset:chest"},{"predicate":{"custom_model_data":10269},"model":"discordnitroset:chest_opening"},{"predicate":{"custom_model_data":10270},"model":"discordnitroset:helmet"},{"predicate":{"custom_model_data":10271},"model":"discordnitroset:key"},{"predicate":{"custom_model_data":10272},"model":"discordnitroset:wings"},{"predicate":{"custom_model_data":10273},"model":"cosmo_pack:key"},{"predicate":{"custom_model_data":10274},"model":"cosmo_pack:wings"},{"predicate":{"custom_model_data":10275},"model":"jeqo:dragon_set/black/black_dragon_helmet"},{"predicate":{"custom_model_data":10276},"model":"jeqo:dragon_set/black/black_dragon_key"},{"predicate":{"custom_model_data":10277},"model":"jeqo:dragon_set/black/black_dragon_crate"},{"predicate":{"custom_model_data":10278},"model":"jeqo:dragon_set/blue/blue_dragon_helmet"},{"predicate":{"custom_model_data":10279},"model":"jeqo:dragon_set/blue/blue_dragon_key"},{"predicate":{"custom_model_data":10280},"model":"jeqo:dragon_set/blue/blue_dragon_crate"},{"predicate":{"custom_model_data":10281},"model":"jeqo:dragon_set/green/green_dragon_helmet"},{"predicate":{"custom_model_data":10282},"model":"jeqo:dragon_set/green/green_dragon_key"},{"predicate":{"custom_model_data":10283},"model":"jeqo:dragon_set/green/green_dragon_crate"},{"predicate":{"custom_model_data":10284},"model":"jeqo:dragon_set/orange/orange_dragon_helmet"},{"predicate":{"custom_model_data":10285},"model":"jeqo:dragon_set/orange/orange_dragon_key"},{"predicate":{"custom_model_data":10286},"model":"jeqo:dragon_set/orange/orange_dragon_crate"},{"predicate":{"custom_model_data":10287},"model":"jeqo:dragon_set/purple/purple_dragon_helmet"},{"predicate":{"custom_model_data":10288},"model":"jeqo:dragon_set/purple/purple_dragon_key"},{"predicate":{"custom_model_data":10289},"model":"jeqo:dragon_set/purple/purple_dragon_crate"},{"predicate":{"custom_model_data":10290},"model":"jeqo:dragon_set/red/red_dragon_helmet"},{"predicate":{"custom_model_data":10291},"model":"jeqo:dragon_set/red/red_dragon_key"},{"predicate":{"custom_model_data":10292},"model":"jeqo:dragon_set/red/red_dragon_crate"},{"predicate":{"custom_model_data":10293},"model":"gui:ia_auto_gen/blank"},{"predicate":{"custom_model_data":10294},"model":"item/paper"}]}