{"parent":"minecraft:block/sea_lantern","overrides":[{"predicate":{"custom_model_data":10000},"model":"protocalset:chest"},{"predicate":{"custom_model_data":10001},"model":"protocalset:chest_opening"},{"predicate":{"custom_model_data":10002},"model":"draculaset:chest"},{"predicate":{"custom_model_data":10003},"model":"fairyset:chest"},{"predicate":{"custom_model_data":10004},"model":"fairyset:chest_opening"},{"predicate":{"custom_model_data":10005},"model":"infernoset:chest"},{"predicate":{"custom_model_data":10006},"model":"cosmo_pack:chest"},{"predicate":{"custom_model_data":10007},"model":"item/sea_lantern"}]}