{"credit":"Made with Blockbench","texture_size":[128,128],"textures":{"1":"elitecreatures:arctic_knight_animated_weapon_set/arctic_knight_texture","particle":"elitecreatures:arctic_knight_animated_weapon_set/arctic_knight_animation01"},"elements":[{"from":[5.20221,0.7444,6],"to":[10.20221,15.7444,11],"rotation":{"angle":-22.5,"axis":"z","origin":[7.72517,6.98707,4.14218]},"faces":{"north":{"uv":[9.5,10.5,7.625,11.125],"rotation":270,"texture":"#1"},"east":{"uv":[9.6875,11.875,7.8125,12.5],"rotation":270,"texture":"#1"},"south":{"uv":[9.6875,12.5,7.8125,13.125],"rotation":270,"texture":"#1"},"west":{"uv":[9.6875,12.5,7.8125,11.875],"rotation":270,"texture":"#1"},"up":{"uv":[10.3125,11.875,9.6875,12.5],"rotation":270,"texture":"#1"},"down":{"uv":[10.3125,12.5,9.6875,13.125],"rotation":270,"texture":"#1"}}},{"from":[4.70221,8.7444,5.5],"to":[10.70221,12.2444,11.5],"rotation":{"angle":-22.5,"axis":"z","origin":[7.72517,6.98707,4.14218]},"faces":{"north":{"uv":[8.0625,11.125,7.625,11.875],"rotation":270,"texture":"#1"},"east":{"uv":[8.5,11.125,8.0625,11.875],"rotation":270,"texture":"#1"},"south":{"uv":[8.0625,11.125,7.625,11.875],"rotation":270,"texture":"#1"},"west":{"uv":[8.5,11.125,8.0625,11.875],"rotation":270,"texture":"#1"},"up":{"uv":[9.25,11.125,8.5,11.875],"rotation":270,"texture":"#1"},"down":{"uv":[9.25,11.125,8.5,11.875],"rotation":270,"texture":"#1"}}},{"from":[10.4656,16.64543,11.3],"to":[4.9656,11.64543,5.8],"rotation":{"angle":-22.5,"axis":"z","origin":[7.72517,6.98707,4.14218]},"faces":{"north":{"uv":[15.375,0,16,0.6875],"rotation":90,"texture":"#1"},"east":{"uv":[15.375,0,16,0.6875],"rotation":270,"texture":"#1"},"south":{"uv":[15.375,0,16,0.6875],"rotation":90,"texture":"#1"},"west":{"uv":[15.375,0,16,0.6875],"rotation":90,"texture":"#1"},"up":{"uv":[15.3125,0,16,0.6875],"rotation":180,"texture":"#1"},"down":{"uv":[15.3125,0,16,0.6875],"texture":"#1"}}},{"from":[-2.27483,12.24733,8.05],"to":[4.22517,15.24733,9.55],"rotation":{"angle":-22.5,"axis":"z","origin":[7.72517,6.98707,4.14218]},"faces":{"north":{"uv":[5.625,6.25,6.4375,6.625],"texture":"#1"},"east":{"uv":[6.6875,6.25,6.875,6.625],"texture":"#1"},"south":{"uv":[6.4375,6.25,5.625,6.625],"texture":"#1"},"west":{"uv":[6.4375,6.25,6.625,6.625],"texture":"#1"},"up":{"uv":[5.8125,6.6875,6,7.5],"rotation":90,"texture":"#1"},"down":{"uv":[6,6.6875,6.1875,7.5],"rotation":270,"texture":"#1"}}},{"from":[-0.27483,9.74733,8.3],"to":[5.72517,12.24733,9.3],"rotation":{"angle":-22.5,"axis":"z","origin":[7.72517,6.98707,4.14218]},"faces":{"north":{"uv":[6.1875,6.625,6.9375,6.9375],"texture":"#1"},"east":{"uv":[6.875,6.1875,7,6.5],"texture":"#1"},"south":{"uv":[6.9375,6.625,6.1875,6.9375],"texture":"#1"},"west":{"uv":[6.875,6.1875,7,6.5],"texture":"#1"},"up":{"uv":[6.6875,6.9375,6.8125,7.6875],"rotation":90,"texture":"#1"},"down":{"uv":[6.1875,6.9375,6.3125,7.6875],"rotation":270,"texture":"#1"}}},{"from":[11.22517,12.24733,8.05],"to":[17.72517,15.24733,9.55],"rotation":{"angle":-22.5,"axis":"z","origin":[7.72517,6.98707,4.14218]},"faces":{"north":{"uv":[6.4375,6.25,5.625,6.625],"texture":"#1"},"east":{"uv":[6.625,6.25,6.4375,6.625],"texture":"#1"},"south":{"uv":[5.625,6.25,6.4375,6.625],"texture":"#1"},"west":{"uv":[6.875,6.25,6.6875,6.625],"texture":"#1"},"up":{"uv":[5.8125,7.5,6,6.6875],"rotation":90,"texture":"#1"},"down":{"uv":[6,7.5,6.1875,6.6875],"rotation":270,"texture":"#1"}}},{"from":[9.72517,9.74733,8.3],"to":[15.72517,12.24733,9.3],"rotation":{"angle":-22.5,"axis":"z","origin":[7.72517,6.98707,4.14218]},"faces":{"north":{"uv":[6.9375,6.625,6.1875,6.9375],"texture":"#1"},"east":{"uv":[7,6.1875,6.875,6.5],"texture":"#1"},"south":{"uv":[6.1875,6.625,6.9375,6.9375],"texture":"#1"},"west":{"uv":[7,6.1875,6.875,6.5],"texture":"#1"},"up":{"uv":[6.6875,7.6875,6.8125,6.9375],"rotation":90,"texture":"#1"},"down":{"uv":[6.1875,7.6875,6.3125,6.9375],"rotation":270,"texture":"#1"}}}],"gui_light":"front","display":{"thirdperson_righthand":{"rotation":[75,45,0],"translation":[0,1.75,0.25],"scale":[0.375,0.375,0.375]},"thirdperson_lefthand":{"rotation":[68,0,0],"translation":[-6,-7.5,7]},"firstperson_righthand":{"translation":[2,3.75,0],"scale":[0.4418,0.4418,0.4418]},"firstperson_lefthand":{"scale":[0,0,0]},"ground":{"translation":[0,9,-1.25],"scale":[0.85,0.85,0.85]},"gui":{"rotation":[14,-14,0],"translation":[-1.5,-1,-1.5],"scale":[0.78126,0.78126,0.78126]},"head":{"translation":[0,-51,6.5],"scale":[1.7,1.7,1.7]},"fixed":{"rotation":[0,180,0],"translation":[0.75,-0.5,-4.5],"scale":[2.2,2.2,2.2]}},"mcmodels":"effdf8b2824154e815c2ad12db4aea7c"}