{"credit":"Made with Blockbench","texture_size":[128,128],"textures":{"1":"elitecreatures:arctic_knight_animated_weapon_set/arctic_knight_texture","2":"elitecreatures:arctic_knight_animated_weapon_set/arctic_knight_animation01","particle":"elitecreatures:arctic_knight_animated_weapon_set/arctic_knight_animation01"},"elements":[{"from":[6.75,-15.8,5],"to":[9.25,-13.8,8],"rotation":{"angle":-22.5,"axis":"x","origin":[8.2,-14.8,6.5]},"faces":{"north":{"uv":[2.625,2.625,2.9375,2.875],"texture":"#1"},"east":{"uv":[2.625,2.625,2.25,2.875],"texture":"#1"},"south":{"uv":[2.625,2.625,2.9375,2.875],"texture":"#1"},"west":{"uv":[2.25,2.625,2.625,2.875],"texture":"#1"},"up":{"uv":[2.25,2.875,2.5625,3.25],"texture":"#1"},"down":{"uv":[1.9375,3.25,2.25,3.625],"texture":"#1"}}},{"from":[6.75,-15.8,8],"to":[9.25,-13.8,11],"rotation":{"angle":22.5,"axis":"x","origin":[8.2,-14.8,9.5]},"faces":{"north":{"uv":[2.9375,2.625,2.625,2.875],"texture":"#1"},"east":{"uv":[2.25,2.625,2.625,2.875],"texture":"#1"},"south":{"uv":[2.9375,2.625,2.625,2.875],"texture":"#1"},"west":{"uv":[2.625,2.625,2.25,2.875],"texture":"#1"},"up":{"uv":[2.25,3.25,2.5625,2.875],"texture":"#1"},"down":{"uv":[1.9375,3.625,2.25,3.25],"texture":"#1"}}},{"from":[7,-13,7],"to":[9,-4.5,9],"rotation":{"angle":45,"axis":"y","origin":[8,-9.5,8]},"faces":{"north":{"uv":[4.625,1,4.375,2.0625],"texture":"#1"},"east":{"uv":[4.375,1,4.625,2.0625],"texture":"#1"},"south":{"uv":[4.625,1,4.375,2.0625],"texture":"#1"},"west":{"uv":[4.375,1,4.625,2.0625],"texture":"#1"},"up":{"uv":[4.625,1.8125,4.375,2.0625],"texture":"#1"},"down":{"uv":[4.625,1.8125,4.375,2.0625],"texture":"#1"}}},{"from":[6.75,0.03374,2.39534],"to":[9.25,4.03374,7.89534],"rotation":{"angle":22.5,"axis":"x","origin":[8,2.03374,5.39534]},"faces":{"north":{"uv":[4.875,1,4.375,0.6875],"rotation":90,"texture":"#1"},"east":{"uv":[4.875,0,4.375,0.6875],"rotation":90,"texture":"#1"},"south":{"uv":[4.875,1,4.375,0.6875],"rotation":90,"texture":"#1"},"west":{"uv":[4.875,0.6875,4.375,0],"rotation":90,"texture":"#1"},"up":{"uv":[3.8125,2.5625,3.125,2.25],"rotation":90,"texture":"#1"},"down":{"uv":[3.8125,2.5625,3.125,2.25],"rotation":90,"texture":"#1"}}},{"from":[6.75,0.13374,8.10466],"to":[9.25,4.13374,13.60466],"rotation":{"angle":-22.5,"axis":"x","origin":[8,2.13374,10.60466]},"faces":{"north":{"uv":[4.875,0.6875,4.375,1],"rotation":90,"texture":"#1"},"east":{"uv":[4.875,0.6875,4.375,0],"rotation":90,"texture":"#1"},"south":{"uv":[4.875,0.6875,4.375,1],"rotation":90,"texture":"#1"},"west":{"uv":[4.875,0,4.375,0.6875],"rotation":90,"texture":"#1"},"up":{"uv":[3.125,2.5625,3.8125,2.25],"rotation":90,"texture":"#1"},"down":{"uv":[3.125,2.5625,3.8125,2.25],"rotation":90,"texture":"#1"}}},{"from":[9.5,-6.08922,-10.80421],"to":[6.5,-9.58922,-14.30421],"rotation":{"angle":-45,"axis":"x","origin":[10.2,12.71499,8]},"faces":{"north":{"uv":[16,0,15.94531,0.05469],"texture":"#1"},"east":{"uv":[16,0,15.94531,0.05469],"texture":"#1"},"south":{"uv":[16,0,15.94531,0.05469],"texture":"#1"},"west":{"uv":[16,0,15.94531,0.05469],"texture":"#1"},"up":{"uv":[16,0,15.94531,0.05469],"texture":"#1"},"down":{"uv":[16,0,15.94531,0.05469],"texture":"#1"}}},{"from":[6,-2.5,5],"to":[10,2.5,10],"rotation":{"angle":-45,"axis":"x","origin":[8.5,0.5,8]},"faces":{"north":{"uv":[3.3125,0.625,3.9375,1.125],"rotation":90,"texture":"#1"},"east":{"uv":[3.3125,0.625,3.9375,0],"rotation":90,"texture":"#1"},"south":{"uv":[3.3125,1.125,3.9375,1.625],"rotation":90,"texture":"#1"},"west":{"uv":[3.3125,0,3.9375,0.625],"rotation":90,"texture":"#1"},"up":{"uv":[3.9375,1.125,3.3125,1.625],"rotation":90,"texture":"#1"},"down":{"uv":[3.3125,0.625,3.9375,1.125],"rotation":90,"texture":"#1"}}},{"from":[6.5,2.4,6.5],"to":[9.5,5.6,9.7],"rotation":{"angle":-45,"axis":"x","origin":[8.9,3.9,8]},"faces":{"north":{"uv":[4.875,1.8125,5.25,2.1875],"rotation":90,"texture":"#1"},"east":{"uv":[3.3125,2,3.6875,1.625],"rotation":90,"texture":"#1"},"south":{"uv":[5.25,1.4375,4.875,1.8125],"rotation":90,"texture":"#1"},"west":{"uv":[3.3125,1.625,3.6875,2],"rotation":90,"texture":"#1"},"up":{"uv":[4.875,1.4375,5.25,1.8125],"rotation":90,"texture":"#1"},"down":{"uv":[4.875,1.8125,5.25,2.1875],"rotation":90,"texture":"#1"}}},{"from":[6.25,-1.64175,-0.04824],"to":[9.75,1.35825,8.95176],"rotation":{"angle":22.5,"axis":"x","origin":[8,1,4.5]},"faces":{"north":{"uv":[1.125,3.375,1.5625,3],"texture":"#1"},"east":{"uv":[1.125,3.375,0,3],"texture":"#1"},"south":{"uv":[1.125,3.375,1.5625,3],"texture":"#1"},"west":{"uv":[0,3.375,1.125,3],"texture":"#1"},"up":{"uv":[4.375,0,3.9375,1.125],"texture":"#1"},"down":{"uv":[4.375,1.125,3.9375,2.25],"texture":"#1"}}},{"from":[6.25,-1.64175,7.04824],"to":[9.75,1.35825,16.04824],"rotation":{"angle":-22.5,"axis":"x","origin":[8,1,11.5]},"faces":{"north":{"uv":[1.5625,3.375,1.125,3],"texture":"#1"},"east":{"uv":[0,3.375,1.125,3],"texture":"#1"},"south":{"uv":[1.5625,3.375,1.125,3],"texture":"#1"},"west":{"uv":[1.125,3.375,0,3],"texture":"#1"},"up":{"uv":[4.375,1.125,3.9375,0],"texture":"#1"},"down":{"uv":[4.375,2.25,3.9375,1.125],"texture":"#1"}}},{"from":[6.75,-4.5,6.75],"to":[9.25,-2.5,9.25],"rotation":{"angle":45,"axis":"y","origin":[8,-7.5,8]},"faces":{"north":{"uv":[1.9375,2.875,1.625,2.625],"texture":"#1"},"east":{"uv":[1.625,2.875,1.9375,2.625],"texture":"#1"},"south":{"uv":[1.9375,2.875,1.625,2.625],"texture":"#1"},"west":{"uv":[1.625,2.875,1.9375,2.625],"texture":"#1"},"up":{"uv":[1.9375,3.1875,1.625,2.875],"texture":"#1"},"down":{"uv":[1.9375,3.1875,1.625,2.875],"texture":"#1"}}},{"from":[6.75,-15.5,6.75],"to":[9.25,-13,9.25],"rotation":{"angle":45,"axis":"y","origin":[8,-18.5,8]},"faces":{"north":{"uv":[2.25,2.9375,1.9375,2.625],"texture":"#1"},"east":{"uv":[1.9375,2.9375,2.25,2.625],"texture":"#1"},"south":{"uv":[2.25,2.9375,1.9375,2.625],"texture":"#1"},"west":{"uv":[1.9375,2.9375,2.25,2.625],"texture":"#1"},"up":{"uv":[1.9375,3.25,2.25,2.9375],"texture":"#1"},"down":{"uv":[1.9375,3.25,2.25,2.9375],"texture":"#1"}}},{"from":[7.25,4,4],"to":[8.75,28,12],"rotation":{"angle":0,"axis":"y","origin":[0,0,4]},"faces":{"north":{"uv":[5.5,0,5.6875,3],"texture":"#1"},"east":{"uv":[1,0,0,3],"texture":"#1"},"south":{"uv":[1,0,1.1875,3],"texture":"#1"},"west":{"uv":[0,0,1,3],"texture":"#1"},"up":{"uv":[1.1875,0,1.375,1],"texture":"#1"},"down":{"uv":[1.1875,0,1.375,1],"texture":"#1"}}},{"from":[6.45,0,5.75],"to":[9.55,4,10.25],"rotation":{"angle":0,"axis":"y","origin":[-0.1,-4,3.7]},"faces":{"north":{"uv":[1.375,3.625,1.75,4.125],"texture":"#1"},"east":{"uv":[0.5625,3.625,0,4.125],"texture":"#1"},"south":{"uv":[0.5625,3.625,0.9375,4.125],"texture":"#1"},"west":{"uv":[0,3.625,0.5625,4.125],"texture":"#1"},"up":{"uv":[0.9375,3.625,1.325,4.1875],"texture":"#1"},"down":{"uv":[0.9375,3.625,1.325,4.1875],"texture":"#1"}}},{"from":[7.3,22.7,3.5],"to":[8.7,31.7,12.5],"rotation":{"angle":45,"axis":"x","origin":[7.9,27.2,8]},"faces":{"north":{"uv":[2.75,0,2.9375,1.125],"texture":"#1"},"east":{"uv":[2.75,0,1.625,1.125],"texture":"#1"},"south":{"uv":[2.9375,0,3.125,1.125],"texture":"#1"},"west":{"uv":[1.625,0,2.75,1.125],"texture":"#1"},"up":{"uv":[3.125,0,3.3125,1.125],"texture":"#1"},"down":{"uv":[2.9375,0,3.125,1.125],"texture":"#1"}}},{"from":[7.2,-0.05,10.8],"to":[8.8,3.45,13.3],"rotation":{"angle":-45,"axis":"x","origin":[7.9,3.9,7.8]},"faces":{"north":{"uv":[3.3125,1.125,3.125,1.5625],"texture":"#1"},"east":{"uv":[3.6875,3,4,3.4375],"texture":"#1"},"south":{"uv":[3.3125,1.125,3.125,1.5625],"texture":"#1"},"west":{"uv":[4,3,3.6875,3.4375],"texture":"#1"},"up":{"uv":[4,3.4375,4.1875,3.125],"texture":"#1"},"down":{"uv":[3.125,2,3.3125,1.6875],"texture":"#1"}}},{"from":[7.2,-0.05,2.7],"to":[8.8,3.45,5.2],"rotation":{"angle":45,"axis":"x","origin":[7.9,3.9,8.2]},"faces":{"north":{"uv":[4.375,3.0625,4.5625,3.5],"texture":"#1"},"east":{"uv":[2.875,1.6875,2.5625,2.125],"texture":"#1"},"south":{"uv":[3.125,1.125,3.3125,1.5625],"texture":"#1"},"west":{"uv":[2.5625,1.6875,2.875,2.125],"texture":"#1"},"up":{"uv":[4.1875,3.125,4.375,3.4375],"texture":"#1"},"down":{"uv":[3.125,1.6875,3.3125,2],"texture":"#1"}}},{"from":[7.3,17.7,3.5],"to":[8.7,22.2,8],"rotation":{"angle":45,"axis":"x","origin":[7.9,21.7,8]},"faces":{"north":{"uv":[1.1875,1,1.375,1.5625],"texture":"#1"},"east":{"uv":[2.1875,1.125,1.625,1.6875],"texture":"#1"},"south":{"uv":[2.1875,1.125,2.375,1.6875],"texture":"#1"},"west":{"uv":[1.625,1.125,2.1875,1.6875],"texture":"#1"},"up":{"uv":[0.875,0.75,1.0625,1.3125],"texture":"#1"},"down":{"uv":[1.1875,1.5625,1.375,2.125],"texture":"#1"}}},{"from":[7.3,13.7,3.5],"to":[8.7,16.7,6.5],"rotation":{"angle":45,"axis":"x","origin":[7.9,17.2,8]},"faces":{"north":{"uv":[1.1875,2.125,1.375,2.5],"texture":"#1"},"east":{"uv":[2,1.6875,1.625,2.0625],"texture":"#1"},"south":{"uv":[1.1875,2.125,1.375,2.5],"texture":"#1"},"west":{"uv":[1.625,1.6875,2,2.0625],"texture":"#1"},"up":{"uv":[1.1875,2.5,1.375,2.875],"texture":"#1"},"down":{"uv":[1.1875,2.5,1.375,2.875],"texture":"#1"}}},{"from":[7.3,17.7,8],"to":[8.7,22.2,12.5],"rotation":{"angle":-45,"axis":"x","origin":[7.9,21.7,8]},"faces":{"north":{"uv":[2.9375,1.125,2.75,1.6875],"texture":"#1"},"east":{"uv":[2.1875,1.125,2.75,1.6875],"texture":"#1"},"south":{"uv":[2.9375,1.125,2.75,1.6875],"texture":"#1"},"west":{"uv":[2.75,1.125,2.1875,1.6875],"texture":"#1"},"up":{"uv":[3.125,1.125,2.9375,1.6875],"texture":"#1"},"down":{"uv":[3.125,1.125,2.9375,1.6875],"texture":"#1"}}},{"from":[7.3,13.7,9.5],"to":[8.7,16.7,12.5],"rotation":{"angle":-45,"axis":"x","origin":[7.9,17.2,8]},"faces":{"north":{"uv":[2.55,1.6875,2.375,2.0625],"texture":"#1"},"east":{"uv":[2,1.6875,2.375,2.0625],"texture":"#1"},"south":{"uv":[2.5625,1.6875,2.375,2.0625],"texture":"#1"},"west":{"uv":[2.375,1.6875,2,2.0625],"texture":"#1"},"up":{"uv":[1.1875,2.875,1.375,2.5],"texture":"#1"},"down":{"uv":[3,3.125,2.8125,3.5],"texture":"#1"}}},{"from":[7.5,4,11.5],"to":[8.5,28,12.5],"rotation":{"angle":45,"axis":"y","origin":[8,16,12]},"faces":{"north":{"uv":[1.5,0,1.375,3],"texture":"#1"},"east":{"uv":[1.5,0,1.375,3],"texture":"#1"},"south":{"uv":[1.375,0,1.5,3],"texture":"#1"},"west":{"uv":[1.5,0,1.375,3],"texture":"#1"},"up":{"uv":[1.5,0,1.375,0.125],"texture":"#1"},"down":{"uv":[1.5,0,1.375,0.125],"texture":"#1"}}},{"from":[7.5,4,3.5],"to":[8.5,28,4.5],"rotation":{"angle":-45,"axis":"y","origin":[8,16,4]},"faces":{"north":{"uv":[1.625,0,1.5,3],"texture":"#1"},"east":{"uv":[1.5,0,1.625,3],"texture":"#1"},"south":{"uv":[1.5,0,1.625,3],"texture":"#1"},"west":{"uv":[1.5,0,1.625,3],"texture":"#1"},"up":{"uv":[1.5,0,1.625,0.125],"texture":"#1"},"down":{"uv":[1.5,0,1.625,0.125],"texture":"#1"}}},{"from":[7,-12.08922,-6.80421],"to":[9,-9.08922,-3.80421],"rotation":{"angle":-45,"axis":"x","origin":[8.2,2.71499,8]},"faces":{"north":{"uv":[2.8125,3.125,2.5625,3.5],"texture":"#1"},"east":{"uv":[1.5625,3.1875,1.9375,3.5625],"texture":"#1"},"south":{"uv":[2.8125,3.125,2.5625,3.5],"texture":"#1"},"west":{"uv":[1.9375,3.1875,1.5625,3.5625],"texture":"#1"},"up":{"uv":[2.8125,3.125,2.5625,3.5],"texture":"#1"},"down":{"uv":[2.8125,3.125,2.5625,3.5],"texture":"#1"}}},{"from":[5.45,1.82886,8.38744],"to":[10.55,3.92886,10.48744],"rotation":{"angle":-45,"axis":"x","origin":[9,1.44142,8]},"faces":{"north":{"uv":[4.875,2.4375,5.5,2.6875],"texture":"#1"},"east":{"uv":[4.875,1.625,4.625,1.375],"texture":"#1"},"south":{"uv":[4.875,2.4375,5.5,2.6875],"texture":"#1"},"west":{"uv":[4.625,1.625,4.875,1.375],"texture":"#1"},"up":{"uv":[4.875,2.1875,5.5,2.4375],"texture":"#1"},"down":{"uv":[4.875,2.1875,5.5,2.4375],"texture":"#1"}}},{"from":[5.5,0,6.5],"to":[10.5,3.5,9.5],"rotation":{"angle":0,"axis":"y","origin":[9,1.74142,7.8]},"faces":{"north":{"uv":[4.125,2.5625,3.5,3],"texture":"#1"},"east":{"uv":[3.125,2.5625,3.5,3],"texture":"#1"},"south":{"uv":[4.75,2.625,4.125,3.0625],"texture":"#1"},"west":{"uv":[3.5,2.5625,3.125,3],"texture":"#1"},"up":{"uv":[4.75,2.25,4.125,2.625],"texture":"#1"},"down":{"uv":[4.75,2.25,4.125,2.625],"texture":"#1"}}},{"from":[11.25,3.5,9.75],"to":[4.75,0,6.25],"rotation":{"angle":0,"axis":"y","origin":[15.7,5.24142,11]},"faces":{"north":{"uv":[16,0,15.1875,0.4375],"texture":"#1"},"east":{"uv":[15.625,0,15.1875,0.4375],"texture":"#1"},"south":{"uv":[16,0,15.1875,0.4375],"texture":"#1"},"west":{"uv":[15.625,0,15.1875,0.4375],"texture":"#1"}}},{"from":[11.3,1.7,10.5],"to":[4.8,-0.8,8],"rotation":{"angle":45,"axis":"x","origin":[8,3.45,12.25]},"faces":{"east":{"uv":[15.5,0,15.1875,0.3125],"texture":"#1"},"south":{"uv":[16,0,15.1875,0.3125],"texture":"#1"},"west":{"uv":[15.5,0,15.1875,0.3125],"texture":"#1"},"down":{"uv":[16,0,15.1875,0.3125],"texture":"#1"}}},{"from":[11.3,4.3,10.5],"to":[4.8,1.8,8],"rotation":{"angle":-45,"axis":"x","origin":[8,0.05,12.25]},"faces":{"east":{"uv":[15.5,0.3125,15.1875,0],"texture":"#1"},"south":{"uv":[16,0.3125,15.1875,0],"texture":"#1"},"west":{"uv":[15.5,0.3125,15.1875,0],"texture":"#1"},"up":{"uv":[16,0.3125,15.1875,0],"texture":"#1"}}},{"from":[5.45,-1.47114,7.98744],"to":[10.55,0.62886,10.08744],"rotation":{"angle":-45,"axis":"x","origin":[9,-1.45858,8]},"faces":{"north":{"uv":[3.0625,3,3.6875,3.25],"texture":"#1"},"east":{"uv":[4.625,1.625,4.875,1.875],"texture":"#1"},"south":{"uv":[0,3.375,0.625,3.625],"texture":"#1"},"west":{"uv":[4.875,1.625,4.625,1.875],"texture":"#1"},"up":{"uv":[0.625,3.375,1.25,3.625],"texture":"#1"},"down":{"uv":[4.875,2.9375,5.5,3.1875],"texture":"#1"}}},{"from":[8,2,0],"to":[8,11,7],"rotation":{"angle":-22.5,"axis":"x","origin":[6,3,3]},"faces":{"north":{"uv":[0,0,0,9],"texture":"#2"},"east":{"uv":[7,0,0,9],"texture":"#2"},"south":{"uv":[0,0,0,9],"texture":"#2"},"west":{"uv":[0,0,7,9],"texture":"#2"},"up":{"uv":[0,4,0,0],"texture":"#2"},"down":{"uv":[0,0,0,4],"texture":"#2"}}},{"from":[8,2,9],"to":[8,11,16],"rotation":{"angle":22.5,"axis":"x","origin":[6,3,13]},"faces":{"north":{"uv":[0,0,0,9],"texture":"#2"},"east":{"uv":[0,0,7,9],"texture":"#2"},"south":{"uv":[0,0,0,9],"texture":"#2"},"west":{"uv":[7,0,0,9],"texture":"#2"},"up":{"uv":[0,0,0,4],"texture":"#2"},"down":{"uv":[0,4,0,0],"texture":"#2"}}}],"gui_light":"front","display":{"thirdperson_righthand":{"translation":[0,8.75,1.75],"scale":[0.65,0.65,0.65]},"thirdperson_lefthand":{"translation":[0,8.75,1.75],"scale":[0.65,0.65,0.65]},"firstperson_righthand":{"rotation":[-10,7,2],"translation":[5,5.75,-4.25],"scale":[0.46524,0.46524,0.46524]},"firstperson_lefthand":{"rotation":[-10,7,2],"translation":[5,5.75,-4.25],"scale":[0.46524,0.46524,0.46524]},"ground":{"rotation":[0,0,90],"translation":[-0.75,9,0],"scale":[0.5,0.5,0.5]},"gui":{"rotation":[-90,-135,-90],"translation":[0,0,-1.5],"scale":[0.40625,0.40625,0.40625]},"head":{"scale":[0,0,0]},"fixed":{"rotation":[-90,-90,-90],"translation":[0,15.75,-2.5],"scale":[1.4,1.4,1.4]}},"mcmodels":"effdf8b2824154e815c2ad12db4aea7c"}