{"credit":"Made with Blockbench","textures":{"0":"pirate_reasure_set:fishing_rod_0","1":"pirate_reasure_set:fishing_rod_1"},"elements":[{"from":[6.332500000000003,5.23,6.980000000000001],"to":[7.1825000000000045,6.93,9.02],"faces":{"north":{"uv":[9.88,12.24,10.29,13.06],"texture":"#0"},"east":{"uv":[7.53,5.65,8.47,6.47],"texture":"#0"},"south":{"uv":[3.76,12.71,4.18,13.53],"texture":"#0"},"west":{"uv":[9.88,4.24,10.82,5.06],"texture":"#0"},"up":{"uv":[8.88,6.59,8.47,5.65],"texture":"#0"},"down":{"uv":[10.76,3.29,10.35,4.24],"texture":"#0"}}},{"from":[6.502500000000003,4.210000000000001,7.320000000000001],"to":[7.1825000000000045,5.23,8.679999999999998],"faces":{"north":{"uv":[8.94,14.59,9.24,15.06],"texture":"#0"},"east":{"uv":[1.41,13.18,2.06,13.65],"texture":"#0"},"south":{"uv":[14.59,8.94,14.88,9.41],"texture":"#0"},"west":{"uv":[13.18,1.88,13.82,2.35],"texture":"#0"},"up":{"uv":[10.18,14.76,9.88,14.12],"texture":"#0"},"down":{"uv":[13.47,14.12,13.18,14.76],"texture":"#0"}}},{"from":[6.700000000000003,4.6999999999999975,9.39999999999999],"to":[6.700000000000003,10.699999999999998,13.39999999999999],"faces":{"north":{"uv":[15.54,15.54,16.0,16.0],"texture":"#1"},"east":{"uv":[4.0,9.62,0.0,15.62],"texture":"#1"},"south":{"uv":[15.54,15.54,16.0,16.0],"texture":"#1"},"west":{"uv":[0.0,9.62,4.0,15.62],"texture":"#1"},"up":{"uv":[15.54,15.54,16.0,16.0],"texture":"#1"},"down":{"uv":[15.54,15.54,16.0,16.0],"texture":"#1"}},"rotation":{"origin":[7.100000000000004,8.149999999999997,10.399999999999999],"axis":"y","angle":-22.5,"rescale":false}},{"from":[7,3.5,7.5],"to":[7.5,8.25,8.25],"faces":{"north":{"uv":[3.29,11.29,3.53,13.53],"texture":"#0"},"east":{"uv":[8.94,8.94,9.29,11.18],"texture":"#0"},"south":{"uv":[4.71,11.29,4.94,13.53],"texture":"#0"},"west":{"uv":[9.41,0.0,9.76,2.24],"texture":"#0"},"up":{"uv":[14.82,13.53,14.59,13.18],"texture":"#0"},"down":{"uv":[14.82,13.65,14.59,14.0],"texture":"#0"}},"rotation":{"origin":[7.25,6,8],"axis":"x","angle":-45,"rescale":false}},{"from":[7,3.5,7.75],"to":[7.5,8.25,8.5],"faces":{"north":{"uv":[2.82,11.29,3.06,13.53],"texture":"#0"},"east":{"uv":[8.0,8.94,8.35,11.18],"texture":"#0"},"south":{"uv":[11.29,2.82,11.53,5.06],"texture":"#0"},"west":{"uv":[8.47,8.94,8.82,11.18],"texture":"#0"},"up":{"uv":[14.82,12.59,14.59,12.24],"texture":"#0"},"down":{"uv":[14.82,12.71,14.59,13.06],"texture":"#0"}},"rotation":{"origin":[7.25,6,8],"axis":"x","angle":45,"rescale":false}},{"from":[7.156000000000001,3.3187929738088116,7.156000000000001],"to":[8.844000000000001,3.8467929738088116,8.844000000000001],"faces":{"north":{"uv":[8.94,14.12,9.76,14.35],"texture":"#0"},"east":{"uv":[14.12,10.35,14.94,10.59],"texture":"#0"},"south":{"uv":[10.82,14.12,11.65,14.35],"texture":"#0"},"west":{"uv":[14.12,10.82,14.94,11.06],"texture":"#0"},"up":{"uv":[11.18,2.24,10.35,1.41],"texture":"#0"},"down":{"uv":[2.71,10.35,1.88,11.18],"texture":"#0"}}},{"from":[7.156000000000001,5.246792947105931,7.156000000000001],"to":[8.844000000000001,6.924792947105931,8.844000000000001],"faces":{"north":{"uv":[10.82,8.0,11.65,8.76],"texture":"#0"},"east":{"uv":[10.82,8.94,11.65,9.71],"texture":"#0"},"south":{"uv":[10.82,9.88,11.65,10.65],"texture":"#0"},"west":{"uv":[10.82,10.82,11.65,11.59],"texture":"#0"},"up":{"uv":[11.18,3.18,10.35,2.35],"texture":"#0"},"down":{"uv":[3.65,10.35,2.82,11.18],"texture":"#0"}}},{"from":[7.200000000000003,2.099999999999998,2.600000000000013],"to":[7.200000000000003,8.099999999999994,6.600000000000012],"faces":{"north":{"uv":[16.0,15.54,15.54,16.0],"texture":"#1"},"east":{"uv":[0.0,9.62,4.0,15.62],"texture":"#1"},"south":{"uv":[16.0,15.54,15.54,16.0],"texture":"#1"},"west":{"uv":[4.0,9.62,0.0,15.62],"texture":"#1"},"up":{"uv":[15.54,16.0,16.0,15.54],"texture":"#1"},"down":{"uv":[15.54,16.0,16.0,15.54],"texture":"#1"}},"rotation":{"origin":[7.600000000000005,5.549999999999996,5.600000000000003],"axis":"y","angle":22.5,"rescale":false}},{"from":[7.25,5,6.300000000000001],"to":[8.75,6,7.35],"faces":{"north":{"uv":[12.71,7.53,13.41,8.0],"texture":"#0"},"east":{"uv":[4.71,14.12,5.18,14.59],"texture":"#0"},"south":{"uv":[12.71,8.0,13.41,8.47],"texture":"#0"},"west":{"uv":[5.18,14.12,5.65,14.59],"texture":"#0"},"up":{"uv":[13.41,8.94,12.71,8.47],"texture":"#0"},"down":{"uv":[13.41,8.94,12.71,9.41],"texture":"#0"}}},{"from":[7.25,5,8.65],"to":[8.75,6,9.7],"faces":{"north":{"uv":[9.41,2.35,10.12,2.82],"texture":"#0"},"east":{"uv":[14.12,3.76,14.59,4.24],"texture":"#0"},"south":{"uv":[6.59,12.71,7.29,13.18],"texture":"#0"},"west":{"uv":[4.24,14.12,4.71,14.59],"texture":"#0"},"up":{"uv":[13.41,7.06,12.71,6.59],"texture":"#0"},"down":{"uv":[13.41,7.06,12.71,7.53],"texture":"#0"}}},{"from":[7.25,8,8.675],"to":[8.75,8.8,10.175],"faces":{"north":{"uv":[4.71,13.65,5.41,14.0],"texture":"#0"},"east":{"uv":[13.65,4.71,14.35,5.06],"texture":"#0"},"south":{"uv":[13.65,5.18,14.35,5.53],"texture":"#0"},"west":{"uv":[5.65,13.65,6.35,14.0],"texture":"#0"},"up":{"uv":[8.24,12.0,7.53,11.29],"texture":"#0"},"down":{"uv":[9.18,11.29,8.47,12.0],"texture":"#0"}}},{"from":[7.25,10,8.675],"to":[8.75,10.8,10.175],"faces":{"north":{"uv":[13.65,5.65,14.35,6.0],"texture":"#0"},"east":{"uv":[13.65,6.59,14.35,6.94],"texture":"#0"},"south":{"uv":[13.65,7.06,14.35,7.41],"texture":"#0"},"west":{"uv":[13.65,7.53,14.35,7.88],"texture":"#0"},"up":{"uv":[10.12,12.0,9.41,11.29],"texture":"#0"},"down":{"uv":[1.18,11.76,0.47,12.47],"texture":"#0"}}},{"from":[7.25,12,8.475000000000001],"to":[8.75,12.8,9.975000000000001],"faces":{"north":{"uv":[13.65,8.0,14.35,8.35],"texture":"#0"},"east":{"uv":[13.65,8.47,14.35,8.82],"texture":"#0"},"south":{"uv":[13.65,8.94,14.35,9.29],"texture":"#0"},"west":{"uv":[13.65,9.41,14.35,9.76],"texture":"#0"},"up":{"uv":[12.47,3.53,11.76,2.82],"texture":"#0"},"down":{"uv":[12.47,3.76,11.76,4.47],"texture":"#0"}}},{"from":[7.25,14,8.475000000000001],"to":[8.75,14.8,9.975000000000001],"faces":{"north":{"uv":[13.65,9.88,14.35,10.24],"texture":"#0"},"east":{"uv":[13.65,11.29,14.35,11.65],"texture":"#0"},"south":{"uv":[13.65,11.76,14.35,12.12],"texture":"#0"},"west":{"uv":[13.65,12.24,14.35,12.59],"texture":"#0"},"up":{"uv":[12.47,5.41,11.76,4.71],"texture":"#0"},"down":{"uv":[12.47,5.65,11.76,6.35],"texture":"#0"}}},{"from":[7.25,16,7.975],"to":[8.75,16.8,9.475],"faces":{"north":{"uv":[13.65,12.71,14.35,13.06],"texture":"#0"},"east":{"uv":[13.18,13.65,13.88,14.0],"texture":"#0"},"south":{"uv":[13.65,13.18,14.35,13.53],"texture":"#0"},"west":{"uv":[14.12,1.88,14.82,2.24],"texture":"#0"},"up":{"uv":[12.47,7.29,11.76,6.59],"texture":"#0"},"down":{"uv":[12.47,7.53,11.76,8.24],"texture":"#0"}},"rotation":{"origin":[8,16.4,8.725],"axis":"x","angle":-22.5,"rescale":false}},{"from":[7.32,9.120000000000001,5.07],"to":[8.68,10.48,6.43],"faces":{"north":{"uv":[11.76,11.29,12.41,11.94],"texture":"#0"},"east":{"uv":[12.24,0.0,12.88,0.65],"texture":"#0"},"south":{"uv":[12.24,0.94,12.88,1.59],"texture":"#0"},"west":{"uv":[1.88,12.24,2.53,12.88],"texture":"#0"},"up":{"uv":[12.88,2.53,12.24,1.88],"texture":"#0"},"down":{"uv":[8.18,12.24,7.53,12.88],"texture":"#0"}}},{"from":[7.406000000000001,3.8187929738088116,7.406000000000001],"to":[8.594000000000001,5.2467929738088115,8.594000000000001],"faces":{"north":{"uv":[8.94,12.24,9.53,12.88],"texture":"#0"},"east":{"uv":[12.24,9.41,12.82,10.06],"texture":"#0"},"south":{"uv":[12.24,10.35,12.82,11.0],"texture":"#0"},"west":{"uv":[11.76,12.24,12.35,12.88],"texture":"#0"},"up":{"uv":[1.06,13.29,0.47,12.71],"texture":"#0"},"down":{"uv":[13.29,2.82,12.71,3.41],"texture":"#0"}}},{"from":[7.424799999999999,0.15279297380881207,7.424799999999999],"to":[8.575199999999999,3.1187929738088114,8.575199999999999],"faces":{"north":{"uv":[9.88,7.06,10.41,8.47],"texture":"#0"},"east":{"uv":[9.88,8.47,10.41,9.88],"texture":"#0"},"south":{"uv":[9.88,9.88,10.41,11.29],"texture":"#0"},"west":{"uv":[10.35,0.0,10.88,1.41],"texture":"#0"},"up":{"uv":[13.71,10.88,13.18,10.35],"texture":"#0"},"down":{"uv":[11.35,13.18,10.82,13.71],"texture":"#0"}}},{"from":[7.449999999999999,10.50000000026342,7.499999999999999],"to":[8.55,11.500000000263418,8.5],"faces":{"north":{"uv":[13.18,6.12,13.71,6.59],"texture":"#0"},"east":{"uv":[5.65,14.12,6.12,14.59],"texture":"#0"},"south":{"uv":[2.82,13.65,3.35,14.12],"texture":"#0"},"west":{"uv":[6.12,14.12,6.59,14.59],"texture":"#0"},"up":{"uv":[14.18,3.29,13.65,2.82],"texture":"#0"},"down":{"uv":[14.18,3.29,13.65,3.76],"texture":"#0"}},"rotation":{"origin":[8,11.000000000263418,7.999999999999998],"axis":"x","angle":45,"rescale":false}},{"from":[7.475,6.25,7.299999999999997],"to":[8.525,11,7.899999999999997],"faces":{"north":{"uv":[8.94,4.24,9.41,6.47],"texture":"#0"},"east":{"uv":[3.76,10.35,4.06,12.59],"texture":"#0"},"south":{"uv":[4.71,8.94,5.18,11.18],"texture":"#0"},"west":{"uv":[4.24,10.35,4.53,12.59],"texture":"#0"},"up":{"uv":[8.94,14.88,8.47,14.59],"texture":"#0"},"down":{"uv":[15.06,8.47,14.59,8.76],"texture":"#0"}}},{"from":[7.475,6.25,8.100000000000003],"to":[8.525,11,8.700000000000003],"faces":{"north":{"uv":[5.18,8.94,5.65,11.18],"texture":"#0"},"east":{"uv":[10.82,3.29,11.12,5.53],"texture":"#0"},"south":{"uv":[5.65,8.94,6.12,11.18],"texture":"#0"},"west":{"uv":[10.82,5.65,11.12,7.88],"texture":"#0"},"up":{"uv":[15.06,10.18,14.59,9.88],"texture":"#0"},"down":{"uv":[10.82,14.59,10.35,14.88],"texture":"#0"}}},{"from":[7.499999999999998,11.950000000000003,6.875000000000002],"to":[7.499999999999998,14.200000000000003,9.125000000000002],"faces":{"north":{"uv":[0.0,0.0,0.0,1.06],"texture":"#0"},"east":{"uv":[7.53,4.24,8.59,5.29],"texture":"#0"},"south":{"uv":[0.0,0.0,0.0,1.06],"texture":"#0"},"west":{"uv":[1.88,8.94,2.94,10.0],"texture":"#0"},"up":{"uv":[0.0,1.06,0.0,0.0],"texture":"#0"},"down":{"uv":[0.0,0.0,0.0,1.06],"texture":"#0"}},"rotation":{"origin":[7.499999999999998,13.075000000000003,8.000000000000002],"axis":"x","angle":22.5,"rescale":false}},{"from":[7.5,5.016116523516816,7.4196699141100915],"to":[8.5,6.366116523516816,8.169669914110091],"faces":{"north":{"uv":[2.35,13.18,2.82,13.82],"texture":"#0"},"east":{"uv":[10.35,13.65,10.71,14.29],"texture":"#0"},"south":{"uv":[13.18,4.24,13.65,4.88],"texture":"#0"},"west":{"uv":[0.0,14.12,0.35,14.76],"texture":"#0"},"up":{"uv":[6.12,14.94,5.65,14.59],"texture":"#0"},"down":{"uv":[15.06,5.65,14.59,6.0],"texture":"#0"}},"rotation":{"origin":[8,5.366116523516816,8.419669914110091],"axis":"x","angle":45,"rescale":false}},{"from":[7.5,5.016116523516816,7.8303300858899085],"to":[8.5,6.366116523516816,8.580330085889909],"faces":{"north":{"uv":[13.18,5.18,13.65,5.82],"texture":"#0"},"east":{"uv":[2.35,14.12,2.71,14.76],"texture":"#0"},"south":{"uv":[6.59,13.18,7.06,13.82],"texture":"#0"},"west":{"uv":[2.82,14.12,3.18,14.76],"texture":"#0"},"up":{"uv":[6.59,14.94,6.12,14.59],"texture":"#0"},"down":{"uv":[15.06,6.12,14.59,6.47],"texture":"#0"}},"rotation":{"origin":[8,5.366116523516816,7.5803300858899085],"axis":"x","angle":-45,"rescale":false}},{"from":[7.500000000000005,5.599999999999998,7.800000000000006],"to":[7.500000000000005,11.599999999999996,11.800000000000006],"faces":{"north":{"uv":[15.54,15.54,16.0,16.0],"texture":"#1"},"east":{"uv":[11.88,0.0,7.88,6.0],"texture":"#1"},"south":{"uv":[15.54,15.54,16.0,16.0],"texture":"#1"},"west":{"uv":[7.88,0.0,11.88,6.0],"texture":"#1"},"up":{"uv":[15.54,15.54,16.0,16.0],"texture":"#1"},"down":{"uv":[15.54,15.54,16.0,16.0],"texture":"#1"}},"rotation":{"origin":[7.100000000000004,8.149999999999997,10.799999999999997],"axis":"y","angle":-22.5,"rescale":false}},{"from":[7.5248,-1.047207026191188,7.5248],"to":[8.4752,3.3187929738088116,8.4752],"faces":{"north":{"uv":[6.12,8.94,6.59,11.0],"texture":"#0"},"east":{"uv":[6.59,8.94,7.06,11.0],"texture":"#0"},"south":{"uv":[7.06,8.94,7.53,11.0],"texture":"#0"},"west":{"uv":[7.53,8.94,8.0,11.0],"texture":"#0"},"up":{"uv":[11.76,8.0,11.29,7.53],"texture":"#0"},"down":{"uv":[14.59,2.35,14.12,2.82],"texture":"#0"}}},{"from":[7.5248,-1.047207026191188,8.475199994850158],"to":[8.4752,-0.047207026191188106,9.175599994850158],"faces":{"north":{"uv":[3.29,14.12,3.76,14.59],"texture":"#0"},"east":{"uv":[4.24,14.59,4.59,15.06],"texture":"#0"},"south":{"uv":[3.76,14.12,4.24,14.59],"texture":"#0"},"west":{"uv":[14.59,4.24,14.94,4.71],"texture":"#0"},"up":{"uv":[5.18,14.94,4.71,14.59],"texture":"#0"},"down":{"uv":[15.06,4.71,14.59,5.06],"texture":"#0"}}},{"from":[7.525,4.7500000000000036,5.125],"to":[8.475,4.950000000000003,10.875],"faces":{"north":{"uv":[15.06,2.35,15.53,2.47],"texture":"#0"},"east":{"uv":[13.18,0.94,15.88,1.06],"texture":"#0"},"south":{"uv":[2.82,15.06,3.29,15.18],"texture":"#0"},"west":{"uv":[13.18,1.41,15.88,1.53],"texture":"#0"},"up":{"uv":[1.41,11.65,0.94,8.94],"texture":"#0"},"down":{"uv":[1.88,8.94,1.41,11.65],"texture":"#0"}}},{"from":[7.525,6.0000000000000036,5.125],"to":[8.475,6.200000000000003,10.875],"faces":{"north":{"uv":[15.06,1.88,15.53,2.0],"texture":"#0"},"east":{"uv":[13.18,0.0,15.88,0.12],"texture":"#0"},"south":{"uv":[2.35,15.06,2.82,15.18],"texture":"#0"},"west":{"uv":[13.18,0.47,15.88,0.59],"texture":"#0"},"up":{"uv":[9.41,2.71,8.94,0.0],"texture":"#0"},"down":{"uv":[0.94,8.94,0.47,11.65],"texture":"#0"}}},{"from":[7.5498,-2.393261227778698,8.468346880744386],"to":[8.450199999999999,-0.19286122777869785,9.443346880744386],"faces":{"north":{"uv":[10.35,11.29,10.76,12.35],"texture":"#0"},"east":{"uv":[6.59,11.29,7.06,12.35],"texture":"#0"},"south":{"uv":[1.41,11.76,1.82,12.82],"texture":"#0"},"west":{"uv":[7.06,11.29,7.53,12.35],"texture":"#0"},"up":{"uv":[14.53,6.59,14.12,6.12],"texture":"#0"},"down":{"uv":[8.88,14.12,8.47,14.59],"texture":"#0"}},"rotation":{"origin":[8,-0.7930612277786968,8.943346880744386],"axis":"x","angle":-22.5,"rescale":false}},{"from":[7.549999999999999,17.219596361211543,5.162138725346456],"to":[8.450000000000001,17.994596361211542,6.662138725346453],"faces":{"north":{"uv":[14.59,7.53,15.0,7.88],"texture":"#0"},"east":{"uv":[3.76,13.65,4.47,14.0],"texture":"#0"},"south":{"uv":[14.59,8.0,15.0,8.35],"texture":"#0"},"west":{"uv":[13.65,4.24,14.35,4.59],"texture":"#0"},"up":{"uv":[13.59,10.12,13.18,9.41],"texture":"#0"},"down":{"uv":[10.29,13.18,9.88,13.88],"texture":"#0"}},"rotation":{"origin":[8,17.494596361211542,5.812138725346455],"axis":"x","angle":22.5,"rescale":false}},{"from":[7.5748,-3.8511636898634567,8.839697818454281],"to":[8.425199999999998,-1.5507636898634565,9.739697818454282],"faces":{"north":{"uv":[11.76,8.47,12.18,9.53],"texture":"#0"},"east":{"uv":[11.76,9.88,12.18,10.94],"texture":"#0"},"south":{"uv":[10.82,11.76,11.24,12.82],"texture":"#0"},"west":{"uv":[11.29,11.76,11.71,12.82],"texture":"#0"},"up":{"uv":[15.0,2.76,14.59,2.35],"texture":"#0"},"down":{"uv":[15.0,2.82,14.59,3.24],"texture":"#0"}},"rotation":{"origin":[8,-2.150963689863456,9.239697818454282],"axis":"x","angle":45,"rescale":false}},{"from":[7.574800011920929,-2.792385016597972,7.383580081846313],"to":[8.425200011920928,-2.1923850165979717,8.283980081846313],"faces":{"north":{"uv":[10.82,14.59,11.24,14.88],"texture":"#0"},"east":{"uv":[11.29,14.59,11.71,14.88],"texture":"#0"},"south":{"uv":[14.59,11.29,15.0,11.59],"texture":"#0"},"west":{"uv":[14.59,11.76,15.0,12.06],"texture":"#0"},"up":{"uv":[3.71,15.0,3.29,14.59],"texture":"#0"},"down":{"uv":[15.0,3.29,14.59,3.71],"texture":"#0"}},"rotation":{"origin":[8.050000011920929,-2.292385016597972,7.683780081846314],"axis":"x","angle":45,"rescale":false}},{"from":[7.574999999999999,15.968082419327185,6.5448440665098415],"to":[8.425,17.46808241932718,7.394844066509841],"faces":{"north":{"uv":[8.0,13.18,8.41,13.88],"texture":"#0"},"east":{"uv":[8.47,13.18,8.88,13.88],"texture":"#0"},"south":{"uv":[8.94,13.18,9.35,13.88],"texture":"#0"},"west":{"uv":[9.41,13.18,9.82,13.88],"texture":"#0"},"up":{"uv":[4.18,15.0,3.76,14.59],"texture":"#0"},"down":{"uv":[15.0,3.76,14.59,4.18],"texture":"#0"}},"rotation":{"origin":[8,16.818082419327183,6.894844066509841],"axis":"x","angle":-45,"rescale":false}},{"from":[7.6,14.161634310163397,4.3602510586410945],"to":[8.4,15.861634310163392,5.285251058641094],"faces":{"north":{"uv":[7.06,13.18,7.41,14.0],"texture":"#0"},"east":{"uv":[12.71,4.71,13.12,5.53],"texture":"#0"},"south":{"uv":[7.53,13.18,7.88,14.0],"texture":"#0"},"west":{"uv":[12.71,5.65,13.12,6.47],"texture":"#0"},"up":{"uv":[14.94,7.0,14.59,6.59],"texture":"#0"},"down":{"uv":[14.94,7.06,14.59,7.47],"texture":"#0"}},"rotation":{"origin":[8,22.661634310163393,4.785251058641094],"axis":"x","angle":-22.5,"rescale":false}},{"from":[7.625,4.450000000000002,5.250000000000002],"to":[8.375,6.450000000000002,6.500000000000002],"faces":{"north":{"uv":[12.71,12.24,13.06,13.18],"texture":"#0"},"east":{"uv":[1.88,11.29,2.47,12.24],"texture":"#0"},"south":{"uv":[0.0,13.18,0.35,14.12],"texture":"#0"},"west":{"uv":[11.29,1.88,11.88,2.82],"texture":"#0"},"up":{"uv":[7.88,14.71,7.53,14.12],"texture":"#0"},"down":{"uv":[8.35,14.12,8.0,14.71],"texture":"#0"}}},{"from":[7.625,4.450000000000002,9.499999999999998],"to":[8.375,6.450000000000002,10.749999999999998],"faces":{"north":{"uv":[10.35,12.71,10.71,13.65],"texture":"#0"},"east":{"uv":[11.29,0.0,11.88,0.94],"texture":"#0"},"south":{"uv":[12.71,11.29,13.06,12.24],"texture":"#0"},"west":{"uv":[11.29,0.94,11.88,1.88],"texture":"#0"},"up":{"uv":[6.94,14.71,6.59,14.12],"texture":"#0"},"down":{"uv":[7.41,14.12,7.06,14.71],"texture":"#0"}}},{"from":[7.625,6.0000000000000036,7.5],"to":[8.375,15,8.5],"faces":{"north":{"uv":[8.47,0.0,8.82,4.24],"texture":"#0"},"east":{"uv":[7.53,0.0,8.0,4.24],"texture":"#0"},"south":{"uv":[0.0,8.94,0.35,13.18],"texture":"#0"},"west":{"uv":[8.0,0.0,8.47,4.24],"texture":"#0"},"up":{"uv":[5.53,15.06,5.18,14.59],"texture":"#0"},"down":{"uv":[14.94,5.18,14.59,5.65],"texture":"#0"}}},{"from":[7.875,3.7499999999999996,0.75],"to":[8.125,8.750000000000002,5.75],"faces":{"north":{"uv":[0.47,13.65,0.59,16.0],"texture":"#0"},"east":{"uv":[4.71,6.59,7.06,8.94],"texture":"#0"},"south":{"uv":[0.94,13.65,1.06,16.0],"texture":"#0"},"west":{"uv":[7.06,6.59,9.41,8.94],"texture":"#0"},"up":{"uv":[1.53,16.0,1.41,13.65],"texture":"#0"},"down":{"uv":[2.0,13.65,1.88,16.0],"texture":"#0"}}},{"from":[7.875,3.7499999999999996,10.25],"to":[8.125,8.750000000000002,15.25],"faces":{"north":{"uv":[13.18,11.29,13.29,13.65],"texture":"#0"},"east":{"uv":[0.0,6.59,2.35,8.94],"texture":"#0"},"south":{"uv":[11.76,13.18,11.88,15.53],"texture":"#0"},"west":{"uv":[2.35,6.59,4.71,8.94],"texture":"#0"},"up":{"uv":[12.35,15.53,12.24,13.18],"texture":"#0"},"down":{"uv":[12.82,13.18,12.71,15.53],"texture":"#0"}}},{"from":[8,2,4.5],"to":[8,9,11.5],"faces":{"north":{"uv":[15.54,15.54,16.0,16.0],"texture":"#1","rotation":270},"east":{"uv":[7.0,0.0,0.0,7.0],"texture":"#1","rotation":180},"south":{"uv":[15.54,15.54,16.0,16.0],"texture":"#1","rotation":90},"west":{"uv":[0.0,0.0,7.0,7.0],"texture":"#1","rotation":180},"up":{"uv":[15.54,15.54,16.0,16.0],"texture":"#1","rotation":270},"down":{"uv":[15.54,15.54,16.0,16.0],"texture":"#1","rotation":90}},"rotation":{"origin":[8,5.5,8],"axis":"y","angle":-45,"rescale":false}},{"from":[8,2,4.5],"to":[8,9,11.5],"faces":{"north":{"uv":[15.54,15.54,16.0,16.0],"texture":"#1","rotation":270},"east":{"uv":[7.0,0.0,0.0,7.0],"texture":"#1","rotation":180},"south":{"uv":[15.54,15.54,16.0,16.0],"texture":"#1","rotation":90},"west":{"uv":[0.0,0.0,7.0,7.0],"texture":"#1","rotation":180},"up":{"uv":[15.54,15.54,16.0,16.0],"texture":"#1","rotation":270},"down":{"uv":[15.54,15.54,16.0,16.0],"texture":"#1","rotation":90}},"rotation":{"origin":[8,5.5,8],"axis":"y","angle":45,"rescale":false}},{"from":[8,7,3.75],"to":[8,21,11],"faces":{"north":{"uv":[0.0,0.0,0.0,6.59],"texture":"#0"},"east":{"uv":[0.0,0.0,3.41,6.59],"texture":"#0"},"south":{"uv":[0.0,0.0,0.0,6.59],"texture":"#0"},"west":{"uv":[3.76,0.0,7.18,6.59],"texture":"#0"},"up":{"uv":[0.0,3.41,0.0,0.0],"texture":"#0"},"down":{"uv":[0.0,0.0,0.0,3.41],"texture":"#0"}}},{"from":[8.5,3.5,7.5],"to":[9,8.25,8.25],"faces":{"north":{"uv":[5.65,11.29,5.88,13.53],"texture":"#0"},"east":{"uv":[9.41,8.94,9.76,11.18],"texture":"#0"},"south":{"uv":[6.12,11.29,6.35,13.53],"texture":"#0"},"west":{"uv":[9.88,0.0,10.24,2.24],"texture":"#0"},"up":{"uv":[14.82,14.94,14.59,14.59],"texture":"#0"},"down":{"uv":[0.24,15.06,0.0,15.41],"texture":"#0"}},"rotation":{"origin":[8.75,6,8],"axis":"x","angle":-45,"rescale":false}},{"from":[8.5,3.5,7.75],"to":[9,8.25,8.5],"faces":{"north":{"uv":[5.18,11.29,5.41,13.53],"texture":"#0"},"east":{"uv":[9.41,4.24,9.76,6.47],"texture":"#0"},"south":{"uv":[11.29,5.18,11.53,7.41],"texture":"#0"},"west":{"uv":[9.41,6.59,9.76,8.82],"texture":"#0"},"up":{"uv":[14.35,14.94,14.12,14.59],"texture":"#0"},"down":{"uv":[14.82,14.12,14.59,14.47],"texture":"#0"}},"rotation":{"origin":[8.75,6,8],"axis":"x","angle":45,"rescale":false}},{"from":[8.500000000000002,11.950000000000003,6.875000000000002],"to":[8.500000000000002,14.200000000000003,9.125000000000002],"faces":{"north":{"uv":[0.0,0.0,0.0,1.06],"texture":"#0"},"east":{"uv":[8.94,2.82,10.0,3.88],"texture":"#0"},"south":{"uv":[0.0,0.0,0.0,1.06],"texture":"#0"},"west":{"uv":[3.29,8.94,4.35,10.0],"texture":"#0"},"up":{"uv":[0.0,1.06,0.0,0.0],"texture":"#0"},"down":{"uv":[0.0,0.0,0.0,1.06],"texture":"#0"}},"rotation":{"origin":[8.500000000000002,13.075000000000003,8.000000000000002],"axis":"x","angle":22.5,"rescale":false}},{"from":[8.817499999999995,4.210000000000001,7.320000000000001],"to":[9.497499999999997,5.23,8.679999999999998],"faces":{"north":{"uv":[9.41,14.59,9.71,15.06],"texture":"#0"},"east":{"uv":[13.18,2.35,13.82,2.82],"texture":"#0"},"south":{"uv":[14.59,9.41,14.88,9.88],"texture":"#0"},"west":{"uv":[13.18,3.76,13.82,4.24],"texture":"#0"},"up":{"uv":[13.94,14.76,13.65,14.12],"texture":"#0"},"down":{"uv":[14.41,13.65,14.12,14.29],"texture":"#0"}}},{"from":[8.817499999999995,5.23,6.980000000000001],"to":[9.667499999999997,6.93,9.02],"faces":{"north":{"uv":[12.71,3.76,13.12,4.59],"texture":"#0"},"east":{"uv":[9.88,5.18,10.82,6.0],"texture":"#0"},"south":{"uv":[4.24,12.71,4.65,13.53],"texture":"#0"},"west":{"uv":[9.88,6.12,10.82,6.94],"texture":"#0"},"up":{"uv":[8.88,13.18,8.47,12.24],"texture":"#0"},"down":{"uv":[12.65,8.47,12.24,9.41],"texture":"#0"}}},{"from":[9.499999999999991,3.599999999999998,3.2999999999999945],"to":[9.499999999999991,9.599999999999996,7.299999999999997],"faces":{"north":{"uv":[15.54,15.54,16.0,16.0],"texture":"#1"},"east":{"uv":[7.88,0.0,11.88,6.0],"texture":"#1"},"south":{"uv":[15.54,15.54,16.0,16.0],"texture":"#1"},"west":{"uv":[11.88,0.0,7.88,6.0],"texture":"#1"},"up":{"uv":[16.0,16.0,15.54,15.54],"texture":"#1"},"down":{"uv":[16.0,16.0,15.54,15.54],"texture":"#1"}},"rotation":{"origin":[9.899999999999991,6.149999999999997,4.300000000000006],"axis":"y","angle":-22.5,"rescale":false}}],"display":{"thirdperson_righthand":{"translation":[0,6,1.25],"scale":[1.27,1.27,1.27]},"thirdperson_lefthand":{"translation":[0,6,1.25],"scale":[1.27,1.27,1.27]},"firstperson_righthand":{"translation":[-1.25,6.5,1.5],"scale":[0.64,0.64,0.64]},"firstperson_lefthand":{"translation":[-1.25,6.5,1.5],"scale":[0.64,0.64,0.64]},"ground":{"rotation":[-45,0,0],"translation":[-1.5,3,0],"scale":[0.45,0.45,0.45]},"gui":{"rotation":[-109,-48,-98],"translation":[-0.5,0.5,0],"scale":[0.91,0.91,0.91]},"head":{"rotation":[-4.25,0,0],"translation":[0,16.75,0],"scale":[1.9,1.9,1.9]},"fixed":{"rotation":[0,-90,0],"translation":[0,0,-1.5],"scale":[1.4,1.4,1.4]}},"gui_light":"front"}