{"credit":"Made with Blockbench","textures":{"0":"pirate_reasure_set:hammer_0","1":"pirate_reasure_set:hammer_1"},"elements":[{"from":[6.332500000000003,18.73,6.980000000000001],"to":[7.1825000000000045,20.43,9.02],"faces":{"north":{"uv":[13.05,10.95,13.42,11.68],"texture":"#0"},"east":{"uv":[10.11,7.16,10.95,7.89],"texture":"#0"},"south":{"uv":[11.79,13.05,12.16,13.79],"texture":"#0"},"west":{"uv":[8.84,10.11,9.68,10.84],"texture":"#0"},"up":{"uv":[8.79,13.05,8.42,12.21],"texture":"#0"},"down":{"uv":[12.58,8.42,12.21,9.26],"texture":"#0"}}},{"from":[6.5,12.75,1.75],"to":[6.5,18,6.5],"faces":{"north":{"uv":[0.0,0.0,0.0,2.21],"texture":"#0"},"east":{"uv":[0.0,4.21,2.0,6.42],"texture":"#0"},"south":{"uv":[0.0,0.0,0.0,2.21],"texture":"#0"},"west":{"uv":[4.21,0.0,6.21,2.21],"texture":"#0"},"up":{"uv":[0.0,2.0,0.0,0.0],"texture":"#0"},"down":{"uv":[0.0,0.0,0.0,2.0],"texture":"#0"}}},{"from":[6.502500000000003,17.71,7.320000000000001],"to":[7.1825000000000045,18.73,8.679999999999998],"faces":{"north":{"uv":[14.74,12.21,15.0,12.63],"texture":"#0"},"east":{"uv":[10.53,13.47,11.11,13.89],"texture":"#0"},"south":{"uv":[12.63,14.74,12.89,15.16],"texture":"#0"},"west":{"uv":[13.47,11.79,14.05,12.21],"texture":"#0"},"up":{"uv":[14.58,12.37,14.32,11.79],"texture":"#0"},"down":{"uv":[14.58,12.63,14.32,13.21],"texture":"#0"}}},{"from":[6.525,10.175000000000006,2.250000000000003],"to":[9.475,17.275,2.4500000000000024],"faces":{"north":{"uv":[4.63,10.84,4.21,8.42],"texture":"#0","rotation":180},"east":{"uv":[13.47,10.95,15.89,11.05],"texture":"#0","rotation":90},"south":{"uv":[5.05,8.42,4.63,10.84],"texture":"#0"},"west":{"uv":[13.47,11.37,15.89,11.47],"texture":"#0","rotation":270},"up":{"uv":[15.16,5.47,15.58,5.58],"texture":"#0"},"down":{"uv":[5.47,15.16,5.89,15.26],"texture":"#0","rotation":180}}},{"from":[6.525,13.175000000000006,12.300000000000004],"to":[9.475,17.275,12.500000000000004],"faces":{"north":{"uv":[4.63,10.84,4.21,8.42],"texture":"#0","rotation":180},"east":{"uv":[13.47,10.95,15.89,11.05],"texture":"#0","rotation":90},"south":{"uv":[5.05,8.42,4.63,10.84],"texture":"#0"},"west":{"uv":[13.47,11.37,15.89,11.47],"texture":"#0","rotation":270},"up":{"uv":[15.16,5.47,15.58,5.58],"texture":"#0"},"down":{"uv":[5.47,15.16,5.89,15.26],"texture":"#0","rotation":180}}},{"from":[6.625,10.338962277178547,1.200000000000001],"to":[9.375,17.138962277178546,4.700000000000003],"faces":{"north":{"uv":[3.79,5.47,4.95,8.32],"texture":"#0"},"east":{"uv":[2.11,4.21,3.58,7.05],"texture":"#0"},"south":{"uv":[5.05,5.47,6.21,8.32],"texture":"#0"},"west":{"uv":[4.21,2.53,5.68,5.37],"texture":"#0"},"up":{"uv":[8.32,3.16,7.16,1.68],"texture":"#0"},"down":{"uv":[8.32,3.37,7.16,4.84],"texture":"#0"}}},{"from":[6.625,13.338962277178547,11.299999999999997],"to":[9.375,17.138962277178546,13.299999999999999],"faces":{"north":{"uv":[6.32,0.0,7.47,1.58],"texture":"#0"},"east":{"uv":[7.58,0.0,8.42,1.58],"texture":"#0"},"south":{"uv":[1.68,7.16,2.84,8.74],"texture":"#0"},"west":{"uv":[7.58,7.58,8.42,9.16],"texture":"#0"},"up":{"uv":[9.58,8.0,8.42,7.16],"texture":"#0"},"down":{"uv":[9.58,8.0,8.42,8.84],"texture":"#0"}}},{"from":[6.700000000000003,17.699999999999996,9.39999999999999],"to":[6.700000000000003,23.699999999999996,13.39999999999999],"faces":{"north":{"uv":[15.54,15.54,16.0,16.0],"texture":"#1"},"east":{"uv":[4.0,9.62,0.0,15.62],"texture":"#1"},"south":{"uv":[15.54,15.54,16.0,16.0],"texture":"#1"},"west":{"uv":[0.0,9.62,4.0,15.62],"texture":"#1"},"up":{"uv":[15.54,15.54,16.0,16.0],"texture":"#1"},"down":{"uv":[15.54,15.54,16.0,16.0],"texture":"#1"}},"rotation":{"origin":[7.100000000000004,21.15,10.399999999999999],"axis":"y","angle":-22.5,"rescale":false}},{"from":[6.875,10.588962277178547,0.7000000000000011],"to":[9.125,16.888962277178546,1.2000000000000028],"faces":{"north":{"uv":[5.89,2.53,6.84,5.16],"texture":"#0"},"east":{"uv":[10.11,10.53,10.32,13.16],"texture":"#0"},"south":{"uv":[6.32,5.47,7.26,8.11],"texture":"#0"},"west":{"uv":[10.53,10.53,10.74,13.16],"texture":"#0"},"up":{"uv":[14.84,4.42,13.89,4.21],"texture":"#0"},"down":{"uv":[14.84,4.63,13.89,4.84],"texture":"#0"}}},{"from":[6.875,13.588962277178547,13.299999999999997],"to":[9.125,16.888962277178546,13.799999999999999],"faces":{"north":{"uv":[8.42,0.0,9.37,1.37],"texture":"#0"},"east":{"uv":[5.05,13.05,5.26,14.42],"texture":"#0"},"south":{"uv":[8.42,1.68,9.37,3.05],"texture":"#0"},"west":{"uv":[13.05,5.05,13.26,6.42],"texture":"#0"},"up":{"uv":[14.84,7.79,13.89,7.58],"texture":"#0"},"down":{"uv":[14.84,8.0,13.89,8.21],"texture":"#0"}}},{"from":[7,9,7],"to":[9,11.75,9],"faces":{"north":{"uv":[5.05,8.42,5.89,9.58],"texture":"#0"},"east":{"uv":[5.89,8.42,6.74,9.58],"texture":"#0"},"south":{"uv":[8.42,5.89,9.26,7.05],"texture":"#0"},"west":{"uv":[6.74,8.42,7.58,9.58],"texture":"#0"},"up":{"uv":[7.16,2.53,6.32,1.68],"texture":"#0"},"down":{"uv":[10.53,2.11,9.68,2.95],"texture":"#0"}}},{"from":[7,17,7.5],"to":[7.5,21.75,8.25],"faces":{"north":{"uv":[11.37,11.37,11.58,13.37],"texture":"#0"},"east":{"uv":[1.68,10.11,2.0,12.11],"texture":"#0"},"south":{"uv":[0.0,11.79,0.21,13.79],"texture":"#0"},"west":{"uv":[2.11,10.11,2.42,12.11],"texture":"#0"},"up":{"uv":[15.37,3.68,15.16,3.37],"texture":"#0"},"down":{"uv":[15.37,3.79,15.16,4.11],"texture":"#0"}},"rotation":{"origin":[7.25,19.5,8],"axis":"x","angle":-45,"rescale":false}},{"from":[7,17,7.75],"to":[7.5,21.75,8.5],"faces":{"north":{"uv":[4.63,10.95,4.84,12.95],"texture":"#0"},"east":{"uv":[9.68,9.68,10.0,11.68],"texture":"#0"},"south":{"uv":[10.95,11.37,11.16,13.37],"texture":"#0"},"west":{"uv":[10.11,0.0,10.42,2.0],"texture":"#0"},"up":{"uv":[15.37,2.84,15.16,2.53],"texture":"#0"},"down":{"uv":[15.37,2.95,15.16,3.26],"texture":"#0"}},"rotation":{"origin":[7.25,19.5,8],"axis":"x","angle":45,"rescale":false}},{"from":[7.156000000000001,-3.6812070261911884,7.155999999999999],"to":[8.844000000000001,-3.153207026191188,8.844000000000001],"faces":{"north":{"uv":[9.26,14.32,10.0,14.53],"texture":"#0"},"east":{"uv":[14.32,9.26,15.05,9.47],"texture":"#0"},"south":{"uv":[14.32,9.68,15.05,9.89],"texture":"#0"},"west":{"uv":[10.11,14.32,10.84,14.53],"texture":"#0"},"up":{"uv":[12.11,1.58,11.37,0.84],"texture":"#0"},"down":{"uv":[12.11,1.68,11.37,2.42],"texture":"#0"}}},{"from":[7.156000000000001,-1.846792973808812,7.155999999999999],"to":[8.844000000000001,-1.3187929738088116,8.844000000000001],"faces":{"north":{"uv":[14.32,7.16,15.05,7.37],"texture":"#0"},"east":{"uv":[7.58,14.32,8.32,14.53],"texture":"#0"},"south":{"uv":[14.32,8.42,15.05,8.63],"texture":"#0"},"west":{"uv":[14.32,8.84,15.05,9.05],"texture":"#0"},"up":{"uv":[11.68,11.26,10.95,10.53],"texture":"#0"},"down":{"uv":[12.11,0.0,11.37,0.74],"texture":"#0"}}},{"from":[7.156000000000001,3.3187929738088116,7.156],"to":[8.844000000000001,3.846792973808812,8.844000000000001],"faces":{"north":{"uv":[14.32,1.68,15.05,1.89],"texture":"#0"},"east":{"uv":[14.32,2.95,15.05,3.16],"texture":"#0"},"south":{"uv":[14.32,3.37,15.05,3.58],"texture":"#0"},"west":{"uv":[4.21,14.32,4.95,14.53],"texture":"#0"},"up":{"uv":[7.47,11.68,6.74,10.95],"texture":"#0"},"down":{"uv":[11.68,6.74,10.95,7.47],"texture":"#0"}}},{"from":[7.156000000000001,5.153207026191188,7.156],"to":[8.844000000000001,5.6812070261911884,8.844000000000001],"faces":{"north":{"uv":[14.32,5.05,15.05,5.26],"texture":"#0"},"east":{"uv":[14.32,5.47,15.05,5.68],"texture":"#0"},"south":{"uv":[14.32,5.89,15.05,6.11],"texture":"#0"},"west":{"uv":[6.32,14.32,7.05,14.53],"texture":"#0"},"up":{"uv":[9.58,11.68,8.84,10.95],"texture":"#0"},"down":{"uv":[11.68,9.68,10.95,10.42],"texture":"#0"}}},{"from":[7.156000000000001,16.81879297380881,7.156000000000001],"to":[8.844000000000001,17.34679297380881,8.844000000000001],"faces":{"north":{"uv":[14.32,0.0,15.05,0.21],"texture":"#0"},"east":{"uv":[14.32,0.42,15.05,0.63],"texture":"#0"},"south":{"uv":[14.32,0.84,15.05,1.05],"texture":"#0"},"west":{"uv":[14.32,1.26,15.05,1.47],"texture":"#0"},"up":{"uv":[11.26,6.63,10.53,5.89],"texture":"#0"},"down":{"uv":[11.26,8.0,10.53,8.74],"texture":"#0"}}},{"from":[7.156000000000001,18.74679294710593,7.156000000000001],"to":[8.844000000000001,20.42479294710593,8.844000000000001],"faces":{"north":{"uv":[11.37,2.53,12.11,3.21],"texture":"#0"},"east":{"uv":[11.37,3.37,12.11,4.05],"texture":"#0"},"south":{"uv":[11.37,4.21,12.11,4.89],"texture":"#0"},"west":{"uv":[11.37,5.05,12.11,5.74],"texture":"#0"},"up":{"uv":[11.26,9.58,10.53,8.84],"texture":"#0"},"down":{"uv":[4.53,10.95,3.79,11.68],"texture":"#0"}}},{"from":[7.200000000000003,15.099999999999998,2.600000000000013],"to":[7.200000000000003,21.099999999999994,6.600000000000012],"faces":{"north":{"uv":[16.0,15.54,15.54,16.0],"texture":"#1"},"east":{"uv":[0.0,9.62,4.0,15.62],"texture":"#1"},"south":{"uv":[16.0,15.54,15.54,16.0],"texture":"#1"},"west":{"uv":[4.0,9.62,0.0,15.62],"texture":"#1"},"up":{"uv":[15.54,16.0,16.0,15.54],"texture":"#1"},"down":{"uv":[15.54,16.0,16.0,15.54],"texture":"#1"}},"rotation":{"origin":[7.600000000000005,18.549999999999997,5.600000000000003],"axis":"y","angle":22.5,"rescale":false}},{"from":[7.25,18.5,6.300000000000001],"to":[8.75,19.5,7.35],"faces":{"north":{"uv":[13.47,6.74,14.11,7.16],"texture":"#0"},"east":{"uv":[11.37,9.26,11.79,9.68],"texture":"#0"},"south":{"uv":[13.47,7.16,14.11,7.58],"texture":"#0"},"west":{"uv":[9.26,13.89,9.68,14.32],"texture":"#0"},"up":{"uv":[14.11,8.84,13.47,8.42],"texture":"#0"},"down":{"uv":[14.11,8.84,13.47,9.26],"texture":"#0"}}},{"from":[7.25,18.5,8.65],"to":[8.75,19.5,9.7],"faces":{"north":{"uv":[13.47,5.05,14.11,5.47],"texture":"#0"},"east":{"uv":[10.53,6.74,10.95,7.16],"texture":"#0"},"south":{"uv":[13.47,5.47,14.11,5.89],"texture":"#0"},"west":{"uv":[10.95,7.58,11.37,8.0],"texture":"#0"},"up":{"uv":[14.11,6.32,13.47,5.89],"texture":"#0"},"down":{"uv":[14.11,6.32,13.47,6.74],"texture":"#0"}}},{"from":[7.3100000000000005,-3.1899999999999995,7.3100000000000005],"to":[8.69,-1.8100000000000005,8.69],"faces":{"north":{"uv":[12.21,3.37,12.79,3.95],"texture":"#0"},"east":{"uv":[12.21,4.21,12.79,4.79],"texture":"#0"},"south":{"uv":[12.21,5.05,12.79,5.63],"texture":"#0"},"west":{"uv":[12.21,5.89,12.79,6.47],"texture":"#0"},"up":{"uv":[8.16,12.79,7.58,12.21],"texture":"#0"},"down":{"uv":[12.79,7.58,12.21,8.16],"texture":"#0"}}},{"from":[7.3100000000000005,3.81,7.3100000000000005],"to":[8.69,5.1899999999999995,8.69],"faces":{"north":{"uv":[11.79,6.74,12.37,7.32],"texture":"#0"},"east":{"uv":[12.21,0.0,12.79,0.58],"texture":"#0"},"south":{"uv":[12.21,0.84,12.79,1.42],"texture":"#0"},"west":{"uv":[1.68,12.21,2.26,12.79],"texture":"#0"},"up":{"uv":[12.79,2.26,12.21,1.68],"texture":"#0"},"down":{"uv":[12.79,2.53,12.21,3.11],"texture":"#0"}}},{"from":[7.406000000000001,-3.1812070261911884,7.405999999999999],"to":[8.594000000000001,-1.7532070261911876,8.594000000000001],"faces":{"north":{"uv":[13.05,0.84,13.58,1.42],"texture":"#0"},"east":{"uv":[1.68,13.05,2.21,13.63],"texture":"#0"},"south":{"uv":[13.05,1.68,13.58,2.26],"texture":"#0"},"west":{"uv":[13.05,2.53,13.58,3.11],"texture":"#0"},"up":{"uv":[8.95,13.58,8.42,13.05],"texture":"#0"},"down":{"uv":[9.79,13.05,9.26,13.58],"texture":"#0"}}},{"from":[7.406000000000001,3.8187929738088116,7.406],"to":[8.594000000000001,5.246792973808812,8.594000000000001],"faces":{"north":{"uv":[12.63,9.26,13.16,9.84],"texture":"#0"},"east":{"uv":[12.63,10.11,13.16,10.68],"texture":"#0"},"south":{"uv":[12.21,12.63,12.74,13.21],"texture":"#0"},"west":{"uv":[13.05,0.0,13.58,0.58],"texture":"#0"},"up":{"uv":[8.11,13.58,7.58,13.05],"texture":"#0"},"down":{"uv":[13.58,7.58,13.05,8.11],"texture":"#0"}}},{"from":[7.406000000000001,17.31879297380881,7.406000000000001],"to":[8.594000000000001,18.746792973808812,8.594000000000001],"faces":{"north":{"uv":[12.21,10.95,12.74,11.53],"texture":"#0"},"east":{"uv":[12.21,11.79,12.74,12.37],"texture":"#0"},"south":{"uv":[12.63,6.74,13.16,7.32],"texture":"#0"},"west":{"uv":[12.63,8.42,13.16,9.0],"texture":"#0"},"up":{"uv":[6.0,13.58,5.47,13.05],"texture":"#0"},"down":{"uv":[7.26,13.05,6.74,13.58],"texture":"#0"}}},{"from":[7.424799999999999,-0.5472070261911879,7.424799999999999],"to":[8.575199999999999,2.4187929738088116,8.575199999999999],"faces":{"north":{"uv":[10.53,0.84,11.0,2.11],"texture":"#0"},"east":{"uv":[10.53,2.11,11.0,3.37],"texture":"#0"},"south":{"uv":[10.53,3.37,11.0,4.63],"texture":"#0"},"west":{"uv":[10.53,4.63,11.0,5.89],"texture":"#0"},"up":{"uv":[13.95,13.11,13.47,12.63],"texture":"#0"},"down":{"uv":[13.53,13.47,13.05,13.95],"texture":"#0"}}},{"from":[7.449999999999999,16.40385821488439,10.379898971909846],"to":[8.55,17.45385821488439,10.979898971909844],"faces":{"north":{"uv":[13.89,2.11,14.37,2.53],"texture":"#0"},"east":{"uv":[14.74,13.47,15.0,13.89],"texture":"#0"},"south":{"uv":[13.89,2.53,14.37,2.95],"texture":"#0"},"west":{"uv":[14.74,13.89,15.0,14.32],"texture":"#0"},"up":{"uv":[12.26,15.0,11.79,14.74],"texture":"#0"},"down":{"uv":[15.21,11.79,14.74,12.05],"texture":"#0"}},"rotation":{"origin":[8,18.77885821488439,10.804898971909846],"axis":"x","angle":45,"rescale":false}},{"from":[7.475,15.599999999999994,6.324999999999999],"to":[8.525,17.899999999999995,7.175000000000001],"faces":{"north":{"uv":[3.37,11.79,3.79,12.74],"texture":"#0"},"east":{"uv":[11.79,9.26,12.16,10.21],"texture":"#0"},"south":{"uv":[3.79,11.79,4.21,12.74],"texture":"#0"},"west":{"uv":[9.68,11.79,10.05,12.74],"texture":"#0"},"up":{"uv":[2.95,14.68,2.53,14.32],"texture":"#0"},"down":{"uv":[14.74,6.32,14.32,6.68],"texture":"#0"}}},{"from":[7.475,15.599999999999994,8.825],"to":[8.525,17.899999999999995,9.675],"faces":{"north":{"uv":[4.21,11.79,4.63,12.74],"texture":"#0"},"east":{"uv":[11.79,10.53,12.16,11.47],"texture":"#0"},"south":{"uv":[5.05,11.79,5.47,12.74],"texture":"#0"},"west":{"uv":[11.79,11.79,12.16,12.74],"texture":"#0"},"up":{"uv":[14.74,7.11,14.32,6.74],"texture":"#0"},"down":{"uv":[7.58,14.32,7.16,14.68],"texture":"#0"}}},{"from":[7.499999999999998,12.900000000000006,6.875],"to":[7.499999999999998,15.149999999999999,9.125],"faces":{"north":{"uv":[0.0,0.0,0.0,0.95],"texture":"#0"},"east":{"uv":[8.84,4.63,9.79,5.58],"texture":"#0"},"south":{"uv":[0.0,0.0,0.0,0.95],"texture":"#0"},"west":{"uv":[8.42,8.84,9.37,9.79],"texture":"#0"},"up":{"uv":[0.0,0.95,0.0,0.0],"texture":"#0"},"down":{"uv":[0.0,0.0,0.0,0.95],"texture":"#0"}},"rotation":{"origin":[8,14.025000000000006,8],"axis":"x","angle":22.5,"rescale":false}},{"from":[7.500000000000005,18.599999999999998,7.800000000000006],"to":[7.500000000000005,24.599999999999994,11.800000000000006],"faces":{"north":{"uv":[15.54,15.54,16.0,16.0],"texture":"#1"},"east":{"uv":[11.88,0.0,7.88,6.0],"texture":"#1"},"south":{"uv":[15.54,15.54,16.0,16.0],"texture":"#1"},"west":{"uv":[7.88,0.0,11.88,6.0],"texture":"#1"},"up":{"uv":[15.54,15.54,16.0,16.0],"texture":"#1"},"down":{"uv":[15.54,15.54,16.0,16.0],"texture":"#1"}},"rotation":{"origin":[7.100000000000004,21.15,10.799999999999997],"axis":"y","angle":-22.5,"rescale":false}},{"from":[7.5248,-6.647207026191188,7.524800000000001],"to":[8.4752,-2.281207026191188,8.4752],"faces":{"north":{"uv":[3.37,9.68,3.79,11.53],"texture":"#0"},"east":{"uv":[5.05,9.68,5.47,11.53],"texture":"#0"},"south":{"uv":[5.47,9.68,5.89,11.53],"texture":"#0"},"west":{"uv":[5.89,9.68,6.32,11.53],"texture":"#0"},"up":{"uv":[2.11,7.16,1.68,6.74],"texture":"#0"},"down":{"uv":[7.58,5.05,7.16,5.47],"texture":"#0"}}},{"from":[7.5248,-6.647207026191188,8.475199994850158],"to":[8.4752,-5.647207026191188,9.175599994850158],"faces":{"north":{"uv":[9.68,2.95,10.11,3.37],"texture":"#0"},"east":{"uv":[5.47,14.74,5.79,15.16],"texture":"#0"},"south":{"uv":[10.11,8.0,10.53,8.42],"texture":"#0"},"west":{"uv":[5.89,14.74,6.21,15.16],"texture":"#0"},"up":{"uv":[6.74,15.05,6.32,14.74],"texture":"#0"},"down":{"uv":[15.16,6.32,14.74,6.63],"texture":"#0"}}},{"from":[7.5248,-1.3812070295290475,7.5248],"to":[8.4752,3.334792970470952,8.4752],"faces":{"north":{"uv":[7.58,9.26,8.0,11.26],"texture":"#0"},"east":{"uv":[8.0,9.26,8.42,11.26],"texture":"#0"},"south":{"uv":[9.68,0.0,10.11,2.0],"texture":"#0"},"west":{"uv":[2.95,9.68,3.37,11.68],"texture":"#0"},"up":{"uv":[14.32,10.11,13.89,9.68],"texture":"#0"},"down":{"uv":[10.95,13.89,10.53,14.32],"texture":"#0"}}},{"from":[7.5248,5.602792973808812,7.5248],"to":[8.4752,16.81879297380881,8.4752],"faces":{"north":{"uv":[0.0,6.74,0.42,11.47],"texture":"#0"},"east":{"uv":[0.42,6.74,0.84,11.47],"texture":"#0"},"south":{"uv":[0.84,6.74,1.26,11.47],"texture":"#0"},"west":{"uv":[1.26,6.74,1.68,11.47],"texture":"#0"},"up":{"uv":[14.32,9.68,13.89,9.26],"texture":"#0"},"down":{"uv":[10.11,13.89,9.68,14.32],"texture":"#0"}}},{"from":[7.525,18.250000000000004,5.125],"to":[8.475,18.450000000000003,10.875],"faces":{"north":{"uv":[5.05,15.16,5.47,15.26],"texture":"#0"},"east":{"uv":[13.47,10.11,15.89,10.21],"texture":"#0"},"south":{"uv":[15.16,5.05,15.58,5.16],"texture":"#0"},"west":{"uv":[13.47,10.53,15.89,10.63],"texture":"#0"},"up":{"uv":[8.84,5.79,8.42,3.37],"texture":"#0"},"down":{"uv":[4.21,8.42,3.79,10.84],"texture":"#0"}}},{"from":[7.525,19.500000000000004,5.125],"to":[8.475,19.700000000000003,10.875],"faces":{"north":{"uv":[5.47,15.16,5.89,15.26],"texture":"#0"},"east":{"uv":[13.47,10.95,15.89,11.05],"texture":"#0"},"south":{"uv":[15.16,5.47,15.58,5.58],"texture":"#0"},"west":{"uv":[13.47,11.37,15.89,11.47],"texture":"#0"},"up":{"uv":[4.63,10.84,4.21,8.42],"texture":"#0"},"down":{"uv":[5.05,8.42,4.63,10.84],"texture":"#0"}}},{"from":[7.5498,-7.993261227778698,8.468346880744386],"to":[8.450199999999999,-5.7928612277786975,9.443346880744386],"faces":{"north":{"uv":[5.47,11.79,5.84,12.74],"texture":"#0"},"east":{"uv":[3.79,4.21,4.21,5.16],"texture":"#0"},"south":{"uv":[5.89,11.79,6.26,12.74],"texture":"#0"},"west":{"uv":[9.26,5.89,9.68,6.84],"texture":"#0"},"up":{"uv":[14.26,13.89,13.89,13.47],"texture":"#0"},"down":{"uv":[14.26,13.89,13.89,14.32],"texture":"#0"}},"rotation":{"origin":[8,-6.393061227778697,8.943346880744386],"axis":"x","angle":-22.5,"rescale":false}},{"from":[7.5748,-9.451163689863456,8.839697818454281],"to":[8.425199999999998,-7.150763689863457,9.739697818454282],"faces":{"north":{"uv":[6.74,11.79,7.11,12.74],"texture":"#0"},"east":{"uv":[7.16,11.79,7.53,12.74],"texture":"#0"},"south":{"uv":[8.84,11.79,9.21,12.74],"texture":"#0"},"west":{"uv":[9.26,11.79,9.63,12.74],"texture":"#0"},"up":{"uv":[15.11,4.16,14.74,3.79],"texture":"#0"},"down":{"uv":[4.58,14.74,4.21,15.11],"texture":"#0"}},"rotation":{"origin":[8,-7.750963689863456,9.239697818454282],"axis":"x","angle":45,"rescale":false}},{"from":[7.574800011920929,-8.392385016597972,7.383580081846313],"to":[8.425200011920928,-7.792385016597972,8.283980081846313],"faces":{"north":{"uv":[15.16,0.84,15.53,1.11],"texture":"#0"},"east":{"uv":[15.16,1.26,15.53,1.53],"texture":"#0"},"south":{"uv":[15.16,1.68,15.53,1.95],"texture":"#0"},"west":{"uv":[15.16,2.11,15.53,2.37],"texture":"#0"},"up":{"uv":[5.0,15.11,4.63,14.74],"texture":"#0"},"down":{"uv":[5.42,14.74,5.05,15.11],"texture":"#0"}},"rotation":{"origin":[8.050000011920929,-7.892385016597972,7.683780081846314],"axis":"x","angle":45,"rescale":false}},{"from":[7.6,16.4,5.600000000000001],"to":[8.4,17.499999999999996,7.0500000000000025],"faces":{"north":{"uv":[14.32,14.32,14.63,14.79],"texture":"#0"},"east":{"uv":[4.21,13.05,4.84,13.53],"texture":"#0"},"south":{"uv":[14.74,2.11,15.05,2.58],"texture":"#0"},"west":{"uv":[13.05,4.21,13.68,4.68],"texture":"#0"},"up":{"uv":[3.68,14.53,3.37,13.89],"texture":"#0"},"down":{"uv":[4.11,13.89,3.79,14.53],"texture":"#0"}},"rotation":{"origin":[8,16.999999999999996,6.0500000000000025],"axis":"x","angle":45,"rescale":false}},{"from":[7.6,16.4,8.949999999999998],"to":[8.4,17.499999999999996,10.399999999999999],"faces":{"north":{"uv":[14.32,13.47,14.63,13.95],"texture":"#0"},"east":{"uv":[3.37,13.05,4.0,13.53],"texture":"#0"},"south":{"uv":[13.89,14.32,14.21,14.79],"texture":"#0"},"west":{"uv":[13.05,3.37,13.68,3.84],"texture":"#0"},"up":{"uv":[3.26,14.53,2.95,13.89],"texture":"#0"},"down":{"uv":[14.21,2.95,13.89,3.58],"texture":"#0"}},"rotation":{"origin":[8,16.999999999999996,9.949999999999998],"axis":"x","angle":-45,"rescale":false}},{"from":[7.625,11.338962277178547,4.700000000000001],"to":[8.375,16.888962277178546,6.200000000000003],"faces":{"north":{"uv":[9.68,5.89,10.0,8.21],"texture":"#0"},"east":{"uv":[2.95,7.16,3.58,9.47],"texture":"#0"},"south":{"uv":[6.32,9.68,6.63,12.0],"texture":"#0"},"west":{"uv":[7.58,5.05,8.21,7.37],"texture":"#0"},"up":{"uv":[8.74,14.53,8.42,13.89],"texture":"#0"},"down":{"uv":[9.16,13.89,8.84,14.53],"texture":"#0"}}},{"from":[7.625,14.338962277178547,9.799999999999997],"to":[8.375,16.888962277178546,11.299999999999999],"faces":{"north":{"uv":[2.53,12.21,2.84,13.26],"texture":"#0"},"east":{"uv":[6.74,9.68,7.37,10.74],"texture":"#0"},"south":{"uv":[6.32,12.21,6.63,13.26],"texture":"#0"},"west":{"uv":[9.68,8.42,10.32,9.47],"texture":"#0"},"up":{"uv":[5.79,14.53,5.47,13.89],"texture":"#0"},"down":{"uv":[6.21,13.89,5.89,14.53],"texture":"#0"}}},{"from":[7.625,17.950000000000003,5.250000000000002],"to":[8.375,19.950000000000003,6.500000000000002],"faces":{"north":{"uv":[2.53,13.47,2.84,14.32],"texture":"#0"},"east":{"uv":[11.37,5.89,11.89,6.74],"texture":"#0"},"south":{"uv":[6.32,13.47,6.63,14.32],"texture":"#0"},"west":{"uv":[7.58,11.37,8.11,12.21],"texture":"#0"},"up":{"uv":[11.26,14.42,10.95,13.89],"texture":"#0"},"down":{"uv":[12.11,13.89,11.79,14.42],"texture":"#0"}}},{"from":[7.625,17.950000000000003,9.499999999999998],"to":[8.375,19.950000000000003,10.749999999999998],"faces":{"north":{"uv":[13.47,9.26,13.79,10.11],"texture":"#0"},"east":{"uv":[11.37,7.58,11.89,8.42],"texture":"#0"},"south":{"uv":[10.11,13.47,10.42,14.32],"texture":"#0"},"west":{"uv":[11.37,8.42,11.89,9.26],"texture":"#0"},"up":{"uv":[12.53,14.42,12.21,13.89],"texture":"#0"},"down":{"uv":[12.95,13.89,12.63,14.42],"texture":"#0"}}},{"from":[7.65,10.631855549212581,4.492893128982889],"to":[8.35,11.35685554921258,5.492893128982889],"faces":{"north":{"uv":[14.74,14.32,15.05,14.63],"texture":"#0"},"east":{"uv":[6.74,14.74,7.16,15.05],"texture":"#0"},"south":{"uv":[14.74,14.74,15.05,15.05],"texture":"#0"},"west":{"uv":[14.74,6.74,15.16,7.05],"texture":"#0"},"up":{"uv":[7.47,15.16,7.16,14.74],"texture":"#0"},"down":{"uv":[7.89,14.74,7.58,15.16],"texture":"#0"}}},{"from":[7.65,11.617210896701279,3.939034961782207],"to":[8.35,12.617210896701279,5.114034961782209],"faces":{"north":{"uv":[8.0,14.74,8.32,15.16],"texture":"#0"},"east":{"uv":[13.89,3.79,14.37,4.21],"texture":"#0"},"south":{"uv":[8.42,14.74,8.74,15.16],"texture":"#0"},"west":{"uv":[4.21,13.89,4.68,14.32],"texture":"#0"},"up":{"uv":[2.84,15.21,2.53,14.74],"texture":"#0"},"down":{"uv":[3.26,14.74,2.95,15.21],"texture":"#0"}},"rotation":{"origin":[8,10.66721089670128,4.114034961782207],"axis":"x","angle":45,"rescale":false}},{"from":[7.65,13.631855549212581,10.507106871017111],"to":[8.35,14.35685554921258,11.507106871017111],"faces":{"north":{"uv":[15.16,0.0,15.47,0.32],"texture":"#0"},"east":{"uv":[8.84,14.74,9.26,15.05],"texture":"#0"},"south":{"uv":[15.16,0.42,15.47,0.74],"texture":"#0"},"west":{"uv":[9.26,14.74,9.68,15.05],"texture":"#0"},"up":{"uv":[10.0,15.16,9.68,14.74],"texture":"#0"},"down":{"uv":[10.42,14.74,10.11,15.16],"texture":"#0"}}},{"from":[7.65,14.617210896701279,10.88596503821779],"to":[8.35,15.617210896701279,12.060965038217793],"faces":{"north":{"uv":[10.53,14.74,10.84,15.16],"texture":"#0"},"east":{"uv":[6.74,13.89,7.21,14.32],"texture":"#0"},"south":{"uv":[10.95,14.74,11.26,15.16],"texture":"#0"},"west":{"uv":[7.58,13.89,8.05,14.32],"texture":"#0"},"up":{"uv":[3.68,15.21,3.37,14.74],"texture":"#0"},"down":{"uv":[4.11,14.74,3.79,15.21],"texture":"#0"}},"rotation":{"origin":[8,13.66721089670128,11.885965038217794],"axis":"x","angle":-45,"rescale":false}},{"from":[7.875,17.121823817983685,0.8029814865249691],"to":[8.125,22.121823817983685,5.8029814865249705],"faces":{"north":{"uv":[11.37,13.47,11.47,15.58],"texture":"#0"},"east":{"uv":[0.0,0.0,2.11,2.11],"texture":"#0"},"south":{"uv":[0.0,13.89,0.11,16.0],"texture":"#0"},"west":{"uv":[0.0,2.11,2.11,4.21],"texture":"#0"},"up":{"uv":[14.0,2.11,13.89,0.0],"texture":"#0"},"down":{"uv":[0.53,13.89,0.42,16.0],"texture":"#0"}}},{"from":[7.875,17.121823817983685,10.19701851347503],"to":[8.125,22.121823817983685,15.197018513475031],"faces":{"north":{"uv":[0.84,13.89,0.95,16.0],"texture":"#0"},"east":{"uv":[2.11,0.0,4.21,2.11],"texture":"#0"},"south":{"uv":[1.26,13.89,1.37,16.0],"texture":"#0"},"west":{"uv":[2.11,2.11,4.21,4.21],"texture":"#0"},"up":{"uv":[1.79,16.0,1.68,13.89],"texture":"#0"},"down":{"uv":[2.21,13.89,2.11,16.0],"texture":"#0"}}},{"from":[8,15,4.5],"to":[8,22,11.5],"faces":{"north":{"uv":[15.54,15.54,16.0,16.0],"texture":"#1","rotation":270},"east":{"uv":[7.0,0.0,0.0,7.0],"texture":"#1","rotation":180},"south":{"uv":[15.54,15.54,16.0,16.0],"texture":"#1","rotation":90},"west":{"uv":[0.0,0.0,7.0,7.0],"texture":"#1","rotation":180},"up":{"uv":[15.54,15.54,16.0,16.0],"texture":"#1","rotation":270},"down":{"uv":[15.54,15.54,16.0,16.0],"texture":"#1","rotation":90}},"rotation":{"origin":[8,18.5,8],"axis":"y","angle":-45,"rescale":false}},{"from":[8,15,4.5],"to":[8,22,11.5],"faces":{"north":{"uv":[15.54,15.54,16.0,16.0],"texture":"#1","rotation":270},"east":{"uv":[7.0,0.0,0.0,7.0],"texture":"#1","rotation":180},"south":{"uv":[15.54,15.54,16.0,16.0],"texture":"#1","rotation":90},"west":{"uv":[0.0,0.0,7.0,7.0],"texture":"#1","rotation":180},"up":{"uv":[15.54,15.54,16.0,16.0],"texture":"#1","rotation":270},"down":{"uv":[15.54,15.54,16.0,16.0],"texture":"#1","rotation":90}},"rotation":{"origin":[8,18.5,8],"axis":"y","angle":45,"rescale":false}},{"from":[8.5,17,7.5],"to":[9,21.75,8.25],"faces":{"north":{"uv":[1.26,11.79,1.47,13.79],"texture":"#0"},"east":{"uv":[10.11,5.05,10.42,7.05],"texture":"#0"},"south":{"uv":[2.95,11.79,3.16,13.79],"texture":"#0"},"west":{"uv":[8.42,10.11,8.74,12.11],"texture":"#0"},"up":{"uv":[4.84,15.47,4.63,15.16],"texture":"#0"},"down":{"uv":[15.37,4.63,15.16,4.95],"texture":"#0"}},"rotation":{"origin":[8.75,19.5,8],"axis":"x","angle":-45,"rescale":false}},{"from":[8.5,17,7.75],"to":[9,21.75,8.5],"faces":{"north":{"uv":[0.42,11.79,0.63,13.79],"texture":"#0"},"east":{"uv":[2.53,10.11,2.84,12.11],"texture":"#0"},"south":{"uv":[0.84,11.79,1.05,13.79],"texture":"#0"},"west":{"uv":[10.11,2.95,10.42,4.95],"texture":"#0"},"up":{"uv":[4.42,15.47,4.21,15.16],"texture":"#0"},"down":{"uv":[15.37,4.21,15.16,4.53],"texture":"#0"}},"rotation":{"origin":[8.75,19.5,8],"axis":"x","angle":45,"rescale":false}},{"from":[8.500000000000002,12.900000000000006,6.875],"to":[8.500000000000002,15.149999999999999,9.125],"faces":{"north":{"uv":[0.0,0.0,0.0,0.95],"texture":"#0"},"east":{"uv":[1.68,8.84,2.63,9.79],"texture":"#0"},"south":{"uv":[0.0,0.0,0.0,0.95],"texture":"#0"},"west":{"uv":[8.84,3.37,9.79,4.32],"texture":"#0"},"up":{"uv":[0.0,0.95,0.0,0.0],"texture":"#0"},"down":{"uv":[0.0,0.0,0.0,0.95],"texture":"#0"}},"rotation":{"origin":[8,14.025000000000006,8],"axis":"x","angle":22.5,"rescale":false}},{"from":[8.817499999999995,17.71,7.320000000000001],"to":[9.497499999999997,18.73,8.679999999999998],"faces":{"north":{"uv":[14.74,12.63,15.0,13.05],"texture":"#0"},"east":{"uv":[12.21,13.47,12.79,13.89],"texture":"#0"},"south":{"uv":[14.74,13.05,15.0,13.47],"texture":"#0"},"west":{"uv":[13.47,12.21,14.05,12.63],"texture":"#0"},"up":{"uv":[13.32,14.89,13.05,14.32],"texture":"#0"},"down":{"uv":[13.74,14.32,13.47,14.89],"texture":"#0"}}},{"from":[8.817499999999995,18.73,6.980000000000001],"to":[9.667499999999997,20.43,9.02],"faces":{"north":{"uv":[13.05,11.79,13.42,12.53],"texture":"#0"},"east":{"uv":[10.11,9.68,10.95,10.42],"texture":"#0"},"south":{"uv":[13.05,12.63,13.42,13.37],"texture":"#0"},"west":{"uv":[10.53,0.0,11.37,0.74],"texture":"#0"},"up":{"uv":[12.58,10.11,12.21,9.26],"texture":"#0"},"down":{"uv":[12.58,10.11,12.21,10.95],"texture":"#0"}}},{"from":[9.499999999999991,16.599999999999998,3.2999999999999945],"to":[9.499999999999991,22.599999999999994,7.299999999999997],"faces":{"north":{"uv":[15.54,15.54,16.0,16.0],"texture":"#1"},"east":{"uv":[7.88,0.0,11.88,6.0],"texture":"#1"},"south":{"uv":[15.54,15.54,16.0,16.0],"texture":"#1"},"west":{"uv":[11.88,0.0,7.88,6.0],"texture":"#1"},"up":{"uv":[16.0,16.0,15.54,15.54],"texture":"#1"},"down":{"uv":[16.0,16.0,15.54,15.54],"texture":"#1"}},"rotation":{"origin":[9.899999999999991,19.15,4.300000000000006],"axis":"y","angle":-22.5,"rescale":false}},{"from":[9.5,12.75,1.75],"to":[9.5,18,6.5],"faces":{"north":{"uv":[0.0,0.0,0.0,2.21],"texture":"#0"},"east":{"uv":[6.21,0.0,4.21,2.21],"texture":"#0"},"south":{"uv":[0.0,0.0,0.0,2.21],"texture":"#0"},"west":{"uv":[2.0,4.21,0.0,6.42],"texture":"#0"},"up":{"uv":[0.0,2.0,0.0,0.0],"texture":"#0"},"down":{"uv":[0.0,0.0,0.0,2.0],"texture":"#0"}}}],"display":{"thirdperson_righthand":{"translation":[0,5.75,1.25],"scale":[1.11,1.11,1.11]},"thirdperson_lefthand":{"translation":[0,5.75,1.25],"scale":[1.11,1.11,1.11]},"firstperson_righthand":{"rotation":[-9.5,0,0],"translation":[-1.75,4.25,2],"scale":[0.64,0.64,0.64]},"firstperson_lefthand":{"rotation":[-9.5,0,0],"translation":[-1.75,4.25,2],"scale":[0.64,0.64,0.64]},"ground":{"rotation":[-45,0,0],"translation":[-1.5,3,0],"scale":[0.45,0.45,0.45]},"gui":{"rotation":[86.23,47,-69.31],"translation":[-0.25,0.5,0],"scale":[0.68,0.68,0.68]},"head":{"rotation":[-4.25,0,0],"translation":[0,16.75,0],"scale":[1.9,1.9,1.9]},"fixed":{"rotation":[0,-90,0],"translation":[0,1.25,-1.5],"scale":[1.2,1.2,1.2]}},"gui_light":"front"}