{"credit":"Made with Blockbench","textures":{"0":"pirate_reasure_set:staff_0","1":"pirate_reasure_set:staff_1"},"elements":[{"from":[6,12.549999999999999,6],"to":[10,13.299999999999999,10],"faces":{"north":{"uv":[12.0,4.89,10.22,5.22],"texture":"#0"},"east":{"uv":[10.22,4.89,12.0,5.22],"texture":"#0"},"south":{"uv":[12.0,4.89,10.22,5.22],"texture":"#0"},"west":{"uv":[10.22,4.89,12.0,5.22],"texture":"#0"},"up":{"uv":[1.78,6.22,0.0,4.44],"texture":"#0"},"down":{"uv":[6.22,0.0,4.44,1.78],"texture":"#0"}}},{"from":[6,13.299999999999999,6],"to":[6.65,19.449999999999996,6.65],"faces":{"north":{"uv":[7.39,7.56,7.11,10.28],"texture":"#0"},"east":{"uv":[6.94,7.56,6.67,10.28],"texture":"#0"},"south":{"uv":[6.5,7.56,6.22,10.28],"texture":"#0"},"west":{"uv":[7.83,7.56,7.56,10.28],"texture":"#0"},"up":{"uv":[11.39,14.22,11.11,14.5],"texture":"#0"},"down":{"uv":[14.5,11.39,14.22,11.11],"texture":"#0"}}},{"from":[6,13.299999999999999,9.35],"to":[6.65,19.449999999999996,10],"faces":{"north":{"uv":[6.22,7.56,6.5,10.28],"texture":"#0"},"east":{"uv":[6.67,7.56,6.94,10.28],"texture":"#0"},"south":{"uv":[7.11,7.56,7.39,10.28],"texture":"#0"},"west":{"uv":[7.56,7.56,7.83,10.28],"texture":"#0"},"up":{"uv":[11.39,14.5,11.11,14.22],"texture":"#0"},"down":{"uv":[14.5,11.11,14.22,11.39],"texture":"#0"}}},{"from":[6,19.449999999999996,6],"to":[10,20.199999999999996,10],"faces":{"north":{"uv":[12.0,5.22,10.22,4.89],"texture":"#0"},"east":{"uv":[10.22,5.22,12.0,4.89],"texture":"#0"},"south":{"uv":[12.0,5.22,10.22,4.89],"texture":"#0"},"west":{"uv":[10.22,5.22,12.0,4.89],"texture":"#0"},"up":{"uv":[6.22,1.78,4.44,0.0],"texture":"#0"},"down":{"uv":[1.78,4.44,0.0,6.22],"texture":"#0"}}},{"from":[6.332500000000003,16.73,6.980000000000001],"to":[7.1825000000000045,18.43,9.02],"faces":{"north":{"uv":[11.56,12.44,11.94,13.22],"texture":"#0"},"east":{"uv":[8.89,6.67,9.78,7.44],"texture":"#0"},"south":{"uv":[12.44,11.56,12.83,12.33],"texture":"#0"},"west":{"uv":[8.89,7.56,9.78,8.33],"texture":"#0"},"up":{"uv":[6.61,6.22,6.22,5.33],"texture":"#0"},"down":{"uv":[2.61,9.78,2.22,10.67],"texture":"#0"}}},{"from":[6.502500000000003,15.71,7.320000000000001],"to":[7.1825000000000045,16.73,8.679999999999998],"faces":{"north":{"uv":[14.22,3.11,14.5,3.56],"texture":"#0"},"east":{"uv":[13.33,1.33,13.94,1.78],"texture":"#0"},"south":{"uv":[4.0,14.22,4.28,14.67],"texture":"#0"},"west":{"uv":[2.67,13.33,3.28,13.78],"texture":"#0"},"up":{"uv":[14.06,11.72,13.78,11.11],"texture":"#0"},"down":{"uv":[11.83,13.78,11.56,14.39],"texture":"#0"}}},{"from":[6.700000000000003,15.699999999999998,9.39999999999999],"to":[6.700000000000003,21.699999999999996,13.39999999999999],"faces":{"north":{"uv":[15.54,15.54,16.0,16.0],"texture":"#1"},"east":{"uv":[4.0,9.62,0.0,15.62],"texture":"#1"},"south":{"uv":[15.54,15.54,16.0,16.0],"texture":"#1"},"west":{"uv":[0.0,9.62,4.0,15.62],"texture":"#1"},"up":{"uv":[15.54,15.54,16.0,16.0],"texture":"#1"},"down":{"uv":[15.54,15.54,16.0,16.0],"texture":"#1"}},"rotation":{"origin":[7.100000000000004,19.15,10.399999999999999],"axis":"y","angle":-22.5,"rescale":false}},{"from":[7,7,7],"to":[9,9.75,9],"faces":{"north":{"uv":[0.44,6.22,1.33,7.44],"texture":"#0"},"east":{"uv":[1.33,6.22,2.22,7.44],"texture":"#0"},"south":{"uv":[2.22,6.22,3.11,7.44],"texture":"#0"},"west":{"uv":[6.22,2.67,7.11,3.89],"texture":"#0"},"up":{"uv":[8.0,3.56,7.11,2.67],"texture":"#0"},"down":{"uv":[8.44,3.56,7.56,4.44],"texture":"#0"}}},{"from":[7,15,7.5],"to":[7.5,19.75,8.25],"faces":{"north":{"uv":[10.22,10.67,10.44,12.78],"texture":"#0"},"east":{"uv":[0.0,8.89,0.33,11.0],"texture":"#0"},"south":{"uv":[0.0,11.11,0.22,13.22],"texture":"#0"},"west":{"uv":[8.89,0.0,9.22,2.11],"texture":"#0"},"up":{"uv":[14.89,0.33,14.67,0.0],"texture":"#0"},"down":{"uv":[0.67,14.67,0.44,15.0],"texture":"#0"}},"rotation":{"origin":[7.25,17.5,8],"axis":"x","angle":-45,"rescale":false}},{"from":[7,15,7.75],"to":[7.5,19.75,8.5],"faces":{"north":{"uv":[9.78,10.67,10.0,12.78],"texture":"#0"},"east":{"uv":[8.44,6.22,8.78,8.33],"texture":"#0"},"south":{"uv":[10.67,9.78,10.89,11.89],"texture":"#0"},"west":{"uv":[8.44,8.44,8.78,10.56],"texture":"#0"},"up":{"uv":[14.44,14.11,14.22,13.78],"texture":"#0"},"down":{"uv":[14.44,14.22,14.22,14.56],"texture":"#0"}},"rotation":{"origin":[7.25,17.5,8],"axis":"x","angle":45,"rescale":false}},{"from":[7.156000000000001,-3.6812070261911884,7.155999999999999],"to":[8.844000000000001,-3.153207026191188,8.844000000000001],"faces":{"north":{"uv":[9.78,13.78,10.56,14.0],"texture":"#0"},"east":{"uv":[13.78,9.78,14.56,10.0],"texture":"#0"},"south":{"uv":[13.78,10.22,14.56,10.44],"texture":"#0"},"west":{"uv":[13.78,10.67,14.56,10.89],"texture":"#0"},"up":{"uv":[11.0,2.56,10.22,1.78],"texture":"#0"},"down":{"uv":[11.0,2.67,10.22,3.44],"texture":"#0"}}},{"from":[7.156000000000001,-1.846792973808812,7.155999999999999],"to":[8.844000000000001,-1.3187929738088116,8.844000000000001],"faces":{"north":{"uv":[13.78,8.44,14.56,8.67],"texture":"#0"},"east":{"uv":[8.89,13.78,9.67,14.0],"texture":"#0"},"south":{"uv":[13.78,8.89,14.56,9.11],"texture":"#0"},"west":{"uv":[13.78,9.33,14.56,9.56],"texture":"#0"},"up":{"uv":[11.0,0.78,10.22,0.0],"texture":"#0"},"down":{"uv":[11.0,0.89,10.22,1.67],"texture":"#0"}}},{"from":[7.156000000000001,3.3187929738088116,7.156],"to":[8.844000000000001,3.846792973808812,8.844000000000001],"faces":{"north":{"uv":[13.78,4.44,14.56,4.67],"texture":"#0"},"east":{"uv":[13.78,4.89,14.56,5.11],"texture":"#0"},"south":{"uv":[13.78,5.33,14.56,5.56],"texture":"#0"},"west":{"uv":[13.78,5.78,14.56,6.0],"texture":"#0"},"up":{"uv":[10.56,7.89,9.78,7.11],"texture":"#0"},"down":{"uv":[10.56,8.0,9.78,8.78],"texture":"#0"}}},{"from":[7.156000000000001,5.153207026191188,7.156],"to":[8.844000000000001,5.6812070261911884,8.844000000000001],"faces":{"north":{"uv":[13.78,6.22,14.56,6.44],"texture":"#0"},"east":{"uv":[13.78,6.67,14.56,6.89],"texture":"#0"},"south":{"uv":[13.78,7.11,14.56,7.33],"texture":"#0"},"west":{"uv":[13.78,7.56,14.56,7.78],"texture":"#0"},"up":{"uv":[10.56,9.67,9.78,8.89],"texture":"#0"},"down":{"uv":[10.56,9.78,9.78,10.56],"texture":"#0"}}},{"from":[7.156000000000001,14.818792973808812,7.156000000000001],"to":[8.844000000000001,15.34679297380881,8.844000000000001],"faces":{"north":{"uv":[2.22,13.78,3.0,14.0],"texture":"#0"},"east":{"uv":[13.78,2.22,14.56,2.44],"texture":"#0"},"south":{"uv":[13.78,3.56,14.56,3.78],"texture":"#0"},"west":{"uv":[13.78,4.0,14.56,4.22],"texture":"#0"},"up":{"uv":[9.67,10.11,8.89,9.33],"texture":"#0"},"down":{"uv":[1.22,9.78,0.44,10.56],"texture":"#0"}}},{"from":[7.156000000000001,16.74679294710593,7.156000000000001],"to":[8.844000000000001,18.42479294710593,8.844000000000001],"faces":{"north":{"uv":[8.89,10.22,9.67,10.94],"texture":"#0"},"east":{"uv":[2.22,10.67,3.0,11.39],"texture":"#0"},"south":{"uv":[10.67,6.22,11.44,6.94],"texture":"#0"},"west":{"uv":[7.11,10.67,7.89,11.39],"texture":"#0"},"up":{"uv":[2.11,10.56,1.33,9.78],"texture":"#0"},"down":{"uv":[10.56,6.22,9.78,7.0],"texture":"#0"}}},{"from":[7.200000000000003,13.099999999999998,2.600000000000013],"to":[7.200000000000003,19.099999999999994,6.600000000000012],"faces":{"north":{"uv":[16.0,15.54,15.54,16.0],"texture":"#1"},"east":{"uv":[0.0,9.62,4.0,15.62],"texture":"#1"},"south":{"uv":[16.0,15.54,15.54,16.0],"texture":"#1"},"west":{"uv":[4.0,9.62,0.0,15.62],"texture":"#1"},"up":{"uv":[15.54,16.0,16.0,15.54],"texture":"#1"},"down":{"uv":[15.54,16.0,16.0,15.54],"texture":"#1"}},"rotation":{"origin":[7.600000000000005,16.549999999999997,5.600000000000003],"axis":"y","angle":22.5,"rescale":false}},{"from":[7.25,16.5,6.300000000000001],"to":[8.75,17.5,7.35],"faces":{"north":{"uv":[12.89,3.56,13.56,4.0],"texture":"#0"},"east":{"uv":[12.0,13.33,12.44,13.78],"texture":"#0"},"south":{"uv":[12.89,4.0,13.56,4.44],"texture":"#0"},"west":{"uv":[13.33,12.0,13.78,12.44],"texture":"#0"},"up":{"uv":[13.56,4.89,12.89,4.44],"texture":"#0"},"down":{"uv":[13.56,4.89,12.89,5.33],"texture":"#0"}}},{"from":[7.25,16.5,8.65],"to":[8.75,17.5,9.7],"faces":{"north":{"uv":[12.89,0.0,13.56,0.44],"texture":"#0"},"east":{"uv":[11.56,13.33,12.0,13.78],"texture":"#0"},"south":{"uv":[12.89,0.44,13.56,0.89],"texture":"#0"},"west":{"uv":[13.33,11.56,13.78,12.0],"texture":"#0"},"up":{"uv":[13.56,2.22,12.89,1.78],"texture":"#0"},"down":{"uv":[13.56,2.22,12.89,2.67],"texture":"#0"}}},{"from":[7.3100000000000005,-3.1899999999999995,7.3100000000000005],"to":[8.69,-1.8100000000000005,8.69],"faces":{"north":{"uv":[11.56,8.0,12.17,8.61],"texture":"#0"},"east":{"uv":[11.56,8.89,12.17,9.5],"texture":"#0"},"south":{"uv":[11.56,9.78,12.17,10.39],"texture":"#0"},"west":{"uv":[11.56,10.67,12.17,11.28],"texture":"#0"},"up":{"uv":[12.17,12.17,11.56,11.56],"texture":"#0"},"down":{"uv":[12.61,0.0,12.0,0.61],"texture":"#0"}}},{"from":[7.3100000000000005,3.81,7.3100000000000005],"to":[8.69,5.1899999999999995,8.69],"faces":{"north":{"uv":[2.22,11.56,2.83,12.17],"texture":"#0"},"east":{"uv":[11.56,2.67,12.17,3.28],"texture":"#0"},"south":{"uv":[11.56,6.22,12.17,6.83],"texture":"#0"},"west":{"uv":[7.11,11.56,7.72,12.17],"texture":"#0"},"up":{"uv":[12.17,7.72,11.56,7.11],"texture":"#0"},"down":{"uv":[8.61,11.56,8.0,12.17],"texture":"#0"}}},{"from":[7.406000000000001,-3.1812070261911884,7.405999999999999],"to":[8.594000000000001,-1.7532070261911876,8.594000000000001],"faces":{"north":{"uv":[3.56,12.44,4.11,13.06],"texture":"#0"},"east":{"uv":[4.44,12.44,5.0,13.06],"texture":"#0"},"south":{"uv":[5.33,12.44,5.89,13.06],"texture":"#0"},"west":{"uv":[6.22,12.44,6.78,13.06],"texture":"#0"},"up":{"uv":[11.22,13.0,10.67,12.44],"texture":"#0"},"down":{"uv":[13.0,10.67,12.44,11.22],"texture":"#0"}}},{"from":[7.406000000000001,3.8187929738088116,7.406],"to":[8.594000000000001,5.246792973808812,8.594000000000001],"faces":{"north":{"uv":[12.44,0.89,13.0,1.5],"texture":"#0"},"east":{"uv":[1.78,12.44,2.33,13.06],"texture":"#0"},"south":{"uv":[2.67,12.44,3.22,13.06],"texture":"#0"},"west":{"uv":[12.44,2.67,13.0,3.28],"texture":"#0"},"up":{"uv":[13.0,9.44,12.44,8.89],"texture":"#0"},"down":{"uv":[13.0,9.78,12.44,10.33],"texture":"#0"}}},{"from":[7.406000000000001,15.318792973808812,7.406000000000001],"to":[8.594000000000001,16.746792973808812,8.594000000000001],"faces":{"north":{"uv":[12.0,1.78,12.56,2.39],"texture":"#0"},"east":{"uv":[12.0,3.56,12.56,4.17],"texture":"#0"},"south":{"uv":[12.0,4.44,12.56,5.06],"texture":"#0"},"west":{"uv":[12.0,5.33,12.56,5.94],"texture":"#0"},"up":{"uv":[13.0,8.56,12.44,8.0],"texture":"#0"},"down":{"uv":[9.44,12.44,8.89,13.0],"texture":"#0"}}},{"from":[7.424799999999999,-0.5472070261911879,7.424799999999999],"to":[8.575199999999999,2.4187929738088116,8.575199999999999],"faces":{"north":{"uv":[9.33,0.89,9.83,2.22],"texture":"#0"},"east":{"uv":[9.33,2.22,9.83,3.56],"texture":"#0"},"south":{"uv":[9.33,3.56,9.83,4.89],"texture":"#0"},"west":{"uv":[9.33,4.89,9.83,6.22],"texture":"#0"},"up":{"uv":[4.06,13.83,3.56,13.33],"texture":"#0"},"down":{"uv":[4.94,13.33,4.44,13.83],"texture":"#0"}}},{"from":[7.449999999999999,14.40385821488439,10.379898971909846],"to":[8.55,15.453858214884391,10.979898971909844],"faces":{"north":{"uv":[8.0,13.33,8.5,13.78],"texture":"#0"},"east":{"uv":[8.0,14.22,8.28,14.67],"texture":"#0"},"south":{"uv":[8.89,13.33,9.39,13.78],"texture":"#0"},"west":{"uv":[14.22,8.0,14.5,8.44],"texture":"#0"},"up":{"uv":[14.72,2.94,14.22,2.67],"texture":"#0"},"down":{"uv":[3.61,14.22,3.11,14.5],"texture":"#0"}},"rotation":{"origin":[8,16.77885821488439,10.804898971909846],"axis":"x","angle":45,"rescale":false}},{"from":[7.475,13.599999999999994,6.324999999999999],"to":[8.525,15.899999999999995,7.175000000000001],"faces":{"north":{"uv":[3.56,11.11,4.0,12.11],"texture":"#0"},"east":{"uv":[11.11,9.78,11.5,10.78],"texture":"#0"},"south":{"uv":[4.0,11.11,4.44,12.11],"texture":"#0"},"west":{"uv":[11.11,11.11,11.5,12.11],"texture":"#0"},"up":{"uv":[3.56,14.17,3.11,13.78],"texture":"#0"},"down":{"uv":[8.44,13.78,8.0,14.17],"texture":"#0"}}},{"from":[7.475,13.599999999999994,8.825],"to":[8.525,15.899999999999995,9.675],"faces":{"north":{"uv":[4.44,11.11,4.89,12.11],"texture":"#0"},"east":{"uv":[11.56,0.0,11.94,1.0],"texture":"#0"},"south":{"uv":[4.89,11.11,5.33,12.11],"texture":"#0"},"west":{"uv":[11.56,1.33,11.94,2.33],"texture":"#0"},"up":{"uv":[14.22,8.39,13.78,8.0],"texture":"#0"},"down":{"uv":[8.89,13.78,8.44,14.17],"texture":"#0"}}},{"from":[7.499999999999998,10.000000000000005,6.875],"to":[7.499999999999998,12.249999999999998,9.125],"faces":{"north":{"uv":[0.0,0.0,0.0,1.0],"texture":"#0"},"east":{"uv":[6.67,0.0,7.67,1.0],"texture":"#0"},"south":{"uv":[0.0,0.0,0.0,1.0],"texture":"#0"},"west":{"uv":[6.67,1.33,7.67,2.33],"texture":"#0"},"up":{"uv":[0.0,1.0,0.0,0.0],"texture":"#0"},"down":{"uv":[0.0,0.0,0.0,1.0],"texture":"#0"}},"rotation":{"origin":[8,11.125000000000005,8],"axis":"x","angle":22.5,"rescale":false}},{"from":[7.500000000000005,16.599999999999998,7.800000000000006],"to":[7.500000000000005,22.599999999999994,11.800000000000006],"faces":{"north":{"uv":[15.54,15.54,16.0,16.0],"texture":"#1"},"east":{"uv":[11.88,0.0,7.88,6.0],"texture":"#1"},"south":{"uv":[15.54,15.54,16.0,16.0],"texture":"#1"},"west":{"uv":[7.88,0.0,11.88,6.0],"texture":"#1"},"up":{"uv":[15.54,15.54,16.0,16.0],"texture":"#1"},"down":{"uv":[15.54,15.54,16.0,16.0],"texture":"#1"}},"rotation":{"origin":[7.100000000000004,19.15,10.799999999999997],"axis":"y","angle":-22.5,"rescale":false}},{"from":[7.5248,-6.647207026191188,7.524800000000001],"to":[8.4752,-2.281207026191188,8.4752],"faces":{"north":{"uv":[0.89,7.56,1.33,9.5],"texture":"#0"},"east":{"uv":[1.33,7.56,1.78,9.5],"texture":"#0"},"south":{"uv":[1.78,7.56,2.22,9.5],"texture":"#0"},"west":{"uv":[2.22,7.56,2.67,9.5],"texture":"#0"},"up":{"uv":[7.56,4.0,7.11,3.56],"texture":"#0"},"down":{"uv":[8.44,3.11,8.0,3.56],"texture":"#0"}}},{"from":[7.5248,-6.647207026191188,8.475199994850158],"to":[8.4752,-5.647207026191188,9.175599994850158],"faces":{"north":{"uv":[9.33,6.22,9.78,6.67],"texture":"#0"},"east":{"uv":[1.78,14.22,2.11,14.67],"texture":"#0"},"south":{"uv":[10.67,12.0,11.11,12.44],"texture":"#0"},"west":{"uv":[14.22,1.78,14.56,2.22],"texture":"#0"},"up":{"uv":[2.67,14.56,2.22,14.22],"texture":"#0"},"down":{"uv":[3.11,14.22,2.67,14.56],"texture":"#0"}}},{"from":[7.5248,-1.3812070295290475,7.5248],"to":[8.4752,3.334792970470952,8.4752],"faces":{"north":{"uv":[3.11,6.22,3.56,8.33],"texture":"#0"},"east":{"uv":[6.67,5.33,7.11,7.44],"texture":"#0"},"south":{"uv":[7.11,5.33,7.56,7.44],"texture":"#0"},"west":{"uv":[0.44,7.56,0.89,9.67],"texture":"#0"},"up":{"uv":[13.78,13.78,13.33,13.33],"texture":"#0"},"down":{"uv":[0.44,13.78,0.0,14.22],"texture":"#0"}}},{"from":[7.5248,5.602792973808812,7.5248],"to":[8.4752,14.818792973808812,8.4752],"faces":{"north":{"uv":[3.56,4.44,4.0,8.56],"texture":"#0"},"east":{"uv":[4.44,3.56,4.89,7.67],"texture":"#0"},"south":{"uv":[4.0,4.44,4.44,8.56],"texture":"#0"},"west":{"uv":[4.89,3.56,5.33,7.67],"texture":"#0"},"up":{"uv":[12.89,13.78,12.44,13.33],"texture":"#0"},"down":{"uv":[13.33,13.33,12.89,13.78],"texture":"#0"}}},{"from":[7.525,16.250000000000004,5.125],"to":[8.475,16.450000000000003,10.875],"faces":{"north":{"uv":[1.78,14.67,2.22,14.78],"texture":"#0"},"east":{"uv":[12.89,12.44,15.44,12.56],"texture":"#0"},"south":{"uv":[14.67,1.78,15.11,1.89],"texture":"#0"},"west":{"uv":[12.89,12.89,15.44,13.0],"texture":"#0"},"up":{"uv":[5.78,6.11,5.33,3.56],"texture":"#0"},"down":{"uv":[6.22,3.56,5.78,6.11],"texture":"#0"}}},{"from":[7.525,17.500000000000004,5.125],"to":[8.475,17.700000000000003,10.875],"faces":{"north":{"uv":[2.22,14.67,2.67,14.78],"texture":"#0"},"east":{"uv":[0.0,13.33,2.56,13.44],"texture":"#0"},"south":{"uv":[14.67,2.22,15.11,2.33],"texture":"#0"},"west":{"uv":[13.33,0.89,15.89,1.0],"texture":"#0"},"up":{"uv":[0.44,8.78,0.0,6.22],"texture":"#0"},"down":{"uv":[6.67,0.0,6.22,2.56],"texture":"#0"}}},{"from":[7.5498,-7.993261227778698,8.468346880744386],"to":[8.450199999999999,-5.7928612277786975,9.443346880744386],"faces":{"north":{"uv":[5.33,11.11,5.72,12.11],"texture":"#0"},"east":{"uv":[1.78,11.11,2.22,12.11],"texture":"#0"},"south":{"uv":[5.78,11.11,6.17,12.11],"texture":"#0"},"west":{"uv":[11.11,2.22,11.56,3.22],"texture":"#0"},"up":{"uv":[2.17,14.22,1.78,13.78],"texture":"#0"},"down":{"uv":[14.17,1.78,13.78,2.22],"texture":"#0"}},"rotation":{"origin":[8,-6.393061227778697,8.943346880744386],"axis":"x","angle":-22.5,"rescale":false}},{"from":[7.5748,-9.451163689863456,8.839697818454281],"to":[8.425199999999998,-7.150763689863457,9.739697818454282],"faces":{"north":{"uv":[6.22,11.11,6.61,12.11],"texture":"#0"},"east":{"uv":[6.67,11.11,7.06,12.11],"texture":"#0"},"south":{"uv":[8.89,11.11,9.28,12.11],"texture":"#0"},"west":{"uv":[9.33,11.11,9.72,12.11],"texture":"#0"},"up":{"uv":[14.17,12.39,13.78,12.0],"texture":"#0"},"down":{"uv":[14.61,0.0,14.22,0.39],"texture":"#0"}},"rotation":{"origin":[8,-7.750963689863456,9.239697818454282],"axis":"x","angle":45,"rescale":false}},{"from":[7.574800011920929,-8.392385016597972,7.383580081846313],"to":[8.425200011920928,-7.792385016597972,8.283980081846313],"faces":{"north":{"uv":[8.44,14.22,8.83,14.5],"texture":"#0"},"east":{"uv":[8.89,14.22,9.28,14.5],"texture":"#0"},"south":{"uv":[9.33,14.22,9.72,14.5],"texture":"#0"},"west":{"uv":[9.78,14.22,10.17,14.5],"texture":"#0"},"up":{"uv":[14.61,0.83,14.22,0.44],"texture":"#0"},"down":{"uv":[14.61,1.33,14.22,1.72],"texture":"#0"}},"rotation":{"origin":[8.050000011920929,-7.892385016597972,7.683780081846314],"axis":"x","angle":45,"rescale":false}},{"from":[7.6,14.399999999999999,5.600000000000001],"to":[8.4,15.499999999999996,7.0500000000000025],"faces":{"north":{"uv":[13.78,13.33,14.11,13.83],"texture":"#0"},"east":{"uv":[12.44,7.11,13.11,7.61],"texture":"#0"},"south":{"uv":[0.0,14.22,0.33,14.72],"texture":"#0"},"west":{"uv":[8.0,12.44,8.67,12.94],"texture":"#0"},"up":{"uv":[13.67,11.33,13.33,10.67],"texture":"#0"},"down":{"uv":[11.44,13.33,11.11,14.0],"texture":"#0"}},"rotation":{"origin":[8,14.999999999999996,6.0500000000000025],"axis":"x","angle":45,"rescale":false}},{"from":[7.6,14.399999999999999,8.949999999999998],"to":[8.4,15.499999999999996,10.399999999999999],"faces":{"north":{"uv":[12.89,13.78,13.22,14.28],"texture":"#0"},"east":{"uv":[12.44,6.22,13.11,6.72],"texture":"#0"},"south":{"uv":[13.33,13.78,13.67,14.28],"texture":"#0"},"west":{"uv":[7.11,12.44,7.78,12.94],"texture":"#0"},"up":{"uv":[13.67,10.44,13.33,9.78],"texture":"#0"},"down":{"uv":[11.0,13.33,10.67,14.0],"texture":"#0"}},"rotation":{"origin":[8,14.999999999999996,9.949999999999998],"axis":"x","angle":-45,"rescale":false}},{"from":[7.625,15.950000000000003,5.250000000000002],"to":[8.375,17.950000000000003,6.500000000000002],"faces":{"north":{"uv":[12.89,5.33,13.22,6.22],"texture":"#0"},"east":{"uv":[10.67,7.11,11.22,8.0],"texture":"#0"},"south":{"uv":[9.78,12.89,10.11,13.78],"texture":"#0"},"west":{"uv":[8.0,10.67,8.56,11.56],"texture":"#0"},"up":{"uv":[14.11,0.56,13.78,0.0],"texture":"#0"},"down":{"uv":[0.78,13.78,0.44,14.33],"texture":"#0"}}},{"from":[7.625,15.950000000000003,9.499999999999998],"to":[8.375,17.950000000000003,10.749999999999998],"faces":{"north":{"uv":[10.22,12.89,10.56,13.78],"texture":"#0"},"east":{"uv":[10.67,8.0,11.22,8.89],"texture":"#0"},"south":{"uv":[12.89,11.56,13.22,12.44],"texture":"#0"},"west":{"uv":[10.67,8.89,11.22,9.78],"texture":"#0"},"up":{"uv":[1.22,14.33,0.89,13.78],"texture":"#0"},"down":{"uv":[1.67,13.78,1.33,14.33],"texture":"#0"}}},{"from":[7.875,15.521823817983691,1.4029814865249666],"to":[8.125,20.52182381798369,6.402981486524968],"faces":{"north":{"uv":[6.67,13.33,6.78,15.56],"texture":"#0"},"east":{"uv":[2.22,0.0,4.44,2.22],"texture":"#0"},"south":{"uv":[7.11,13.33,7.22,15.56],"texture":"#0"},"west":{"uv":[2.22,2.22,4.44,4.44],"texture":"#0"},"up":{"uv":[7.67,15.56,7.56,13.33],"texture":"#0"},"down":{"uv":[13.44,7.56,13.33,9.78],"texture":"#0"}},"rotation":{"origin":[8,18.02182381798369,3.9029814865249683],"axis":"x","angle":22.5,"rescale":false}},{"from":[7.875,15.521823817983691,9.597018513475032],"to":[8.125,20.52182381798369,14.597018513475033],"faces":{"north":{"uv":[5.33,13.33,5.44,15.56],"texture":"#0"},"east":{"uv":[0.0,0.0,2.22,2.22],"texture":"#0"},"south":{"uv":[13.33,5.33,13.44,7.56],"texture":"#0"},"west":{"uv":[0.0,2.22,2.22,4.44],"texture":"#0"},"up":{"uv":[5.89,15.56,5.78,13.33],"texture":"#0"},"down":{"uv":[6.33,13.33,6.22,15.56],"texture":"#0"}},"rotation":{"origin":[8,18.02182381798369,12.097018513475032],"axis":"x","angle":-22.5,"rescale":false}},{"from":[8,13,4.5],"to":[8,20,11.5],"faces":{"north":{"uv":[15.54,15.54,16.0,16.0],"texture":"#1","rotation":270},"east":{"uv":[7.0,0.0,0.0,7.0],"texture":"#1","rotation":180},"south":{"uv":[15.54,15.54,16.0,16.0],"texture":"#1","rotation":90},"west":{"uv":[0.0,0.0,7.0,7.0],"texture":"#1","rotation":180},"up":{"uv":[15.54,15.54,16.0,16.0],"texture":"#1","rotation":270},"down":{"uv":[15.54,15.54,16.0,16.0],"texture":"#1","rotation":90}},"rotation":{"origin":[8,16.5,8],"axis":"y","angle":-45,"rescale":false}},{"from":[8,13,4.5],"to":[8,20,11.5],"faces":{"north":{"uv":[15.54,15.54,16.0,16.0],"texture":"#1","rotation":270},"east":{"uv":[7.0,0.0,0.0,7.0],"texture":"#1","rotation":180},"south":{"uv":[15.54,15.54,16.0,16.0],"texture":"#1","rotation":90},"west":{"uv":[0.0,0.0,7.0,7.0],"texture":"#1","rotation":180},"up":{"uv":[15.54,15.54,16.0,16.0],"texture":"#1","rotation":270},"down":{"uv":[15.54,15.54,16.0,16.0],"texture":"#1","rotation":90}},"rotation":{"origin":[8,16.5,8],"axis":"y","angle":45,"rescale":false}},{"from":[8.5,15,7.5],"to":[9,19.75,8.25],"faces":{"north":{"uv":[0.89,11.11,1.11,13.22],"texture":"#0"},"east":{"uv":[4.0,8.89,4.33,11.0],"texture":"#0"},"south":{"uv":[1.33,11.11,1.56,13.22],"texture":"#0"},"west":{"uv":[8.89,4.44,9.22,6.56],"texture":"#0"},"up":{"uv":[1.56,15.0,1.33,14.67],"texture":"#0"},"down":{"uv":[14.89,1.33,14.67,1.67],"texture":"#0"}},"rotation":{"origin":[8.75,17.5,8],"axis":"x","angle":-45,"rescale":false}},{"from":[8.5,15,7.75],"to":[9,19.75,8.5],"faces":{"north":{"uv":[11.11,0.0,11.33,2.11],"texture":"#0"},"east":{"uv":[8.89,2.22,9.22,4.33],"texture":"#0"},"south":{"uv":[0.44,11.11,0.67,13.22],"texture":"#0"},"west":{"uv":[3.56,8.89,3.89,11.0],"texture":"#0"},"up":{"uv":[14.89,0.78,14.67,0.44],"texture":"#0"},"down":{"uv":[1.11,14.67,0.89,15.0],"texture":"#0"}},"rotation":{"origin":[8.75,17.5,8],"axis":"x","angle":45,"rescale":false}},{"from":[8.500000000000002,10.000000000000005,6.875],"to":[8.500000000000002,12.249999999999998,9.125],"faces":{"north":{"uv":[0.0,0.0,0.0,1.0],"texture":"#0"},"east":{"uv":[6.22,4.0,7.22,5.0],"texture":"#0"},"south":{"uv":[0.0,0.0,0.0,1.0],"texture":"#0"},"west":{"uv":[5.33,6.22,6.33,7.22],"texture":"#0"},"up":{"uv":[0.0,1.0,0.0,0.0],"texture":"#0"},"down":{"uv":[0.0,0.0,0.0,1.0],"texture":"#0"}},"rotation":{"origin":[8,11.125000000000005,8],"axis":"x","angle":22.5,"rescale":false}},{"from":[8.817499999999995,15.71,7.320000000000001],"to":[9.497499999999997,16.73,8.679999999999998],"faces":{"north":{"uv":[4.44,14.22,4.72,14.67],"texture":"#0"},"east":{"uv":[13.33,2.67,13.94,3.11],"texture":"#0"},"south":{"uv":[4.89,14.22,5.17,14.67],"texture":"#0"},"west":{"uv":[13.33,3.11,13.94,3.56],"texture":"#0"},"up":{"uv":[12.28,14.39,12.0,13.78],"texture":"#0"},"down":{"uv":[12.72,13.78,12.44,14.39],"texture":"#0"}}},{"from":[8.817499999999995,16.73,6.980000000000001],"to":[9.667499999999997,18.43,9.02],"faces":{"north":{"uv":[12.0,12.44,12.39,13.22],"texture":"#0"},"east":{"uv":[8.89,8.44,9.78,9.22],"texture":"#0"},"south":{"uv":[12.44,12.44,12.83,13.22],"texture":"#0"},"west":{"uv":[9.33,0.0,10.22,0.78],"texture":"#0"},"up":{"uv":[3.5,12.44,3.11,11.56],"texture":"#0"},"down":{"uv":[12.39,0.89,12.0,1.78],"texture":"#0"}}},{"from":[9.35,13.299999999999999,6],"to":[10,19.449999999999996,6.65],"faces":{"north":{"uv":[7.11,7.56,7.39,10.28],"texture":"#0"},"east":{"uv":[7.56,7.56,7.83,10.28],"texture":"#0"},"south":{"uv":[6.22,7.56,6.5,10.28],"texture":"#0"},"west":{"uv":[6.67,7.56,6.94,10.28],"texture":"#0"},"up":{"uv":[11.11,14.22,11.39,14.5],"texture":"#0"},"down":{"uv":[14.22,11.39,14.5,11.11],"texture":"#0"}}},{"from":[9.35,13.299999999999999,9.35],"to":[10,19.449999999999996,10],"faces":{"north":{"uv":[6.5,7.56,6.22,10.28],"texture":"#0"},"east":{"uv":[7.83,7.56,7.56,10.28],"texture":"#0"},"south":{"uv":[7.39,7.56,7.11,10.28],"texture":"#0"},"west":{"uv":[6.94,7.56,6.67,10.28],"texture":"#0"},"up":{"uv":[11.11,14.5,11.39,14.22],"texture":"#0"},"down":{"uv":[14.22,11.11,14.5,11.39],"texture":"#0"}}},{"from":[9.499999999999991,14.599999999999998,3.2999999999999945],"to":[9.499999999999991,20.599999999999994,7.299999999999997],"faces":{"north":{"uv":[15.54,15.54,16.0,16.0],"texture":"#1"},"east":{"uv":[7.88,0.0,11.88,6.0],"texture":"#1"},"south":{"uv":[15.54,15.54,16.0,16.0],"texture":"#1"},"west":{"uv":[11.88,0.0,7.88,6.0],"texture":"#1"},"up":{"uv":[16.0,16.0,15.54,15.54],"texture":"#1"},"down":{"uv":[16.0,16.0,15.54,15.54],"texture":"#1"}},"rotation":{"origin":[9.899999999999991,17.15,4.300000000000006],"axis":"y","angle":-22.5,"rescale":false}}],"display":{"thirdperson_righthand":{"translation":[0,5.75,1.25],"scale":[1.11,1.11,1.11]},"thirdperson_lefthand":{"translation":[0,5.75,1.25],"scale":[1.11,1.11,1.11]},"firstperson_righthand":{"rotation":[-9.5,0,0],"translation":[-1.75,4.75,2],"scale":[0.64,0.64,0.64]},"firstperson_lefthand":{"rotation":[-9.5,0,0],"translation":[-1.75,4.75,2],"scale":[0.64,0.64,0.64]},"ground":{"rotation":[-45,0,0],"translation":[-1.5,3,0],"scale":[0.45,0.45,0.45]},"gui":{"rotation":[86.23,47,-69.31],"translation":[0,0.5,0],"scale":[0.68,0.68,0.68]},"head":{"rotation":[-4.25,0,0],"translation":[0,16.75,0],"scale":[1.9,1.9,1.9]},"fixed":{"rotation":[0,-90,0],"translation":[0,0.75,-1.5],"scale":[1.2,1.2,1.2]}},"gui_light":"front"}