{"credit":"Made with Blockbench","textures":{"0":"pirate_reasure_set:wing_self_0","1":"pirate_reasure_set:wing_self_1"},"elements":[{"from":[-8.94,-16,10.5025],"to":[8.77,-3.74,10.5025],"rotation":{"angle":0,"axis":"y","origin":[1.84,-17.6,1.84]},"faces":{"north":{"uv":[0,0,8.76,6.48],"texture":"#0"},"east":{"uv":[0,0,0,6.48],"texture":"#0"},"south":{"uv":[8.76,0,0,6.48],"texture":"#0"},"west":{"uv":[0,0,0,6.48],"texture":"#0"},"up":{"uv":[8.76,0,0,0],"texture":"#0"},"down":{"uv":[8.76,0,0,0],"texture":"#0"}}},{"from":[0.36358,-8.591,9.55539],"to":[3.44358,-3.971,9.55539],"rotation":{"angle":-22.5,"axis":"y","origin":[4.57178,-6.9355,9.617]},"faces":{"north":{"uv":[0,9.62,4,15.62],"texture":"#1"},"east":{"uv":[15.54,15.54,16,16],"texture":"#1"},"south":{"uv":[4,9.62,0,15.62],"texture":"#1"},"west":{"uv":[15.54,15.54,16,16],"texture":"#1"},"up":{"uv":[15.54,15.54,16,16],"rotation":90,"texture":"#1"},"down":{"uv":[15.54,15.54,16,16],"rotation":270,"texture":"#1"}}},{"from":[1.61902,-7.898,10.28925],"to":[4.69902,-3.278,10.28925],"rotation":{"angle":-22.5,"axis":"y","origin":[4.57178,-6.9355,9.617]},"faces":{"north":{"uv":[7.88,0,11.88,6],"texture":"#1"},"east":{"uv":[15.54,15.54,16,16],"texture":"#1"},"south":{"uv":[11.88,0,7.88,6],"texture":"#1"},"west":{"uv":[15.54,15.54,16,16],"texture":"#1"},"up":{"uv":[15.54,15.54,16,16],"rotation":90,"texture":"#1"},"down":{"uv":[15.54,15.54,16,16],"rotation":270,"texture":"#1"}}},{"from":[3.05858,-9.823,10.83361],"to":[6.13858,-5.203,10.83361],"rotation":{"angle":22.5,"axis":"y","origin":[7.26678,-8.1675,10.772]},"faces":{"north":{"uv":[0,9.62,4,15.62],"texture":"#1"},"east":{"uv":[16,15.54,15.54,16],"texture":"#1"},"south":{"uv":[4,9.62,0,15.62],"texture":"#1"},"west":{"uv":[16,15.54,15.54,16],"texture":"#1"},"up":{"uv":[16,15.54,15.54,16],"rotation":90,"texture":"#1"},"down":{"uv":[16,15.54,15.54,16],"rotation":270,"texture":"#1"}}},{"from":[4.31402,-13.211,11.40875],"to":[7.39402,-8.591,11.40875],"rotation":{"angle":22.5,"axis":"y","origin":[7.26678,-12.2485,12.081]},"faces":{"north":{"uv":[7.88,0,11.88,6],"texture":"#1"},"east":{"uv":[16,15.54,15.54,16],"texture":"#1"},"south":{"uv":[11.88,0,7.88,6],"texture":"#1"},"west":{"uv":[16,15.54,15.54,16],"texture":"#1"},"up":{"uv":[16,15.54,15.54,16],"rotation":90,"texture":"#1"},"down":{"uv":[16,15.54,15.54,16],"rotation":270,"texture":"#1"}}},{"from":[4.46815,-8.02052,8.43492],"to":[4.6601,-7.54065,8.91479],"rotation":{"angle":45,"axis":"x","origin":[4.46815,-7.63662,8.53089]},"faces":{"north":{"uv":[15.24,12.57,15.33,12.81],"texture":"#0"},"east":{"uv":[15.24,4.95,15.48,5.19],"texture":"#0"},"south":{"uv":[15.24,12.95,15.33,13.19],"texture":"#0"},"west":{"uv":[5.33,15.24,5.57,15.48],"texture":"#0"},"up":{"uv":[13.43,15.48,13.33,15.24],"texture":"#0"},"down":{"uv":[15.33,13.33,15.24,13.57],"texture":"#0"}}},{"from":[4.53129,-9.38891,10.93025],"to":[4.91518,-7.46942,11.50609],"rotation":{"angle":45,"axis":"z","origin":[8,-8.44281,11.21817]},"faces":{"north":{"uv":[12.57,14.48,12.76,15.43],"texture":"#0"},"east":{"uv":[11.81,14.1,12.1,15.05],"texture":"#0"},"south":{"uv":[12.95,14.48,13.14,15.43],"texture":"#0"},"west":{"uv":[12.19,14.1,12.48,15.05],"texture":"#0"},"up":{"uv":[6.67,15.52,6.48,15.24],"texture":"#0"},"down":{"uv":[7.05,15.24,6.86,15.52],"texture":"#0"}}},{"from":[4.535,-7.7825,7.5765],"to":[6.075,-6.2425,9.5015],"rotation":{"angle":0,"axis":"y","origin":[1.84,-17.6,1.84]},"faces":{"north":{"uv":[13.33,6.1,14.1,6.86],"texture":"#0"},"east":{"uv":[12.95,9.9,13.9,10.67],"texture":"#0"},"south":{"uv":[13.33,6.86,14.1,7.62],"texture":"#0"},"west":{"uv":[12.95,10.67,13.9,11.43],"texture":"#0"},"up":{"uv":[11.81,13.9,11.05,12.95],"texture":"#0"},"down":{"uv":[12.57,12.95,11.81,13.9],"texture":"#0"}}},{"from":[4.54493,-7.86696,8.1278],"to":[4.54493,-6.63849,8.89559],"rotation":{"angle":0,"axis":"y","origin":[1.84,-17.6,1.84]},"faces":{"north":{"uv":[0,0,0,0.62],"texture":"#0"},"east":{"uv":[6.48,14.48,6.86,15.1],"texture":"#0"},"south":{"uv":[0,0,0,0.62],"texture":"#0"},"west":{"uv":[6.86,14.48,7.24,15.1],"texture":"#0"},"up":{"uv":[0,0.38,0,0],"texture":"#0"},"down":{"uv":[0,0,0,0.38],"texture":"#0"}}},{"from":[4.55425,-5.973,7.384],"to":[6.67175,-5.973,9.694],"rotation":{"angle":0,"axis":"y","origin":[1.84,-17.6,1.84]},"faces":{"north":{"uv":[0,0,1.05,0],"texture":"#0"},"east":{"uv":[0,0,1.14,0],"texture":"#0"},"south":{"uv":[0,0,1.05,0],"texture":"#0"},"west":{"uv":[0,0,1.14,0],"texture":"#0"},"up":{"uv":[14,1.9,12.95,0.76],"texture":"#0"},"down":{"uv":[2.95,12.95,1.9,14.1],"texture":"#0"}}},{"from":[4.6409,-9.40255,6.9953],"to":[6.56039,-6.33137,10.06648],"rotation":{"angle":0,"axis":"y","origin":[1.84,-17.6,1.84]},"faces":{"north":{"uv":[11.05,11.43,12,12.95],"texture":"#0"},"east":{"uv":[10.67,3.05,12.19,4.57],"texture":"#0"},"south":{"uv":[12.19,3.05,13.14,4.57],"texture":"#0"},"west":{"uv":[10.67,4.57,12.19,6.1],"texture":"#0"},"up":{"uv":[13.14,6.1,12.19,4.57],"texture":"#0"},"down":{"uv":[13.14,6.1,12.19,7.62],"texture":"#0"}}},{"from":[4.77527,-9.78645,7.18725],"to":[6.36844,-9.40255,9.87453],"rotation":{"angle":0,"axis":"y","origin":[1.84,-17.6,1.84]},"faces":{"north":{"uv":[14.86,6.48,15.64,6.67],"texture":"#0"},"east":{"uv":[0,14.48,1.33,14.67],"texture":"#0"},"south":{"uv":[14.86,6.86,15.64,7.05],"texture":"#0"},"west":{"uv":[1.52,14.48,2.86,14.67],"texture":"#0"},"up":{"uv":[4.98,14.29,4.19,12.95],"texture":"#0"},"down":{"uv":[6.12,12.95,5.33,14.29],"texture":"#0"}}},{"from":[4.91518,-9.00501,10.93025],"to":[5.68298,-7.85332,11.50609],"rotation":{"angle":45,"axis":"z","origin":[8,-8.44281,11.21817]},"faces":{"north":{"uv":[7.62,14.48,8,15.05],"texture":"#0"},"east":{"uv":[1.9,14.86,2.19,15.43],"texture":"#0"},"south":{"uv":[8,14.48,8.38,15.05],"texture":"#0"},"west":{"uv":[2.29,14.86,2.57,15.43],"texture":"#0"},"up":{"uv":[15.62,1.05,15.24,0.76],"texture":"#0"},"down":{"uv":[15.62,1.14,15.24,1.43],"texture":"#0"}}},{"from":[5.31272,-7.86696,6.89933],"to":[6.08052,-6.63849,6.89933],"rotation":{"angle":0,"axis":"y","origin":[1.84,-17.6,1.84]},"faces":{"north":{"uv":[4.19,14.48,4.57,15.1],"texture":"#0"},"east":{"uv":[0,0,0,0.62],"texture":"#0"},"south":{"uv":[4.57,14.48,4.95,15.1],"texture":"#0"},"west":{"uv":[0,0,0,0.62],"texture":"#0"},"up":{"uv":[0.38,0,0,0],"texture":"#0"},"down":{"uv":[0.38,0,0,0],"texture":"#0"}}},{"from":[5.31272,-7.86696,10.16245],"to":[6.08052,-6.63849,10.16245],"rotation":{"angle":0,"axis":"y","origin":[1.84,-17.6,1.84]},"faces":{"north":{"uv":[6.1,14.48,6.48,15.1],"texture":"#0"},"east":{"uv":[0,0,0,0.62],"texture":"#0"},"south":{"uv":[14.48,6.1,14.86,6.71],"texture":"#0"},"west":{"uv":[0,0,0,0.62],"texture":"#0"},"up":{"uv":[0.38,0,0,0],"texture":"#0"},"down":{"uv":[0.38,0,0,0],"texture":"#0"}}},{"from":[5.60064,-8.02052,6.80336],"to":[6.08052,-7.54065,6.9953],"rotation":{"angle":-45,"axis":"z","origin":[5.69662,-7.63662,6.80336]},"faces":{"north":{"uv":[15.24,2.67,15.48,2.9],"texture":"#0"},"east":{"uv":[15.24,8.38,15.33,8.62],"texture":"#0"},"south":{"uv":[3.05,15.24,3.29,15.48],"texture":"#0"},"west":{"uv":[8.76,15.24,8.86,15.48],"texture":"#0"},"up":{"uv":[15.48,8.86,15.24,8.76],"texture":"#0"},"down":{"uv":[9.38,15.24,9.14,15.33],"texture":"#0"}}},{"from":[5.60064,-8.02052,10.06648],"to":[6.08052,-7.54065,10.25843],"rotation":{"angle":-45,"axis":"z","origin":[5.69662,-7.63662,10.25843]},"faces":{"north":{"uv":[15.24,4.57,15.48,4.81],"texture":"#0"},"east":{"uv":[11.81,15.24,11.9,15.48],"texture":"#0"},"south":{"uv":[4.95,15.24,5.19,15.48],"texture":"#0"},"west":{"uv":[15.24,11.81,15.33,12.05],"texture":"#0"},"up":{"uv":[12.43,15.33,12.19,15.24],"texture":"#0"},"down":{"uv":[15.48,12.19,15.24,12.29],"texture":"#0"}}},{"from":[5.68298,-9.38891,10.83427],"to":[6.45077,-7.46942,11.60207],"rotation":{"angle":45,"axis":"z","origin":[8,-8.44281,11.21817]},"faces":{"north":{"uv":[3.43,14.1,3.81,15.05],"texture":"#0"},"east":{"uv":[3.81,14.1,4.19,15.05],"texture":"#0"},"south":{"uv":[14.1,5.33,14.48,6.29],"texture":"#0"},"west":{"uv":[14.1,6.48,14.48,7.43],"texture":"#0"},"up":{"uv":[15.24,14.1,14.86,13.71],"texture":"#0"},"down":{"uv":[14.48,14.86,14.1,15.24],"texture":"#0"}}},{"from":[5.69262,-9.41219,10.84387],"to":[6.46042,-7.49271,11.59247],"rotation":{"angle":0,"axis":"y","origin":[1.84,-17.6,1.84]},"faces":{"north":{"uv":[14.1,3.81,15.05,4.19],"rotation":90,"texture":"#0"},"east":{"uv":[15.05,4.95,14.1,5.33],"rotation":270,"texture":"#0"},"south":{"uv":[14.1,4.19,15.05,4.57],"rotation":270,"texture":"#0"},"west":{"uv":[15.05,4.95,14.1,4.57],"rotation":270,"texture":"#0"},"up":{"uv":[14.86,13.33,15.24,13.71],"rotation":270,"texture":"#0"},"down":{"uv":[13.71,14.86,14.1,15.24],"rotation":270,"texture":"#0"}}},{"from":[5.98454,-12.28178,7.28323],"to":[10.01546,-11.51398,9.77856],"rotation":{"angle":0,"axis":"y","origin":[1.84,-17.6,1.84]},"faces":{"north":{"uv":[12.95,9.14,14.95,9.52],"texture":"#0"},"east":{"uv":[0,13.71,1.24,14.1],"texture":"#0"},"south":{"uv":[12.95,9.52,14.95,9.9],"texture":"#0"},"west":{"uv":[13.71,7.62,14.95,8],"texture":"#0"},"up":{"uv":[12.67,1.24,10.67,0],"texture":"#0"},"down":{"uv":[12.67,1.52,10.67,2.76],"texture":"#0"}}},{"from":[6.17649,-14.58516,7.3792],"to":[9.82351,-6.52332,7.3792],"rotation":{"angle":0,"axis":"y","origin":[1.84,-17.6,1.84]},"faces":{"north":{"uv":[8.76,0,10.57,4],"texture":"#0"},"east":{"uv":[8.76,8.38,9.9,12.38],"texture":"#0"},"south":{"uv":[10.57,0,8.76,4],"texture":"#0"},"west":{"uv":[9.9,8.38,11.05,12.38],"texture":"#0"},"up":{"uv":[12.86,10.29,11.05,9.14],"texture":"#0"},"down":{"uv":[12.86,10.29,11.05,11.43],"texture":"#0"}}},{"from":[6.17649,-14.58516,9.68258],"to":[9.82351,-6.52332,9.68258],"rotation":{"angle":0,"axis":"y","origin":[1.84,-17.6,1.84]},"faces":{"north":{"uv":[10.57,4.19,8.76,8.19],"texture":"#0"},"east":{"uv":[8.76,8.38,9.9,12.38],"texture":"#0"},"south":{"uv":[8.76,4.19,10.57,8.19],"texture":"#0"},"west":{"uv":[9.9,8.38,11.05,12.38],"texture":"#0"},"up":{"uv":[12.86,10.29,11.05,9.14],"texture":"#0"},"down":{"uv":[12.86,10.29,11.05,11.43],"texture":"#0"}}},{"from":[6.17649,-6.52332,7.3792],"to":[9.82351,-4.98773,7.3792],"rotation":{"angle":0,"axis":"y","origin":[1.84,-17.6,1.84]},"faces":{"north":{"uv":[0,12.95,1.81,13.71],"texture":"#0"},"east":{"uv":[0,0,0,0.76],"texture":"#0"},"south":{"uv":[12.95,0,14.76,0.76],"texture":"#0"},"west":{"uv":[0,0,0,0.76],"texture":"#0"},"up":{"uv":[1.81,0,0,0],"texture":"#0"},"down":{"uv":[1.81,0,0,0],"texture":"#0"}}},{"from":[6.17649,-6.52332,7.3792],"to":[9.82351,-6.52332,9.68258],"rotation":{"angle":0,"axis":"y","origin":[1.84,-17.6,1.84]},"faces":{"north":{"uv":[8.76,0,10.57,4],"texture":"#0"},"east":{"uv":[8.76,8.38,9.9,12.38],"texture":"#0"},"south":{"uv":[8.76,4.19,10.57,8.19],"texture":"#0"},"west":{"uv":[9.9,8.38,11.05,12.38],"texture":"#0"},"up":{"uv":[12.86,10.29,11.05,9.14],"texture":"#0"},"down":{"uv":[12.86,9.14,11.05,10.29],"texture":"#0"}}},{"from":[6.17649,-14.58516,7.3792],"to":[6.17649,-6.52332,9.68258],"rotation":{"angle":0,"axis":"y","origin":[1.84,-17.6,1.84]},"faces":{"north":{"uv":[10.57,0,8.76,4],"texture":"#0"},"east":{"uv":[11.05,8.38,9.9,12.38],"texture":"#0"},"south":{"uv":[10.57,4.19,8.76,8.19],"texture":"#0"},"west":{"uv":[9.9,8.38,8.76,12.38],"texture":"#0"},"up":{"uv":[11.05,10.29,12.86,9.14],"texture":"#0"},"down":{"uv":[11.05,10.29,12.86,11.43],"texture":"#0"}}},{"from":[7.03061,-10.75018,10.84387],"to":[8.9501,-9.98239,11.59247],"rotation":{"angle":0,"axis":"y","origin":[1.84,-17.6,1.84]},"faces":{"north":{"uv":[13.71,12.95,14.67,13.33],"texture":"#0"},"east":{"uv":[14.86,8.38,15.24,8.76],"texture":"#0"},"south":{"uv":[13.71,13.33,14.67,13.71],"texture":"#0"},"west":{"uv":[14.86,8.76,15.24,9.14],"texture":"#0"},"up":{"uv":[14.67,14.1,13.71,13.71],"texture":"#0"},"down":{"uv":[0.95,14.1,0,14.48],"texture":"#0"}}},{"from":[7.04026,-10.74619,10.83427],"to":[8.95974,-9.97839,11.60207],"rotation":{"angle":45,"axis":"z","origin":[8,-8.44281,11.21817]},"faces":{"north":{"uv":[14.1,9.9,15.05,10.29],"texture":"#0"},"east":{"uv":[14.86,14.86,15.24,15.24],"texture":"#0"},"south":{"uv":[10.29,14.1,11.24,14.48],"texture":"#0"},"west":{"uv":[0,15.24,0.38,15.62],"texture":"#0"},"up":{"uv":[15.05,10.67,14.1,10.29],"texture":"#0"},"down":{"uv":[15.05,10.67,14.1,11.05],"texture":"#0"}}},{"from":[7.04026,-6.87994,10.83427],"to":[8.95974,-6.11214,11.60207],"rotation":{"angle":45,"axis":"z","origin":[8,-8.44281,11.21817]},"faces":{"north":{"uv":[14.1,0.76,15.05,1.14],"texture":"#0"},"east":{"uv":[10.29,14.86,10.67,15.24],"texture":"#0"},"south":{"uv":[1.14,14.1,2.1,14.48],"texture":"#0"},"west":{"uv":[10.67,14.86,11.05,15.24],"texture":"#0"},"up":{"uv":[15.05,1.52,14.1,1.14],"texture":"#0"},"down":{"uv":[15.05,1.52,14.1,1.9],"texture":"#0"}}},{"from":[7.04026,-11.92516,10.93025],"to":[8.95974,-11.54126,11.50609],"rotation":{"angle":45,"axis":"z","origin":[8,-8.44281,11.21817]},"faces":{"north":{"uv":[0,14.86,0.95,15.05],"texture":"#0"},"east":{"uv":[15.24,7.62,15.52,7.81],"texture":"#0"},"south":{"uv":[14.86,0,15.81,0.19],"texture":"#0"},"west":{"uv":[8,15.24,8.29,15.43],"texture":"#0"},"up":{"uv":[15.05,12.86,14.1,12.57],"texture":"#0"},"down":{"uv":[14.67,14.1,13.71,14.38],"texture":"#0"}}},{"from":[7.04026,-5.34435,10.93025],"to":[8.95974,-4.96045,11.50609],"rotation":{"angle":45,"axis":"z","origin":[8,-8.44281,11.21817]},"faces":{"north":{"uv":[13.33,14.48,14.29,14.67],"texture":"#0"},"east":{"uv":[7.24,15.24,7.52,15.43],"texture":"#0"},"south":{"uv":[14.48,14.48,15.43,14.67],"texture":"#0"},"west":{"uv":[7.62,15.24,7.9,15.43],"texture":"#0"},"up":{"uv":[15.05,12.48,14.1,12.19],"texture":"#0"},"down":{"uv":[13.52,14.1,12.57,14.38],"texture":"#0"}}},{"from":[7.0499,-6.90322,10.84387],"to":[8.96939,-6.13543,11.59247],"rotation":{"angle":0,"axis":"y","origin":[1.84,-17.6,1.84]},"faces":{"north":{"uv":[14.1,1.9,15.05,2.29],"texture":"#0"},"east":{"uv":[14.86,12.95,15.24,13.33],"texture":"#0"},"south":{"uv":[2.29,14.1,3.24,14.48],"texture":"#0"},"west":{"uv":[13.33,14.86,13.71,15.24],"texture":"#0"},"up":{"uv":[15.05,2.67,14.1,2.29],"texture":"#0"},"down":{"uv":[15.05,2.67,14.1,3.05],"texture":"#0"}}},{"from":[7.23,-16,10.5025],"to":[24.94,-3.74,10.5025],"rotation":{"angle":0,"axis":"y","origin":[1.84,-17.6,1.84]},"faces":{"north":{"uv":[8.76,0,0,6.48],"texture":"#0"},"east":{"uv":[0,0,0,6.48],"texture":"#0"},"south":{"uv":[0,0,8.76,6.48],"texture":"#0"},"west":{"uv":[0,0,0,6.48],"texture":"#0"},"up":{"uv":[0,0,8.76,0],"texture":"#0"},"down":{"uv":[0,0,8.76,0],"texture":"#0"}}},{"from":[7.42415,-11.54126,10.93025],"to":[8.57585,-10.77347,11.50609],"rotation":{"angle":45,"axis":"z","origin":[8,-8.44281,11.21817]},"faces":{"north":{"uv":[14.48,11.43,15.05,11.81],"texture":"#0"},"east":{"uv":[15.24,2.29,15.52,2.67],"texture":"#0"},"south":{"uv":[14.48,11.81,15.05,12.19],"texture":"#0"},"west":{"uv":[2.67,15.24,2.95,15.62],"texture":"#0"},"up":{"uv":[15.43,6,14.86,5.71],"texture":"#0"},"down":{"uv":[15.43,6.1,14.86,6.38],"texture":"#0"}}},{"from":[7.42415,-6.11214,10.93025],"to":[8.57585,-5.34435,11.50609],"rotation":{"angle":45,"axis":"z","origin":[8,-8.44281,11.21817]},"faces":{"north":{"uv":[10.29,14.48,10.86,14.86],"texture":"#0"},"east":{"uv":[15.24,1.52,15.52,1.9],"texture":"#0"},"south":{"uv":[14.48,11.05,15.05,11.43],"texture":"#0"},"west":{"uv":[15.24,1.9,15.52,2.29],"texture":"#0"},"up":{"uv":[15.43,0.67,14.86,0.38],"texture":"#0"},"down":{"uv":[15.43,5.33,14.86,5.62],"texture":"#0"}}},{"from":[8.60598,-13.211,11.40875],"to":[11.68598,-8.591,11.40875],"rotation":{"angle":-22.5,"axis":"y","origin":[8.73322,-12.2485,12.081]},"faces":{"north":{"uv":[11.88,0,7.88,6],"texture":"#1"},"east":{"uv":[15.54,15.54,16,16],"texture":"#1"},"south":{"uv":[7.88,0,11.88,6],"texture":"#1"},"west":{"uv":[15.54,15.54,16,16],"texture":"#1"},"up":{"uv":[16,16,15.54,15.54],"rotation":90,"texture":"#1"},"down":{"uv":[16,16,15.54,15.54],"rotation":270,"texture":"#1"}}},{"from":[9.32825,-5.973,7.384],"to":[11.44575,-5.973,9.694],"rotation":{"angle":0,"axis":"y","origin":[1.84,-17.6,1.84]},"faces":{"north":{"uv":[0,0,1.05,0],"texture":"#0"},"east":{"uv":[0,0,1.14,0],"texture":"#0"},"south":{"uv":[0,0,1.05,0],"texture":"#0"},"west":{"uv":[0,0,1.14,0],"texture":"#0"},"up":{"uv":[14,3.05,12.95,1.9],"texture":"#0"},"down":{"uv":[4.1,12.95,3.05,14.1],"texture":"#0"}}},{"from":[9.43961,-9.40255,6.9953],"to":[11.3591,-6.33137,10.06648],"rotation":{"angle":0,"axis":"y","origin":[1.84,-17.6,1.84]},"faces":{"north":{"uv":[12.19,11.43,13.14,12.95],"texture":"#0"},"east":{"uv":[10.67,6.1,12.19,7.62],"texture":"#0"},"south":{"uv":[12.57,7.62,13.52,9.14],"texture":"#0"},"west":{"uv":[11.05,7.62,12.57,9.14],"texture":"#0"},"up":{"uv":[9.71,14.1,8.76,12.57],"texture":"#0"},"down":{"uv":[10.86,12.57,9.9,14.1],"texture":"#0"}}},{"from":[9.53958,-9.3929,10.84387],"to":[10.30738,-7.47342,11.59247],"rotation":{"angle":0,"axis":"y","origin":[1.84,-17.6,1.84]},"faces":{"north":{"uv":[13.71,8,14.67,8.38],"rotation":90,"texture":"#0"},"east":{"uv":[13.52,13.71,12.57,14.1],"rotation":270,"texture":"#0"},"south":{"uv":[13.71,8.38,14.67,8.76],"rotation":270,"texture":"#0"},"west":{"uv":[14.67,9.14,13.71,8.76],"rotation":270,"texture":"#0"},"up":{"uv":[1.52,13.71,1.9,14.1],"rotation":270,"texture":"#0"},"down":{"uv":[2.67,14.86,3.05,15.24],"rotation":270,"texture":"#0"}}},{"from":[9.54923,-9.38891,10.83427],"to":[10.31702,-7.46942,11.60207],"rotation":{"angle":45,"axis":"z","origin":[8,-8.44281,11.21817]},"faces":{"north":{"uv":[8.76,14.1,9.14,15.05],"texture":"#0"},"east":{"uv":[9.14,14.1,9.52,15.05],"texture":"#0"},"south":{"uv":[9.52,14.1,9.9,15.05],"texture":"#0"},"west":{"uv":[9.9,14.1,10.29,15.05],"texture":"#0"},"up":{"uv":[15.24,14.48,14.86,14.1],"texture":"#0"},"down":{"uv":[14.86,14.86,14.48,15.24],"texture":"#0"}}},{"from":[9.63156,-9.78645,7.18725],"to":[11.22473,-9.40255,9.87453],"rotation":{"angle":0,"axis":"y","origin":[1.84,-17.6,1.84]},"faces":{"north":{"uv":[14.86,7.24,15.64,7.43],"texture":"#0"},"east":{"uv":[14.48,3.05,15.81,3.24],"texture":"#0"},"south":{"uv":[14.86,8,15.64,8.19],"texture":"#0"},"west":{"uv":[14.48,3.43,15.81,3.62],"texture":"#0"},"up":{"uv":[7.26,14.29,6.48,12.95],"texture":"#0"},"down":{"uv":[8.4,12.95,7.62,14.29],"texture":"#0"}}},{"from":[9.82351,-14.58516,7.3792],"to":[9.82351,-6.52332,9.68258],"rotation":{"angle":0,"axis":"y","origin":[1.84,-17.6,1.84]},"faces":{"north":{"uv":[8.76,0,10.57,4],"texture":"#0"},"east":{"uv":[8.76,8.38,9.9,12.38],"texture":"#0"},"south":{"uv":[8.76,4.19,10.57,8.19],"texture":"#0"},"west":{"uv":[9.9,8.38,11.05,12.38],"texture":"#0"},"up":{"uv":[12.86,10.29,11.05,9.14],"texture":"#0"},"down":{"uv":[12.86,10.29,11.05,11.43],"texture":"#0"}}},{"from":[9.86142,-9.823,10.83361],"to":[12.94142,-5.203,10.83361],"rotation":{"angle":-22.5,"axis":"y","origin":[8.73322,-8.1675,10.772]},"faces":{"north":{"uv":[4,9.62,0,15.62],"texture":"#1"},"east":{"uv":[15.54,15.54,16,16],"texture":"#1"},"south":{"uv":[0,9.62,4,15.62],"texture":"#1"},"west":{"uv":[15.54,15.54,16,16],"texture":"#1"},"up":{"uv":[16,16,15.54,15.54],"rotation":90,"texture":"#1"},"down":{"uv":[16,16,15.54,15.54],"rotation":270,"texture":"#1"}}},{"from":[9.91948,-8.02052,6.80336],"to":[10.39936,-7.54065,6.9953],"rotation":{"angle":45,"axis":"z","origin":[10.30338,-7.63662,6.80336]},"faces":{"north":{"uv":[3.43,15.24,3.67,15.48],"texture":"#0"},"east":{"uv":[15.24,9.14,15.33,9.38],"texture":"#0"},"south":{"uv":[3.81,15.24,4.05,15.48],"texture":"#0"},"west":{"uv":[9.52,15.24,9.62,15.48],"texture":"#0"},"up":{"uv":[15.48,9.62,15.24,9.52],"texture":"#0"},"down":{"uv":[10.14,15.24,9.9,15.33],"texture":"#0"}}},{"from":[9.91948,-8.02052,10.06648],"to":[10.39936,-7.54065,10.25843],"rotation":{"angle":45,"axis":"z","origin":[10.30338,-7.63662,10.25843]},"faces":{"north":{"uv":[15.24,4.19,15.48,4.43],"texture":"#0"},"east":{"uv":[15.24,10.67,15.33,10.9],"texture":"#0"},"south":{"uv":[4.57,15.24,4.81,15.48],"texture":"#0"},"west":{"uv":[15.24,11.05,15.33,11.29],"texture":"#0"},"up":{"uv":[11.67,15.33,11.43,15.24],"texture":"#0"},"down":{"uv":[15.48,11.43,15.24,11.52],"texture":"#0"}}},{"from":[9.91948,-7.86696,6.89933],"to":[10.68728,-6.63849,6.89933],"rotation":{"angle":0,"axis":"y","origin":[1.84,-17.6,1.84]},"faces":{"north":{"uv":[10.67,7.62,11.05,8.24],"texture":"#0"},"east":{"uv":[0,0,0,0.62],"texture":"#0"},"south":{"uv":[3.05,14.48,3.43,15.1],"texture":"#0"},"west":{"uv":[0,0,0,0.62],"texture":"#0"},"up":{"uv":[0.38,0,0,0],"texture":"#0"},"down":{"uv":[0.38,0,0,0],"texture":"#0"}}},{"from":[9.91948,-7.86696,10.16245],"to":[10.68728,-6.63849,10.16245],"rotation":{"angle":0,"axis":"y","origin":[1.84,-17.6,1.84]},"faces":{"north":{"uv":[14.48,5.33,14.86,5.95],"texture":"#0"},"east":{"uv":[0,0,0,0.62],"texture":"#0"},"south":{"uv":[5.71,14.48,6.1,15.1],"texture":"#0"},"west":{"uv":[0,0,0,0.62],"texture":"#0"},"up":{"uv":[0.38,0,0,0],"texture":"#0"},"down":{"uv":[0.38,0,0,0],"texture":"#0"}}},{"from":[9.925,-7.7825,7.5765],"to":[11.465,-6.2425,9.5015],"rotation":{"angle":0,"axis":"y","origin":[1.84,-17.6,1.84]},"faces":{"north":{"uv":[13.33,11.43,14.1,12.19],"texture":"#0"},"east":{"uv":[12.57,12.95,13.52,13.71],"texture":"#0"},"south":{"uv":[13.33,12.19,14.1,12.95],"texture":"#0"},"west":{"uv":[13.33,3.05,14.29,3.81],"texture":"#0"},"up":{"uv":[14.1,4.76,13.33,3.81],"texture":"#0"},"down":{"uv":[14.1,4.95,13.33,5.9],"texture":"#0"}}},{"from":[10.31702,-9.00501,10.93025],"to":[11.08482,-7.85332,11.50609],"rotation":{"angle":45,"axis":"z","origin":[8,-8.44281,11.21817]},"faces":{"north":{"uv":[14.48,6.86,14.86,7.43],"texture":"#0"},"east":{"uv":[1.14,14.86,1.43,15.43],"texture":"#0"},"south":{"uv":[7.24,14.48,7.62,15.05],"texture":"#0"},"west":{"uv":[1.52,14.86,1.81,15.43],"texture":"#0"},"up":{"uv":[0.76,15.52,0.38,15.24],"texture":"#0"},"down":{"uv":[1.14,15.24,0.76,15.52],"texture":"#0"}}},{"from":[11.08482,-9.38891,10.93025],"to":[11.46871,-7.46942,11.50609],"rotation":{"angle":45,"axis":"z","origin":[8,-8.44281,11.21817]},"faces":{"north":{"uv":[8.38,14.48,8.57,15.43],"texture":"#0"},"east":{"uv":[14.1,11.05,14.38,12],"texture":"#0"},"south":{"uv":[11.05,14.48,11.24,15.43],"texture":"#0"},"west":{"uv":[11.43,14.1,11.71,15.05],"texture":"#0"},"up":{"uv":[5.9,15.52,5.71,15.24],"texture":"#0"},"down":{"uv":[6.29,15.24,6.1,15.52],"texture":"#0"}}},{"from":[11.30098,-7.898,10.28925],"to":[14.38098,-3.278,10.28925],"rotation":{"angle":22.5,"axis":"y","origin":[11.42822,-6.9355,9.617]},"faces":{"north":{"uv":[11.88,0,7.88,6],"texture":"#1"},"east":{"uv":[16,15.54,15.54,16],"texture":"#1"},"south":{"uv":[7.88,0,11.88,6],"texture":"#1"},"west":{"uv":[16,15.54,15.54,16],"texture":"#1"},"up":{"uv":[15.54,16,16,15.54],"rotation":90,"texture":"#1"},"down":{"uv":[15.54,16,16,15.54],"rotation":270,"texture":"#1"}}},{"from":[11.3399,-8.02052,8.43492],"to":[11.53185,-7.54065,8.91479],"rotation":{"angle":45,"axis":"x","origin":[11.53185,-7.63662,8.53089]},"faces":{"north":{"uv":[15.24,9.9,15.33,10.14],"texture":"#0"},"east":{"uv":[15.24,3.81,15.48,4.05],"texture":"#0"},"south":{"uv":[10.29,15.24,10.38,15.48],"texture":"#0"},"west":{"uv":[4.19,15.24,4.43,15.48],"texture":"#0"},"up":{"uv":[15.33,10.52,15.24,10.29],"texture":"#0"},"down":{"uv":[10.76,15.24,10.67,15.48],"texture":"#0"}}},{"from":[11.45507,-7.86696,8.1278],"to":[11.45507,-6.63849,8.89559],"rotation":{"angle":0,"axis":"y","origin":[1.84,-17.6,1.84]},"faces":{"north":{"uv":[0,0,0,0.62],"texture":"#0"},"east":{"uv":[4.95,14.48,5.33,15.1],"texture":"#0"},"south":{"uv":[0,0,0,0.62],"texture":"#0"},"west":{"uv":[5.33,14.48,5.71,15.1],"texture":"#0"},"up":{"uv":[0,0.38,0,0],"texture":"#0"},"down":{"uv":[0,0,0,0.38],"texture":"#0"}}},{"from":[12.55642,-8.591,9.55539],"to":[15.63642,-3.971,9.55539],"rotation":{"angle":22.5,"axis":"y","origin":[11.42822,-6.9355,9.617]},"faces":{"north":{"uv":[4,9.62,0,15.62],"texture":"#1"},"east":{"uv":[16,15.54,15.54,16],"texture":"#1"},"south":{"uv":[0,9.62,4,15.62],"texture":"#1"},"west":{"uv":[16,15.54,15.54,16],"texture":"#1"},"up":{"uv":[15.54,16,16,15.54],"rotation":90,"texture":"#1"},"down":{"uv":[15.54,16,16,15.54],"rotation":270,"texture":"#1"}}}],"gui_light":"front","display":{"thirdperson_righthand":{"rotation":[46.5,0,0],"translation":[0,1.25,-1.75],"scale":[0.51,0.51,0.51]},"thirdperson_lefthand":{"rotation":[67.75,0,0],"translation":[-6,-4.5,-0.25],"scale":[2.15,2.15,2.15]},"firstperson_righthand":{"rotation":[158,0,-180],"translation":[-8.75,3.25,2.5],"scale":[0.53,0.53,0.53]},"firstperson_lefthand":{"translation":[-2.25,3.25,1],"scale":[0,0,0]},"ground":{"rotation":[45,0,0],"translation":[-1.5,3,0],"scale":[0.45,0.45,0.45]},"gui":{"rotation":[-164,19,180],"translation":[-0.75,-3,0],"scale":[1.22,1.22,1.22]},"head":{"translation":[0,-45.25,-2],"scale":[4,4,4]},"fixed":{"translation":[0,-3.5,-7.25],"scale":[1.65,1.65,1.65]}}}